2025-01-12T19:04:35.418-0500 [DEBUG] [org.gradle.launcher.daemon.bootstrap.DaemonMain] Assuming the daemon was started with following jvm opts: [--add-opens=java.base/java.util=ALL-UNNAMED, --add-opens=java.base/java.lang=ALL-UNNAMED, --add-opens=java.base/java.lang.invoke=ALL-UNNAMED, --add-opens=java.prefs/java.util.prefs=ALL-UNNAMED, --add-opens=java.base/java.nio.charset=ALL-UNNAMED, --add-opens=java.base/java.net=ALL-UNNAMED, --add-opens=java.base/java.util.concurrent.atomic=ALL-UNNAMED, -XX:MaxMetaspaceSize=384m, -XX:+HeapDumpOnOutOfMemoryError, -Xms256m, -Xmx512m, -Dfile.encoding=windows-1252, -Duser.country=US, -Duser.language=en, -Duser.variant]
2025-01-12T19:04:35.524-0500 [DEBUG] [org.gradle.internal.nativeintegration.services.NativeServices] Native-platform posix files integration is not available. Continuing with fallback.
2025-01-12T19:04:35.531-0500 [INFO] [org.gradle.launcher.daemon.server.Daemon] start() called on daemon - DefaultDaemonContext[uid=bde09994-34e2-488f-a3c2-900c0bdf01b1,javaHome=C:\Program Files\Android\Android Studio\jbr,daemonRegistryDir=C:\Users\zemer\OneDrive - Drexel University\STAR Scholars\UnderWatch\Under Watch\daemon,pid=34516,idleTimeout=10800000,priority=NORMAL,applyInstrumentationAgent=true,daemonOpts=--add-opens=java.base/java.util=ALL-UNNAMED,--add-opens=java.base/java.lang=ALL-UNNAMED,--add-opens=java.base/java.lang.invoke=ALL-UNNAMED,--add-opens=java.prefs/java.util.prefs=ALL-UNNAMED,--add-opens=java.base/java.nio.charset=ALL-UNNAMED,--add-opens=java.base/java.net=ALL-UNNAMED,--add-opens=java.base/java.util.concurrent.atomic=ALL-UNNAMED,-XX:MaxMetaspaceSize=384m,-XX:+HeapDumpOnOutOfMemoryError,-Xms256m,-Xmx512m,-Dfile.encoding=windows-1252,-Duser.country=US,-Duser.language=en,-Duser.variant]
2025-01-12T19:04:35.602-0500 [DEBUG] [org.gradle.internal.remote.internal.inet.InetAddresses] Adding IP addresses for network interface Software Loopback Interface 1
2025-01-12T19:04:35.604-0500 [DEBUG] [org.gradle.internal.remote.internal.inet.InetAddresses] Is this a loopback interface? true
2025-01-12T19:04:35.604-0500 [DEBUG] [org.gradle.internal.remote.internal.inet.InetAddresses] Adding loopback address /127.0.0.1
2025-01-12T19:04:35.604-0500 [DEBUG] [org.gradle.internal.remote.internal.inet.InetAddresses] Adding loopback address /0:0:0:0:0:0:0:1
2025-01-12T19:04:35.605-0500 [DEBUG] [org.gradle.internal.remote.internal.inet.InetAddresses] Adding IP addresses for network interface TunnelBear Adapter V9
2025-01-12T19:04:35.607-0500 [DEBUG] [org.gradle.internal.remote.internal.inet.InetAddresses] Is this a loopback interface? false
2025-01-12T19:04:35.607-0500 [DEBUG] [org.gradle.internal.remote.internal.inet.InetAddresses] Adding remote address /fe80:0:0:0:5f4a:af1e:803a:8f41%eth0
2025-01-12T19:04:35.607-0500 [DEBUG] [org.gradle.internal.remote.internal.inet.InetAddresses] Adding IP addresses for network interface Microsoft 6to4 Adapter
2025-01-12T19:04:35.608-0500 [DEBUG] [org.gradle.internal.remote.internal.inet.InetAddresses] Is this a loopback interface? false
2025-01-12T19:04:35.609-0500 [DEBUG] [org.gradle.internal.remote.internal.inet.InetAddresses] Adding IP addresses for network interface Realtek(R) USB GbE Family Controller #2
2025-01-12T19:04:35.610-0500 [DEBUG] [org.gradle.internal.remote.internal.inet.InetAddresses] Is this a loopback interface? false
2025-01-12T19:04:35.610-0500 [DEBUG] [org.gradle.internal.remote.internal.inet.InetAddresses] Adding IP addresses for network interface WAN Miniport (IKEv2)
2025-01-12T19:04:35.611-0500 [DEBUG] [org.gradle.internal.remote.internal.inet.InetAddresses] Is this a loopback interface? false
2025-01-12T19:04:35.612-0500 [DEBUG] [org.gradle.internal.remote.internal.inet.InetAddresses] Adding IP addresses for network interface WAN Miniport (Network Monitor)
2025-01-12T19:04:35.613-0500 [DEBUG] [org.gradle.internal.remote.internal.inet.InetAddresses] Is this a loopback interface? false
2025-01-12T19:04:35.613-0500 [DEBUG] [org.gradle.internal.remote.internal.inet.InetAddresses] Adding IP addresses for network interface WAN Miniport (SSTP)
2025-01-12T19:04:35.614-0500 [DEBUG] [org.gradle.internal.remote.internal.inet.InetAddresses] Is this a loopback interface? false
2025-01-12T19:04:35.615-0500 [DEBUG] [org.gradle.internal.remote.internal.inet.InetAddresses] Adding IP addresses for network interface Realtek PCIe GbE Family Controller
2025-01-12T19:04:35.616-0500 [DEBUG] [org.gradle.internal.remote.internal.inet.InetAddresses] Is this a loopback interface? false
2025-01-12T19:04:35.616-0500 [DEBUG] [org.gradle.internal.remote.internal.inet.InetAddresses] Adding IP addresses for network interface WAN Miniport (PPPOE)
2025-01-12T19:04:35.617-0500 [DEBUG] [org.gradle.internal.remote.internal.inet.InetAddresses] Is this a loopback interface? false
2025-01-12T19:04:35.618-0500 [DEBUG] [org.gradle.internal.remote.internal.inet.InetAddresses] Adding IP addresses for network interface Microsoft IP-HTTPS Platform Adapter
2025-01-12T19:04:35.619-0500 [DEBUG] [org.gradle.internal.remote.internal.inet.InetAddresses] Is this a loopback interface? false
2025-01-12T19:04:35.619-0500 [DEBUG] [org.gradle.internal.remote.internal.inet.InetAddresses] Adding IP addresses for network interface WAN Miniport (PPTP)
2025-01-12T19:04:35.620-0500 [DEBUG] [org.gradle.internal.remote.internal.inet.InetAddresses] Is this a loopback interface? false
2025-01-12T19:04:35.621-0500 [DEBUG] [org.gradle.internal.remote.internal.inet.InetAddresses] Adding IP addresses for network interface Microsoft Wi-Fi Direct Virtual Adapter
2025-01-12T19:04:35.622-0500 [DEBUG] [org.gradle.internal.remote.internal.inet.InetAddresses] Is this a loopback interface? false
2025-01-12T19:04:35.622-0500 [DEBUG] [org.gradle.internal.remote.internal.inet.InetAddresses] Adding IP addresses for network interface Realtek USB GbE Family Controller
2025-01-12T19:04:35.624-0500 [DEBUG] [org.gradle.internal.remote.internal.inet.InetAddresses] Is this a loopback interface? false
2025-01-12T19:04:35.624-0500 [DEBUG] [org.gradle.internal.remote.internal.inet.InetAddresses] Adding remote address /fe80:0:0:0:a664:f0cb:8fe5:bbd6%eth4
2025-01-12T19:04:35.624-0500 [DEBUG] [org.gradle.internal.remote.internal.inet.InetAddresses] Adding IP addresses for network interface Cisco AnyConnect Secure Mobility Client Virtual Miniport Adapter for Windows x64
2025-01-12T19:04:35.626-0500 [DEBUG] [org.gradle.internal.remote.internal.inet.InetAddresses] Is this a loopback interface? false
2025-01-12T19:04:35.626-0500 [DEBUG] [org.gradle.internal.remote.internal.inet.InetAddresses] Adding remote address /10.246.149.126
2025-01-12T19:04:35.626-0500 [DEBUG] [org.gradle.internal.remote.internal.inet.InetAddresses] Adding remote address /fe80:0:0:0:389c:9b85:bc3e:78dd%eth5
2025-01-12T19:04:35.626-0500 [DEBUG] [org.gradle.internal.remote.internal.inet.InetAddresses] Adding remote address /fe80:0:0:0:6a12:97d0:2a77:4676%eth5
2025-01-12T19:04:35.626-0500 [DEBUG] [org.gradle.internal.remote.internal.inet.InetAddresses] Adding IP addresses for network interface Realtek 8852BE Wireless LAN WiFi 6 PCI-E NIC
2025-01-12T19:04:35.627-0500 [DEBUG] [org.gradle.internal.remote.internal.inet.InetAddresses] Is this a loopback interface? false
2025-01-12T19:04:35.628-0500 [DEBUG] [org.gradle.internal.remote.internal.inet.InetAddresses] Adding remote address /10.185.251.36
2025-01-12T19:04:35.628-0500 [DEBUG] [org.gradle.internal.remote.internal.inet.InetAddresses] Adding IP addresses for network interface Bluetooth Device (Personal Area Network)
2025-01-12T19:04:35.629-0500 [DEBUG] [org.gradle.internal.remote.internal.inet.InetAddresses] Is this a loopback interface? false
2025-01-12T19:04:35.629-0500 [DEBUG] [org.gradle.internal.remote.internal.inet.InetAddresses] Adding IP addresses for network interface Microsoft Teredo Tunneling Adapter
2025-01-12T19:04:35.630-0500 [DEBUG] [org.gradle.internal.remote.internal.inet.InetAddresses] Is this a loopback interface? false
2025-01-12T19:04:35.631-0500 [DEBUG] [org.gradle.internal.remote.internal.inet.InetAddresses] Adding IP addresses for network interface Microsoft Kernel Debug Network Adapter
2025-01-12T19:04:35.632-0500 [DEBUG] [org.gradle.internal.remote.internal.inet.InetAddresses] Is this a loopback interface? false
2025-01-12T19:04:35.632-0500 [DEBUG] [org.gradle.internal.remote.internal.inet.InetAddresses] Adding IP addresses for network interface WAN Miniport (IP)
2025-01-12T19:04:35.633-0500 [DEBUG] [org.gradle.internal.remote.internal.inet.InetAddresses] Is this a loopback interface? false
2025-01-12T19:04:35.634-0500 [DEBUG] [org.gradle.internal.remote.internal.inet.InetAddresses] Adding IP addresses for network interface WAN Miniport (L2TP)
2025-01-12T19:04:35.635-0500 [DEBUG] [org.gradle.internal.remote.internal.inet.InetAddresses] Is this a loopback interface? false
2025-01-12T19:04:35.635-0500 [DEBUG] [org.gradle.internal.remote.internal.inet.InetAddresses] Adding IP addresses for network interface Microsoft Wi-Fi Direct Virtual Adapter #2
2025-01-12T19:04:35.637-0500 [DEBUG] [org.gradle.internal.remote.internal.inet.InetAddresses] Is this a loopback interface? false
2025-01-12T19:04:35.637-0500 [DEBUG] [org.gradle.internal.remote.internal.inet.InetAddresses] Adding IP addresses for network interface WAN Miniport (IPv6)
2025-01-12T19:04:35.638-0500 [DEBUG] [org.gradle.internal.remote.internal.inet.InetAddresses] Is this a loopback interface? false
2025-01-12T19:04:35.639-0500 [DEBUG] [org.gradle.internal.remote.internal.inet.InetAddresses] Adding IP addresses for network interface TunnelBear Adapter V9-WFP Native MAC Layer LightWeight Filter-0000
2025-01-12T19:04:35.641-0500 [DEBUG] [org.gradle.internal.remote.internal.inet.InetAddresses] Is this a loopback interface? false
2025-01-12T19:04:35.641-0500 [DEBUG] [org.gradle.internal.remote.internal.inet.InetAddresses] Adding IP addresses for network interface TunnelBear Adapter V9-QoS Packet Scheduler-0000
2025-01-12T19:04:35.643-0500 [DEBUG] [org.gradle.internal.remote.internal.inet.InetAddresses] Is this a loopback interface? false
2025-01-12T19:04:35.643-0500 [DEBUG] [org.gradle.internal.remote.internal.inet.InetAddresses] Adding IP addresses for network interface TunnelBear Adapter V9-WFP 802.3 MAC Layer LightWeight Filter-0000
2025-01-12T19:04:35.645-0500 [DEBUG] [org.gradle.internal.remote.internal.inet.InetAddresses] Is this a loopback interface? false
2025-01-12T19:04:35.645-0500 [DEBUG] [org.gradle.internal.remote.internal.inet.InetAddresses] Adding IP addresses for network interface Realtek PCIe GbE Family Controller-WFP Native MAC Layer LightWeight Filter-0000
2025-01-12T19:04:35.647-0500 [DEBUG] [org.gradle.internal.remote.internal.inet.InetAddresses] Is this a loopback interface? false
2025-01-12T19:04:35.647-0500 [DEBUG] [org.gradle.internal.remote.internal.inet.InetAddresses] Adding IP addresses for network interface Realtek PCIe GbE Family Controller-QoS Packet Scheduler-0000
2025-01-12T19:04:35.649-0500 [DEBUG] [org.gradle.internal.remote.internal.inet.InetAddresses] Is this a loopback interface? false
2025-01-12T19:04:35.649-0500 [DEBUG] [org.gradle.internal.remote.internal.inet.InetAddresses] Adding IP addresses for network interface Realtek PCIe GbE Family Controller-WFP 802.3 MAC Layer LightWeight Filter-0000
2025-01-12T19:04:35.651-0500 [DEBUG] [org.gradle.internal.remote.internal.inet.InetAddresses] Is this a loopback interface? false
2025-01-12T19:04:35.651-0500 [DEBUG] [org.gradle.internal.remote.internal.inet.InetAddresses] Adding IP addresses for network interface Microsoft Wi-Fi Direct Virtual Adapter #2-WFP Native MAC Layer LightWeight Filter-0000
2025-01-12T19:04:35.653-0500 [DEBUG] [org.gradle.internal.remote.internal.inet.InetAddresses] Is this a loopback interface? false
2025-01-12T19:04:35.653-0500 [DEBUG] [org.gradle.internal.remote.internal.inet.InetAddresses] Adding IP addresses for network interface Microsoft Wi-Fi Direct Virtual Adapter-WFP Native MAC Layer LightWeight Filter-0000
2025-01-12T19:04:35.655-0500 [DEBUG] [org.gradle.internal.remote.internal.inet.InetAddresses] Is this a loopback interface? false
2025-01-12T19:04:35.655-0500 [DEBUG] [org.gradle.internal.remote.internal.inet.InetAddresses] Adding IP addresses for network interface Microsoft Wi-Fi Direct Virtual Adapter-Native WiFi Filter Driver-0000
2025-01-12T19:04:35.656-0500 [DEBUG] [org.gradle.internal.remote.internal.inet.InetAddresses] Is this a loopback interface? false
2025-01-12T19:04:35.656-0500 [DEBUG] [org.gradle.internal.remote.internal.inet.InetAddresses] Adding IP addresses for network interface Realtek 8852BE Wireless LAN WiFi 6 PCI-E NIC-WFP Native MAC Layer LightWeight Filter-0000
2025-01-12T19:04:35.657-0500 [DEBUG] [org.gradle.internal.remote.internal.inet.InetAddresses] Is this a loopback interface? false
2025-01-12T19:04:35.657-0500 [DEBUG] [org.gradle.internal.remote.internal.inet.InetAddresses] Adding IP addresses for network interface Realtek 8852BE Wireless LAN WiFi 6 PCI-E NIC-Virtual WiFi Filter Driver-0000
2025-01-12T19:04:35.659-0500 [DEBUG] [org.gradle.internal.remote.internal.inet.InetAddresses] Is this a loopback interface? false
2025-01-12T19:04:35.659-0500 [DEBUG] [org.gradle.internal.remote.internal.inet.InetAddresses] Adding IP addresses for network interface Realtek 8852BE Wireless LAN WiFi 6 PCI-E NIC-Native WiFi Filter Driver-0000
2025-01-12T19:04:35.660-0500 [DEBUG] [org.gradle.internal.remote.internal.inet.InetAddresses] Is this a loopback interface? false
2025-01-12T19:04:35.660-0500 [DEBUG] [org.gradle.internal.remote.internal.inet.InetAddresses] Adding IP addresses for network interface Realtek 8852BE Wireless LAN WiFi 6 PCI-E NIC-QoS Packet Scheduler-0000
2025-01-12T19:04:35.662-0500 [DEBUG] [org.gradle.internal.remote.internal.inet.InetAddresses] Is this a loopback interface? false
2025-01-12T19:04:35.662-0500 [DEBUG] [org.gradle.internal.remote.internal.inet.InetAddresses] Adding IP addresses for network interface Realtek 8852BE Wireless LAN WiFi 6 PCI-E NIC-WFP 802.3 MAC Layer LightWeight Filter-0000
2025-01-12T19:04:35.663-0500 [DEBUG] [org.gradle.internal.remote.internal.inet.InetAddresses] Is this a loopback interface? false
2025-01-12T19:04:35.663-0500 [DEBUG] [org.gradle.internal.remote.internal.inet.InetAddresses] Adding IP addresses for network interface Microsoft Wi-Fi Direct Virtual Adapter-QoS Packet Scheduler-0000
2025-01-12T19:04:35.664-0500 [DEBUG] [org.gradle.internal.remote.internal.inet.InetAddresses] Is this a loopback interface? false
2025-01-12T19:04:35.664-0500 [DEBUG] [org.gradle.internal.remote.internal.inet.InetAddresses] Adding IP addresses for network interface Microsoft Wi-Fi Direct Virtual Adapter-WFP 802.3 MAC Layer LightWeight Filter-0000
2025-01-12T19:04:35.666-0500 [DEBUG] [org.gradle.internal.remote.internal.inet.InetAddresses] Is this a loopback interface? false
2025-01-12T19:04:35.666-0500 [DEBUG] [org.gradle.internal.remote.internal.inet.InetAddresses] Adding IP addresses for network interface Microsoft Wi-Fi Direct Virtual Adapter #2-Native WiFi Filter Driver-0000
2025-01-12T19:04:35.667-0500 [DEBUG] [org.gradle.internal.remote.internal.inet.InetAddresses] Is this a loopback interface? false
2025-01-12T19:04:35.667-0500 [DEBUG] [org.gradle.internal.remote.internal.inet.InetAddresses] Adding IP addresses for network interface Microsoft Wi-Fi Direct Virtual Adapter #2-QoS Packet Scheduler-0000
2025-01-12T19:04:35.668-0500 [DEBUG] [org.gradle.internal.remote.internal.inet.InetAddresses] Is this a loopback interface? false
2025-01-12T19:04:35.669-0500 [DEBUG] [org.gradle.internal.remote.internal.inet.InetAddresses] Adding IP addresses for network interface Microsoft Wi-Fi Direct Virtual Adapter #2-WFP 802.3 MAC Layer LightWeight Filter-0000
2025-01-12T19:04:35.670-0500 [DEBUG] [org.gradle.internal.remote.internal.inet.InetAddresses] Is this a loopback interface? false
2025-01-12T19:04:35.670-0500 [DEBUG] [org.gradle.internal.remote.internal.inet.InetAddresses] Adding IP addresses for network interface Realtek USB GbE Family Controller-WFP Native MAC Layer LightWeight Filter-0000
2025-01-12T19:04:35.671-0500 [DEBUG] [org.gradle.internal.remote.internal.inet.InetAddresses] Is this a loopback interface? false
2025-01-12T19:04:35.671-0500 [DEBUG] [org.gradle.internal.remote.internal.inet.InetAddresses] Adding IP addresses for network interface Realtek USB GbE Family Controller-QoS Packet Scheduler-0000
2025-01-12T19:04:35.673-0500 [DEBUG] [org.gradle.internal.remote.internal.inet.InetAddresses] Is this a loopback interface? false
2025-01-12T19:04:35.673-0500 [DEBUG] [org.gradle.internal.remote.internal.inet.InetAddresses] Adding IP addresses for network interface Realtek USB GbE Family Controller-WFP 802.3 MAC Layer LightWeight Filter-0000
2025-01-12T19:04:35.674-0500 [DEBUG] [org.gradle.internal.remote.internal.inet.InetAddresses] Is this a loopback interface? false
2025-01-12T19:04:35.674-0500 [DEBUG] [org.gradle.internal.remote.internal.inet.InetAddresses] Adding IP addresses for network interface WAN Miniport (IP)-WFP Native MAC Layer LightWeight Filter-0000
2025-01-12T19:04:35.675-0500 [DEBUG] [org.gradle.internal.remote.internal.inet.InetAddresses] Is this a loopback interface? false
2025-01-12T19:04:35.676-0500 [DEBUG] [org.gradle.internal.remote.internal.inet.InetAddresses] Adding IP addresses for network interface WAN Miniport (IP)-QoS Packet Scheduler-0000
2025-01-12T19:04:35.677-0500 [DEBUG] [org.gradle.internal.remote.internal.inet.InetAddresses] Is this a loopback interface? false
2025-01-12T19:04:35.677-0500 [DEBUG] [org.gradle.internal.remote.internal.inet.InetAddresses] Adding IP addresses for network interface WAN Miniport (IPv6)-WFP Native MAC Layer LightWeight Filter-0000
2025-01-12T19:04:35.678-0500 [DEBUG] [org.gradle.internal.remote.internal.inet.InetAddresses] Is this a loopback interface? false
2025-01-12T19:04:35.678-0500 [DEBUG] [org.gradle.internal.remote.internal.inet.InetAddresses] Adding IP addresses for network interface WAN Miniport (IPv6)-QoS Packet Scheduler-0000
2025-01-12T19:04:35.680-0500 [DEBUG] [org.gradle.internal.remote.internal.inet.InetAddresses] Is this a loopback interface? false
2025-01-12T19:04:35.680-0500 [DEBUG] [org.gradle.internal.remote.internal.inet.InetAddresses] Adding IP addresses for network interface WAN Miniport (Network Monitor)-WFP Native MAC Layer LightWeight Filter-0000
2025-01-12T19:04:35.681-0500 [DEBUG] [org.gradle.internal.remote.internal.inet.InetAddresses] Is this a loopback interface? false
2025-01-12T19:04:35.681-0500 [DEBUG] [org.gradle.internal.remote.internal.inet.InetAddresses] Adding IP addresses for network interface WAN Miniport (Network Monitor)-QoS Packet Scheduler-0000
2025-01-12T19:04:35.682-0500 [DEBUG] [org.gradle.internal.remote.internal.inet.InetAddresses] Is this a loopback interface? false
2025-01-12T19:04:35.682-0500 [DEBUG] [org.gradle.internal.remote.internal.inet.InetAddresses] Adding IP addresses for network interface Cisco AnyConnect Secure Mobility Client Virtual Miniport Adapter for Windows x64-WFP Native MAC Layer LightWeight Filter-0000
2025-01-12T19:04:35.684-0500 [DEBUG] [org.gradle.internal.remote.internal.inet.InetAddresses] Is this a loopback interface? false
2025-01-12T19:04:35.684-0500 [DEBUG] [org.gradle.internal.remote.internal.inet.InetAddresses] Adding IP addresses for network interface Cisco AnyConnect Secure Mobility Client Virtual Miniport Adapter for Windows x64-QoS Packet Scheduler-0000
2025-01-12T19:04:35.685-0500 [DEBUG] [org.gradle.internal.remote.internal.inet.InetAddresses] Is this a loopback interface? false
2025-01-12T19:04:35.685-0500 [DEBUG] [org.gradle.internal.remote.internal.inet.InetAddresses] Adding IP addresses for network interface Cisco AnyConnect Secure Mobility Client Virtual Miniport Adapter for Windows x64-WFP 802.3 MAC Layer LightWeight Filter-0000
2025-01-12T19:04:35.687-0500 [DEBUG] [org.gradle.internal.remote.internal.inet.InetAddresses] Is this a loopback interface? false
2025-01-12T19:04:35.691-0500 [DEBUG] [org.gradle.internal.remote.internal.inet.TcpIncomingConnector] Listening on [e0055b28-ef8e-40a3-a01a-d0ca9b03dd25 port:50480, addresses:[localhost/127.0.0.1]].
2025-01-12T19:04:35.695-0500 [DEBUG] [org.gradle.launcher.daemon.server.Daemon] Daemon starting at: Sun Jan 12 19:04:35 EST 2025, with address: [e0055b28-ef8e-40a3-a01a-d0ca9b03dd25 port:50480, addresses:[localhost/127.0.0.1]]
2025-01-12T19:04:35.695-0500 [INFO] [org.gradle.launcher.daemon.server.DaemonRegistryUpdater] Advertising the daemon address to the clients: [e0055b28-ef8e-40a3-a01a-d0ca9b03dd25 port:50480, addresses:[localhost/127.0.0.1]]
2025-01-12T19:04:35.695-0500 [DEBUG] [org.gradle.launcher.daemon.server.DaemonRegistryUpdater] Advertised daemon context: DefaultDaemonContext[uid=bde09994-34e2-488f-a3c2-900c0bdf01b1,javaHome=C:\Program Files\Android\Android Studio\jbr,daemonRegistryDir=C:\Users\zemer\OneDrive - Drexel University\STAR Scholars\UnderWatch\Under Watch\daemon,pid=34516,idleTimeout=10800000,priority=NORMAL,applyInstrumentationAgent=true,daemonOpts=--add-opens=java.base/java.util=ALL-UNNAMED,--add-opens=java.base/java.lang=ALL-UNNAMED,--add-opens=java.base/java.lang.invoke=ALL-UNNAMED,--add-opens=java.prefs/java.util.prefs=ALL-UNNAMED,--add-opens=java.base/java.nio.charset=ALL-UNNAMED,--add-opens=java.base/java.net=ALL-UNNAMED,--add-opens=java.base/java.util.concurrent.atomic=ALL-UNNAMED,-XX:MaxMetaspaceSize=384m,-XX:+HeapDumpOnOutOfMemoryError,-Xms256m,-Xmx512m,-Dfile.encoding=windows-1252,-Duser.country=US,-Duser.language=en,-Duser.variant]
2025-01-12T19:04:35.696-0500 [DEBUG] [org.gradle.launcher.daemon.registry.PersistentDaemonRegistry] Storing daemon address: [e0055b28-ef8e-40a3-a01a-d0ca9b03dd25 port:50480, addresses:[localhost/127.0.0.1]], context: DefaultDaemonContext[uid=bde09994-34e2-488f-a3c2-900c0bdf01b1,javaHome=C:\Program Files\Android\Android Studio\jbr,daemonRegistryDir=C:\Users\zemer\OneDrive - Drexel University\STAR Scholars\UnderWatch\Under Watch\daemon,pid=34516,idleTimeout=10800000,priority=NORMAL,applyInstrumentationAgent=true,daemonOpts=--add-opens=java.base/java.util=ALL-UNNAMED,--add-opens=java.base/java.lang=ALL-UNNAMED,--add-opens=java.base/java.lang.invoke=ALL-UNNAMED,--add-opens=java.prefs/java.util.prefs=ALL-UNNAMED,--add-opens=java.base/java.nio.charset=ALL-UNNAMED,--add-opens=java.base/java.net=ALL-UNNAMED,--add-opens=java.base/java.util.concurrent.atomic=ALL-UNNAMED,-XX:MaxMetaspaceSize=384m,-XX:+HeapDumpOnOutOfMemoryError,-Xms256m,-Xmx512m,-Dfile.encoding=windows-1252,-Duser.country=US,-Duser.language=en,-Duser.variant]
2025-01-12T19:04:35.703-0500 [DEBUG] [org.gradle.cache.internal.DefaultFileLockManager] Waiting to acquire exclusive lock on daemon addresses registry.
2025-01-12T19:04:35.706-0500 [DEBUG] [org.gradle.cache.internal.DefaultFileLockManager] Lock acquired on daemon addresses registry.
2025-01-12T19:04:35.709-0500 [DEBUG] [org.gradle.cache.internal.DefaultFileLockManager] Releasing lock on daemon addresses registry.
2025-01-12T19:04:35.709-0500 [LIFECYCLE] [org.gradle.launcher.daemon.server.Daemon] Daemon server started.
2025-01-12T19:04:35.710-0500 [DEBUG] [org.gradle.launcher.daemon.bootstrap.DaemonStartupCommunication] Completed writing the daemon greeting. Closing streams...
2025-01-12T19:04:35.713-0500 [DEBUG] [org.gradle.launcher.daemon.server.Daemon] stopOnExpiration() called on daemon
2025-01-12T19:04:35.714-0500 [DEBUG] [org.gradle.launcher.daemon.server.Daemon] awaitExpiration() called on daemon
2025-01-12T19:04:35.714-0500 [DEBUG] [org.gradle.launcher.daemon.server.DaemonStateCoordinator] daemon is running. Sleeping until state changes.
2025-01-12T19:04:35.718-0500 [DEBUG] [org.gradle.internal.remote.internal.inet.TcpIncomingConnector] Accepted connection from /127.0.0.1:50481 to /127.0.0.1:50480.
2025-01-12T19:04:35.759-0500 [DEBUG] [org.gradle.launcher.daemon.server.SynchronizedDispatchConnection] thread 30: received class org.gradle.launcher.daemon.protocol.Build
2025-01-12T19:04:35.759-0500 [DEBUG] [org.gradle.launcher.daemon.server.DefaultDaemonConnection] thread 30: Received non-IO message from client: Build{id=02844a51-04d1-4538-82f8-c2212621b056, currentDir=C:\Users\zemer\OneDrive - Drexel University\STAR Scholars\UnderWatch\Under Watch}
2025-01-12T19:04:35.759-0500 [INFO] [org.gradle.launcher.daemon.server.DefaultIncomingConnectionHandler] Received command: Build{id=02844a51-04d1-4538-82f8-c2212621b056, currentDir=C:\Users\zemer\OneDrive - Drexel University\STAR Scholars\UnderWatch\Under Watch}.
2025-01-12T19:04:35.759-0500 [DEBUG] [org.gradle.launcher.daemon.server.DefaultIncomingConnectionHandler] Starting executing command: Build{id=02844a51-04d1-4538-82f8-c2212621b056, currentDir=C:\Users\zemer\OneDrive - Drexel University\STAR Scholars\UnderWatch\Under Watch} with connection: socket connection from /127.0.0.1:50480 to /127.0.0.1:50481.
2025-01-12T19:04:35.761-0500 [DEBUG] [org.gradle.launcher.daemon.server.DaemonStateCoordinator] Command execution: started DaemonCommandExecution[command = Build{id=02844a51-04d1-4538-82f8-c2212621b056, currentDir=C:\Users\zemer\OneDrive - Drexel University\STAR Scholars\UnderWatch\Under Watch}, connection = DefaultDaemonConnection: socket connection from /127.0.0.1:50480 to /127.0.0.1:50481] after 0.0 minutes of idle
2025-01-12T19:04:35.761-0500 [INFO] [org.gradle.launcher.daemon.server.DaemonRegistryUpdater] Marking the daemon as busy, address: [e0055b28-ef8e-40a3-a01a-d0ca9b03dd25 port:50480, addresses:[localhost/127.0.0.1]]
2025-01-12T19:04:35.761-0500 [DEBUG] [org.gradle.launcher.daemon.registry.PersistentDaemonRegistry] Marking busy by address: [e0055b28-ef8e-40a3-a01a-d0ca9b03dd25 port:50480, addresses:[localhost/127.0.0.1]]
2025-01-12T19:04:35.762-0500 [DEBUG] [org.gradle.cache.internal.DefaultFileLockManager] Waiting to acquire exclusive lock on daemon addresses registry.
2025-01-12T19:04:35.762-0500 [DEBUG] [org.gradle.cache.internal.DefaultFileLockManager] Lock acquired on daemon addresses registry.
2025-01-12T19:04:35.763-0500 [DEBUG] [org.gradle.cache.internal.DefaultFileLockManager] Releasing lock on daemon addresses registry.
2025-01-12T19:04:35.764-0500 [DEBUG] [org.gradle.launcher.daemon.server.DaemonStateCoordinator] resetting idle timer
2025-01-12T19:04:35.764-0500 [DEBUG] [org.gradle.launcher.daemon.server.DaemonStateCoordinator] daemon is running. Sleeping until state changes.
2025-01-12T19:04:35.764-0500 [INFO] [org.gradle.launcher.daemon.server.exec.StartBuildOrRespondWithBusy] Daemon is about to start building Build{id=02844a51-04d1-4538-82f8-c2212621b056, currentDir=C:\Users\zemer\OneDrive - Drexel University\STAR Scholars\UnderWatch\Under Watch}. Dispatching build started information...
2025-01-12T19:04:35.764-0500 [DEBUG] [org.gradle.launcher.daemon.server.SynchronizedDispatchConnection] thread 32: dispatching org.gradle.launcher.daemon.protocol.BuildStarted@8d5edcc
2025-01-12T19:04:35.765-0500 [DEBUG] [org.gradle.launcher.daemon.server.exec.EstablishBuildEnvironment] Configuring env variables: [USERDOMAIN_ROAMINGPROFILE, PROCESSOR_LEVEL, SESSIONNAME, ALLUSERSPROFILE, PROCESSOR_ARCHITECTURE, PSModulePath, SystemDrive, ACSvcPort, USERNAME, ProgramFiles(x86), ACSetupSvcPort, FPS_BROWSER_USER_PROFILE_STRING, PATHEXT, DriverData, OneDriveConsumer, EFC_6704, ProgramData, ProgramW6432, HOMEPATH, PROCESSOR_IDENTIFIER, ProgramFiles, PUBLIC, windir, =::, OneDriveCommercial, LOCALAPPDATA, USERDOMAIN, LOGONSERVER, FPS_BROWSER_APP_PROFILE_STRING, JAVA_HOME, RlsSvcPort, OneDrive, APPDATA, CommonProgramFiles, Path, OS, COMPUTERNAME, PROCESSOR_REVISION, CommonProgramW6432, ComSpec, TEMP, SystemRoot, HOMEDRIVE, USERPROFILE, TMP, P4IGNORE, CommonProgramFiles(x86), NUMBER_OF_PROCESSORS, IDEA_INITIAL_DIRECTORY]
2025-01-12T19:04:35.768-0500 [DEBUG] [org.gradle.launcher.daemon.server.exec.LogToClient] About to start relaying all logs to the client via the connection.
2025-01-12T19:04:35.768-0500 [INFO] [org.gradle.launcher.daemon.server.exec.LogToClient] The client will now receive all logging from the daemon (pid: 34516). The daemon log file: C:\Users\zemer\OneDrive - Drexel University\STAR Scholars\UnderWatch\Under Watch\daemon\8.5\daemon-34516.out.log
2025-01-12T19:04:35.770-0500 [INFO] [org.gradle.launcher.daemon.server.exec.LogAndCheckHealth] Starting build in new daemon [memory: 512 MiB]
2025-01-12T19:04:35.772-0500 [DEBUG] [org.gradle.launcher.daemon.server.exec.ExecuteBuild] The daemon has started executing the build.
2025-01-12T19:04:35.772-0500 [DEBUG] [org.gradle.launcher.daemon.server.exec.ExecuteBuild] Executing build with daemon context: DefaultDaemonContext[uid=bde09994-34e2-488f-a3c2-900c0bdf01b1,javaHome=C:\Program Files\Android\Android Studio\jbr,daemonRegistryDir=C:\Users\zemer\OneDrive - Drexel University\STAR Scholars\UnderWatch\Under Watch\daemon,pid=34516,idleTimeout=10800000,priority=NORMAL,applyInstrumentationAgent=true,daemonOpts=--add-opens=java.base/java.util=ALL-UNNAMED,--add-opens=java.base/java.lang=ALL-UNNAMED,--add-opens=java.base/java.lang.invoke=ALL-UNNAMED,--add-opens=java.prefs/java.util.prefs=ALL-UNNAMED,--add-opens=java.base/java.nio.charset=ALL-UNNAMED,--add-opens=java.base/java.net=ALL-UNNAMED,--add-opens=java.base/java.util.concurrent.atomic=ALL-UNNAMED,-XX:MaxMetaspaceSize=384m,-XX:+HeapDumpOnOutOfMemoryError,-Xms256m,-Xmx512m,-Dfile.encoding=windows-1252,-Duser.country=US,-Duser.language=en,-Duser.variant]

FAILURE: Build failed with an exception.

* What went wrong:
Directory 'C:\Users\zemer\OneDrive - Drexel University\STAR Scholars\UnderWatch\Under Watch' does not contain a Gradle build.

A Gradle build should contain a 'settings.gradle' or 'settings.gradle.kts' file in its root directory. It may also contain a 'build.gradle' or 'build.gradle.kts' file.

To create a new Gradle build in this directory run 'gradle init'

For more information about the 'init' task, please refer to https://docs.gradle.org/8.5/userguide/build_init_plugin.html in the Gradle documentation.

For more details on creating a Gradle build, please refer to https://docs.gradle.org/8.5/userguide/tutorial_using_tasks.html in the Gradle documentation.

* Try:
> Run gradle init to create a new Gradle build in this directory.
> Run with --stacktrace option to get the stack trace.
> Run with --info or --debug option to get more log output.
> Get more help at https://help.gradle.org.

BUILD FAILED in 1s
2025-01-12T19:04:36.055-0500 [DEBUG] [org.gradle.launcher.daemon.server.exec.ExecuteBuild] The daemon has finished executing the build.
2025-01-12T19:04:36.073-0500 [DEBUG] [org.gradle.launcher.daemon.server.DaemonStateCoordinator] daemon is running. Sleeping until state changes.
2025-01-12T19:04:36.073-0500 [DEBUG] [org.gradle.launcher.daemon.server.DaemonStateCoordinator] Command execution: finished waiting for DaemonCommandExecution[command = Build{id=02844a51-04d1-4538-82f8-c2212621b056, currentDir=C:\Users\zemer\OneDrive - Drexel University\STAR Scholars\UnderWatch\Under Watch}, connection = DefaultDaemonConnection: socket connection from /127.0.0.1:50480 to /127.0.0.1:50481]. Result org.gradle.launcher.daemon.server.DaemonStateCoordinator@2ba32da with state Busy
2025-01-12T19:04:36.073-0500 [DEBUG] [org.gradle.launcher.daemon.server.DaemonStateCoordinator] Command execution: completed DaemonCommandExecution[command = Build{id=02844a51-04d1-4538-82f8-c2212621b056, currentDir=C:\Users\zemer\OneDrive - Drexel University\STAR Scholars\UnderWatch\Under Watch}, connection = DefaultDaemonConnection: socket connection from /127.0.0.1:50480 to /127.0.0.1:50481]
2025-01-12T19:04:36.073-0500 [DEBUG] [org.gradle.launcher.daemon.server.DaemonStateCoordinator] resetting idle timer
2025-01-12T19:04:36.073-0500 [INFO] [org.gradle.launcher.daemon.server.DaemonRegistryUpdater] Marking the daemon as idle, address: [e0055b28-ef8e-40a3-a01a-d0ca9b03dd25 port:50480, addresses:[localhost/127.0.0.1]]
2025-01-12T19:04:36.073-0500 [DEBUG] [org.gradle.launcher.daemon.registry.PersistentDaemonRegistry] Marking busy by address: [e0055b28-ef8e-40a3-a01a-d0ca9b03dd25 port:50480, addresses:[localhost/127.0.0.1]]
2025-01-12T19:04:36.074-0500 [DEBUG] [org.gradle.cache.internal.DefaultFileLockManager] Waiting to acquire exclusive lock on daemon addresses registry.
2025-01-12T19:04:36.074-0500 [DEBUG] [org.gradle.cache.internal.DefaultFileLockManager] Lock acquired on daemon addresses registry.
2025-01-12T19:04:36.075-0500 [DEBUG] [org.gradle.cache.internal.DefaultFileLockManager] Releasing lock on daemon addresses registry.
2025-01-12T19:04:36.076-0500 [DEBUG] [org.gradle.launcher.daemon.server.DaemonStateCoordinator] daemon is running. Sleeping until state changes.
2025-01-12T19:04:36.076-0500 [DEBUG] [org.gradle.launcher.daemon.server.exec.ReturnResult] Daemon is dispatching the build result: Success[value=org.gradle.launcher.exec.BuildActionResult@6ca1bc37]
2025-01-12T19:04:36.076-0500 [DEBUG] [org.gradle.launcher.daemon.server.SynchronizedDispatchConnection] thread 29: dispatching Success[value=org.gradle.launcher.exec.BuildActionResult@6ca1bc37]
2025-01-12T19:04:36.088-0500 [DEBUG] [org.gradle.launcher.daemon.server.DefaultIncomingConnectionHandler] Finishing executing command: Build{id=02844a51-04d1-4538-82f8-c2212621b056, currentDir=C:\Users\zemer\OneDrive - Drexel University\STAR Scholars\UnderWatch\Under Watch}
2025-01-12T19:04:36.101-0500 [DEBUG] [org.gradle.launcher.daemon.server.SynchronizedDispatchConnection] thread 30: received class org.gradle.launcher.daemon.protocol.CloseInput
2025-01-12T19:04:36.101-0500 [DEBUG] [org.gradle.launcher.daemon.server.DefaultDaemonConnection] thread 30: Received IO message from client: org.gradle.launcher.daemon.protocol.CloseInput@76464a86
2025-01-12T19:04:36.101-0500 [DEBUG] [org.gradle.launcher.daemon.server.SynchronizedDispatchConnection] thread 30: received class org.gradle.launcher.daemon.protocol.Finished
2025-01-12T19:04:36.101-0500 [DEBUG] [org.gradle.launcher.daemon.server.DefaultDaemonConnection] thread 30: Received non-IO message from client: org.gradle.launcher.daemon.protocol.Finished@70299a60
2025-01-12T19:04:36.101-0500 [DEBUG] [org.gradle.launcher.daemon.server.DefaultIncomingConnectionHandler] Received finished message: org.gradle.launcher.daemon.protocol.Finished@70299a60
2025-01-12T19:04:36.102-0500 [DEBUG] [org.gradle.launcher.daemon.server.SynchronizedDispatchConnection] thread 29: stopping connection
2025-01-12T19:04:36.102-0500 [DEBUG] [org.gradle.internal.remote.internal.inet.SocketConnection] Discarding EOFException: java.io.EOFException
2025-01-12T19:04:36.102-0500 [DEBUG] [org.gradle.launcher.daemon.server.SynchronizedDispatchConnection] thread 30: received null
2025-01-12T19:04:36.102-0500 [DEBUG] [org.gradle.launcher.daemon.server.DefaultDaemonConnection] thread 30: Received end-of-input from client.
2025-01-12T19:04:36.102-0500 [DEBUG] [org.gradle.launcher.daemon.server.SynchronizedDispatchConnection] thread 29: stopping connection
2025-01-12T19:04:45.726-0500 [DEBUG] [org.gradle.cache.internal.DefaultFileLockManager] Waiting to acquire shared lock on daemon addresses registry.
2025-01-12T19:04:45.726-0500 [DEBUG] [org.gradle.cache.internal.DefaultFileLockManager] Lock acquired on daemon addresses registry.
2025-01-12T19:04:45.727-0500 [DEBUG] [org.gradle.cache.internal.DefaultFileLockManager] Releasing lock on daemon addresses registry.
2025-01-12T19:04:45.728-0500 [DEBUG] [org.gradle.cache.internal.DefaultFileLockManager] Waiting to acquire shared lock on daemon addresses registry.
2025-01-12T19:04:45.728-0500 [DEBUG] [org.gradle.cache.internal.DefaultFileLockManager] Lock acquired on daemon addresses registry.
2025-01-12T19:04:45.728-0500 [DEBUG] [org.gradle.cache.internal.DefaultFileLockManager] Releasing lock on daemon addresses registry.
2025-01-12T19:04:55.721-0500 [DEBUG] [org.gradle.cache.internal.DefaultFileLockManager] Waiting to acquire shared lock on daemon addresses registry.
2025-01-12T19:04:55.721-0500 [DEBUG] [org.gradle.cache.internal.DefaultFileLockManager] Lock acquired on daemon addresses registry.
2025-01-12T19:04:55.721-0500 [DEBUG] [org.gradle.cache.internal.DefaultFileLockManager] Releasing lock on daemon addresses registry.
2025-01-12T19:04:55.722-0500 [DEBUG] [org.gradle.cache.internal.DefaultFileLockManager] Waiting to acquire shared lock on daemon addresses registry.
2025-01-12T19:04:55.722-0500 [DEBUG] [org.gradle.cache.internal.DefaultFileLockManager] Lock acquired on daemon addresses registry.
2025-01-12T19:04:55.722-0500 [DEBUG] [org.gradle.cache.internal.DefaultFileLockManager] Releasing lock on daemon addresses registry.
2025-01-12T19:04:55.723-0500 [DEBUG] [org.gradle.cache.internal.DefaultFileLockManager] Waiting to acquire shared lock on daemon addresses registry.
2025-01-12T19:04:55.723-0500 [DEBUG] [org.gradle.cache.internal.DefaultFileLockManager] Lock acquired on daemon addresses registry.
2025-01-12T19:04:55.723-0500 [DEBUG] [org.gradle.cache.internal.DefaultFileLockManager] Releasing lock on daemon addresses registry.
2025-01-12T19:05:05.715-0500 [DEBUG] [org.gradle.cache.internal.DefaultFileLockManager] Waiting to acquire shared lock on daemon addresses registry.
2025-01-12T19:05:05.716-0500 [DEBUG] [org.gradle.cache.internal.DefaultFileLockManager] Lock acquired on daemon addresses registry.
2025-01-12T19:05:05.716-0500 [DEBUG] [org.gradle.cache.internal.DefaultFileLockManager] Releasing lock on daemon addresses registry.
2025-01-12T19:05:05.717-0500 [DEBUG] [org.gradle.cache.internal.DefaultFileLockManager] Waiting to acquire shared lock on daemon addresses registry.
2025-01-12T19:05:05.717-0500 [DEBUG] [org.gradle.cache.internal.DefaultFileLockManager] Lock acquired on daemon addresses registry.
2025-01-12T19:05:05.717-0500 [DEBUG] [org.gradle.cache.internal.DefaultFileLockManager] Releasing lock on daemon addresses registry.
2025-01-12T19:05:05.718-0500 [DEBUG] [org.gradle.cache.internal.DefaultFileLockManager] Waiting to acquire shared lock on daemon addresses registry.
2025-01-12T19:05:05.718-0500 [DEBUG] [org.gradle.cache.internal.DefaultFileLockManager] Lock acquired on daemon addresses registry.
2025-01-12T19:05:05.719-0500 [DEBUG] [org.gradle.cache.internal.DefaultFileLockManager] Releasing lock on daemon addresses registry.
2025-01-12T19:05:15.730-0500 [DEBUG] [org.gradle.cache.internal.DefaultFileLockManager] Waiting to acquire shared lock on daemon addresses registry.
2025-01-12T19:05:15.730-0500 [DEBUG] [org.gradle.cache.internal.DefaultFileLockManager] Lock acquired on daemon addresses registry.
2025-01-12T19:05:15.731-0500 [DEBUG] [org.gradle.cache.internal.DefaultFileLockManager] Releasing lock on daemon addresses registry.
2025-01-12T19:05:15.732-0500 [DEBUG] [org.gradle.cache.internal.DefaultFileLockManager] Waiting to acquire shared lock on daemon addresses registry.
2025-01-12T19:05:15.732-0500 [DEBUG] [org.gradle.cache.internal.DefaultFileLockManager] Lock acquired on daemon addresses registry.
2025-01-12T19:05:15.732-0500 [DEBUG] [org.gradle.cache.internal.DefaultFileLockManager] Releasing lock on daemon addresses registry.
2025-01-12T19:05:15.732-0500 [DEBUG] [org.gradle.cache.internal.DefaultFileLockManager] Waiting to acquire shared lock on daemon addresses registry.
2025-01-12T19:05:15.732-0500 [DEBUG] [org.gradle.cache.internal.DefaultFileLockManager] Lock acquired on daemon addresses registry.
2025-01-12T19:05:15.733-0500 [DEBUG] [org.gradle.cache.internal.DefaultFileLockManager] Releasing lock on daemon addresses registry.
2025-01-12T19:05:25.721-0500 [DEBUG] [org.gradle.cache.internal.DefaultFileLockManager] Waiting to acquire shared lock on daemon addresses registry.
2025-01-12T19:05:25.721-0500 [DEBUG] [org.gradle.cache.internal.DefaultFileLockManager] Lock acquired on daemon addresses registry.
2025-01-12T19:05:25.721-0500 [DEBUG] [org.gradle.cache.internal.DefaultFileLockManager] Releasing lock on daemon addresses registry.
2025-01-12T19:05:25.722-0500 [DEBUG] [org.gradle.cache.internal.DefaultFileLockManager] Waiting to acquire shared lock on daemon addresses registry.
2025-01-12T19:05:25.722-0500 [DEBUG] [org.gradle.cache.internal.DefaultFileLockManager] Lock acquired on daemon addresses registry.
2025-01-12T19:05:25.722-0500 [DEBUG] [org.gradle.cache.internal.DefaultFileLockManager] Releasing lock on daemon addresses registry.
2025-01-12T19:05:25.723-0500 [DEBUG] [org.gradle.cache.internal.DefaultFileLockManager] Waiting to acquire shared lock on daemon addresses registry.
2025-01-12T19:05:25.723-0500 [DEBUG] [org.gradle.cache.internal.DefaultFileLockManager] Lock acquired on daemon addresses registry.
2025-01-12T19:05:25.723-0500 [DEBUG] [org.gradle.cache.internal.DefaultFileLockManager] Releasing lock on daemon addresses registry.
2025-01-12T19:05:35.716-0500 [DEBUG] [org.gradle.cache.internal.DefaultFileLockManager] Waiting to acquire shared lock on daemon addresses registry.
2025-01-12T19:05:35.716-0500 [DEBUG] [org.gradle.cache.internal.DefaultFileLockManager] Lock acquired on daemon addresses registry.
2025-01-12T19:05:35.716-0500 [DEBUG] [org.gradle.cache.internal.DefaultFileLockManager] Releasing lock on daemon addresses registry.
2025-01-12T19:05:35.717-0500 [DEBUG] [org.gradle.cache.internal.DefaultFileLockManager] Waiting to acquire shared lock on daemon addresses registry.
2025-01-12T19:05:35.717-0500 [DEBUG] [org.gradle.cache.internal.DefaultFileLockManager] Lock acquired on daemon addresses registry.
2025-01-12T19:05:35.717-0500 [DEBUG] [org.gradle.cache.internal.DefaultFileLockManager] Releasing lock on daemon addresses registry.
2025-01-12T19:05:35.718-0500 [DEBUG] [org.gradle.cache.internal.DefaultFileLockManager] Waiting to acquire shared lock on daemon addresses registry.
2025-01-12T19:05:35.718-0500 [DEBUG] [org.gradle.cache.internal.DefaultFileLockManager] Lock acquired on daemon addresses registry.
2025-01-12T19:05:35.718-0500 [DEBUG] [org.gradle.cache.internal.DefaultFileLockManager] Releasing lock on daemon addresses registry.
2025-01-12T19:05:37.945-0500 [DEBUG] [org.gradle.internal.remote.internal.inet.TcpIncomingConnector] Accepted connection from /127.0.0.1:50573 to /127.0.0.1:50480.
2025-01-12T19:05:37.948-0500 [DEBUG] [org.gradle.launcher.daemon.server.SynchronizedDispatchConnection] thread 40: received class org.gradle.launcher.daemon.protocol.Build
2025-01-12T19:05:37.949-0500 [DEBUG] [org.gradle.launcher.daemon.server.DefaultDaemonConnection] thread 40: Received non-IO message from client: Build{id=ff2459b2-f87a-4ce7-a00f-69eb646f904d, currentDir=C:\Users\zemer\OneDrive - Drexel University\STAR Scholars\UnderWatch\Under Watch}
2025-01-12T19:05:37.949-0500 [INFO] [org.gradle.launcher.daemon.server.DefaultIncomingConnectionHandler] Received command: Build{id=ff2459b2-f87a-4ce7-a00f-69eb646f904d, currentDir=C:\Users\zemer\OneDrive - Drexel University\STAR Scholars\UnderWatch\Under Watch}.
2025-01-12T19:05:37.949-0500 [DEBUG] [org.gradle.launcher.daemon.server.DefaultIncomingConnectionHandler] Starting executing command: Build{id=ff2459b2-f87a-4ce7-a00f-69eb646f904d, currentDir=C:\Users\zemer\OneDrive - Drexel University\STAR Scholars\UnderWatch\Under Watch} with connection: socket connection from /127.0.0.1:50480 to /127.0.0.1:50573.
2025-01-12T19:05:37.950-0500 [DEBUG] [org.gradle.launcher.daemon.server.DaemonStateCoordinator] Command execution: started DaemonCommandExecution[command = Build{id=ff2459b2-f87a-4ce7-a00f-69eb646f904d, currentDir=C:\Users\zemer\OneDrive - Drexel University\STAR Scholars\UnderWatch\Under Watch}, connection = DefaultDaemonConnection: socket connection from /127.0.0.1:50480 to /127.0.0.1:50573] after 1.0 minutes of idle
2025-01-12T19:05:37.950-0500 [INFO] [org.gradle.launcher.daemon.server.DaemonRegistryUpdater] Marking the daemon as busy, address: [e0055b28-ef8e-40a3-a01a-d0ca9b03dd25 port:50480, addresses:[localhost/127.0.0.1]]
2025-01-12T19:05:37.950-0500 [DEBUG] [org.gradle.launcher.daemon.registry.PersistentDaemonRegistry] Marking busy by address: [e0055b28-ef8e-40a3-a01a-d0ca9b03dd25 port:50480, addresses:[localhost/127.0.0.1]]
2025-01-12T19:05:37.950-0500 [DEBUG] [org.gradle.cache.internal.DefaultFileLockManager] Waiting to acquire exclusive lock on daemon addresses registry.
2025-01-12T19:05:37.951-0500 [DEBUG] [org.gradle.cache.internal.DefaultFileLockManager] Lock acquired on daemon addresses registry.
2025-01-12T19:05:37.951-0500 [DEBUG] [org.gradle.cache.internal.DefaultFileLockManager] Releasing lock on daemon addresses registry.
2025-01-12T19:05:37.952-0500 [DEBUG] [org.gradle.launcher.daemon.server.DaemonStateCoordinator] resetting idle timer
2025-01-12T19:05:37.952-0500 [DEBUG] [org.gradle.launcher.daemon.server.DaemonStateCoordinator] daemon is running. Sleeping until state changes.
2025-01-12T19:05:37.952-0500 [INFO] [org.gradle.launcher.daemon.server.exec.StartBuildOrRespondWithBusy] Daemon is about to start building Build{id=ff2459b2-f87a-4ce7-a00f-69eb646f904d, currentDir=C:\Users\zemer\OneDrive - Drexel University\STAR Scholars\UnderWatch\Under Watch}. Dispatching build started information...
2025-01-12T19:05:37.952-0500 [DEBUG] [org.gradle.launcher.daemon.server.SynchronizedDispatchConnection] thread 42: dispatching org.gradle.launcher.daemon.protocol.BuildStarted@7caf944f
2025-01-12T19:05:37.953-0500 [DEBUG] [org.gradle.launcher.daemon.server.exec.EstablishBuildEnvironment] Configuring env variables: [USERDOMAIN_ROAMINGPROFILE, PROCESSOR_LEVEL, SESSIONNAME, ALLUSERSPROFILE, PROCESSOR_ARCHITECTURE, PSModulePath, SystemDrive, ACSvcPort, USERNAME, ProgramFiles(x86), ACSetupSvcPort, FPS_BROWSER_USER_PROFILE_STRING, PATHEXT, DriverData, OneDriveConsumer, EFC_6704, ProgramData, ProgramW6432, HOMEPATH, PROCESSOR_IDENTIFIER, ProgramFiles, PUBLIC, windir, =::, OneDriveCommercial, LOCALAPPDATA, USERDOMAIN, LOGONSERVER, FPS_BROWSER_APP_PROFILE_STRING, JAVA_HOME, RlsSvcPort, OneDrive, APPDATA, CommonProgramFiles, Path, OS, COMPUTERNAME, PROCESSOR_REVISION, CommonProgramW6432, ComSpec, TEMP, SystemRoot, HOMEDRIVE, USERPROFILE, TMP, P4IGNORE, CommonProgramFiles(x86), NUMBER_OF_PROCESSORS, IDEA_INITIAL_DIRECTORY]
2025-01-12T19:05:37.953-0500 [DEBUG] [org.gradle.launcher.daemon.server.exec.LogToClient] About to start relaying all logs to the client via the connection.
2025-01-12T19:05:37.953-0500 [INFO] [org.gradle.launcher.daemon.server.exec.LogToClient] The client will now receive all logging from the daemon (pid: 34516). The daemon log file: C:\Users\zemer\OneDrive - Drexel University\STAR Scholars\UnderWatch\Under Watch\daemon\8.5\daemon-34516.out.log
2025-01-12T19:05:37.955-0500 [INFO] [org.gradle.launcher.daemon.server.exec.LogAndCheckHealth] Starting 2nd build in daemon [uptime: 1 mins 2.495 secs, performance: 98%, GC rate: 0.00/s, heap usage: 0% of 512 MiB, non-heap usage: 6% of 384 MiB]
2025-01-12T19:05:37.955-0500 [DEBUG] [org.gradle.launcher.daemon.server.exec.ExecuteBuild] The daemon has started executing the build.
2025-01-12T19:05:37.955-0500 [DEBUG] [org.gradle.launcher.daemon.server.exec.ExecuteBuild] Executing build with daemon context: DefaultDaemonContext[uid=bde09994-34e2-488f-a3c2-900c0bdf01b1,javaHome=C:\Program Files\Android\Android Studio\jbr,daemonRegistryDir=C:\Users\zemer\OneDrive - Drexel University\STAR Scholars\UnderWatch\Under Watch\daemon,pid=34516,idleTimeout=10800000,priority=NORMAL,applyInstrumentationAgent=true,daemonOpts=--add-opens=java.base/java.util=ALL-UNNAMED,--add-opens=java.base/java.lang=ALL-UNNAMED,--add-opens=java.base/java.lang.invoke=ALL-UNNAMED,--add-opens=java.prefs/java.util.prefs=ALL-UNNAMED,--add-opens=java.base/java.nio.charset=ALL-UNNAMED,--add-opens=java.base/java.net=ALL-UNNAMED,--add-opens=java.base/java.util.concurrent.atomic=ALL-UNNAMED,-XX:MaxMetaspaceSize=384m,-XX:+HeapDumpOnOutOfMemoryError,-Xms256m,-Xmx512m,-Dfile.encoding=windows-1252,-Duser.country=US,-Duser.language=en,-Duser.variant]

FAILURE: Build failed with an exception.

* What went wrong:
Directory 'C:\Users\zemer\OneDrive - Drexel University\STAR Scholars\UnderWatch\Under Watch' does not contain a Gradle build.

A Gradle build should contain a 'settings.gradle' or 'settings.gradle.kts' file in its root directory. It may also contain a 'build.gradle' or 'build.gradle.kts' file.

To create a new Gradle build in this directory run 'gradle init'

For more information about the 'init' task, please refer to https://docs.gradle.org/8.5/userguide/build_init_plugin.html in the Gradle documentation.

For more details on creating a Gradle build, please refer to https://docs.gradle.org/8.5/userguide/tutorial_using_tasks.html in the Gradle documentation.

* Try:
> Run gradle init to create a new Gradle build in this directory.
> Run with --stacktrace option to get the stack trace.
> Run with --info or --debug option to get more log output.
> Get more help at https://help.gradle.org.

BUILD FAILED in 20ms
2025-01-12T19:05:37.971-0500 [DEBUG] [org.gradle.launcher.daemon.server.exec.ExecuteBuild] The daemon has finished executing the build.
2025-01-12T19:05:37.972-0500 [DEBUG] [org.gradle.launcher.daemon.server.DaemonStateCoordinator] daemon is running. Sleeping until state changes.
2025-01-12T19:05:37.972-0500 [DEBUG] [org.gradle.launcher.daemon.server.DaemonStateCoordinator] Command execution: finished waiting for DaemonCommandExecution[command = Build{id=ff2459b2-f87a-4ce7-a00f-69eb646f904d, currentDir=C:\Users\zemer\OneDrive - Drexel University\STAR Scholars\UnderWatch\Under Watch}, connection = DefaultDaemonConnection: socket connection from /127.0.0.1:50480 to /127.0.0.1:50573]. Result org.gradle.launcher.daemon.server.DaemonStateCoordinator@2ba32da with state Busy
2025-01-12T19:05:37.972-0500 [DEBUG] [org.gradle.launcher.daemon.server.DaemonStateCoordinator] Command execution: completed DaemonCommandExecution[command = Build{id=ff2459b2-f87a-4ce7-a00f-69eb646f904d, currentDir=C:\Users\zemer\OneDrive - Drexel University\STAR Scholars\UnderWatch\Under Watch}, connection = DefaultDaemonConnection: socket connection from /127.0.0.1:50480 to /127.0.0.1:50573]
2025-01-12T19:05:37.972-0500 [DEBUG] [org.gradle.launcher.daemon.server.DaemonStateCoordinator] resetting idle timer
2025-01-12T19:05:37.972-0500 [INFO] [org.gradle.launcher.daemon.server.DaemonRegistryUpdater] Marking the daemon as idle, address: [e0055b28-ef8e-40a3-a01a-d0ca9b03dd25 port:50480, addresses:[localhost/127.0.0.1]]
2025-01-12T19:05:37.972-0500 [DEBUG] [org.gradle.launcher.daemon.registry.PersistentDaemonRegistry] Marking busy by address: [e0055b28-ef8e-40a3-a01a-d0ca9b03dd25 port:50480, addresses:[localhost/127.0.0.1]]
2025-01-12T19:05:37.973-0500 [DEBUG] [org.gradle.cache.internal.DefaultFileLockManager] Waiting to acquire exclusive lock on daemon addresses registry.
2025-01-12T19:05:37.973-0500 [DEBUG] [org.gradle.cache.internal.DefaultFileLockManager] Lock acquired on daemon addresses registry.
2025-01-12T19:05:37.974-0500 [DEBUG] [org.gradle.cache.internal.DefaultFileLockManager] Releasing lock on daemon addresses registry.
2025-01-12T19:05:37.974-0500 [DEBUG] [org.gradle.launcher.daemon.server.DaemonStateCoordinator] daemon is running. Sleeping until state changes.
2025-01-12T19:05:37.974-0500 [DEBUG] [org.gradle.launcher.daemon.server.exec.ReturnResult] Daemon is dispatching the build result: Success[value=org.gradle.launcher.exec.BuildActionResult@588cda12]
2025-01-12T19:05:37.974-0500 [DEBUG] [org.gradle.launcher.daemon.server.SynchronizedDispatchConnection] thread 39: dispatching Success[value=org.gradle.launcher.exec.BuildActionResult@588cda12]
2025-01-12T19:05:37.975-0500 [DEBUG] [org.gradle.launcher.daemon.server.DefaultIncomingConnectionHandler] Finishing executing command: Build{id=ff2459b2-f87a-4ce7-a00f-69eb646f904d, currentDir=C:\Users\zemer\OneDrive - Drexel University\STAR Scholars\UnderWatch\Under Watch}
2025-01-12T19:05:37.977-0500 [DEBUG] [org.gradle.launcher.daemon.server.SynchronizedDispatchConnection] thread 40: received class org.gradle.launcher.daemon.protocol.CloseInput
2025-01-12T19:05:37.977-0500 [DEBUG] [org.gradle.launcher.daemon.server.DefaultDaemonConnection] thread 40: Received IO message from client: org.gradle.launcher.daemon.protocol.CloseInput@7c82c1da
2025-01-12T19:05:37.977-0500 [DEBUG] [org.gradle.launcher.daemon.server.SynchronizedDispatchConnection] thread 40: received class org.gradle.launcher.daemon.protocol.Finished
2025-01-12T19:05:37.977-0500 [DEBUG] [org.gradle.launcher.daemon.server.DefaultDaemonConnection] thread 40: Received non-IO message from client: org.gradle.launcher.daemon.protocol.Finished@7245203a
2025-01-12T19:05:37.977-0500 [DEBUG] [org.gradle.launcher.daemon.server.DefaultIncomingConnectionHandler] Received finished message: org.gradle.launcher.daemon.protocol.Finished@7245203a
2025-01-12T19:05:37.977-0500 [DEBUG] [org.gradle.internal.remote.internal.inet.SocketConnection] Discarding EOFException: java.io.EOFException
2025-01-12T19:05:37.977-0500 [DEBUG] [org.gradle.launcher.daemon.server.SynchronizedDispatchConnection] thread 40: received null
2025-01-12T19:05:37.977-0500 [DEBUG] [org.gradle.launcher.daemon.server.DefaultDaemonConnection] thread 40: Received end-of-input from client.
2025-01-12T19:05:37.977-0500 [DEBUG] [org.gradle.launcher.daemon.server.SynchronizedDispatchConnection] thread 39: stopping connection
2025-01-12T19:05:37.977-0500 [DEBUG] [org.gradle.launcher.daemon.server.SynchronizedDispatchConnection] thread 39: stopping connection
2025-01-12T19:05:45.728-0500 [DEBUG] [org.gradle.cache.internal.DefaultFileLockManager] Waiting to acquire shared lock on daemon addresses registry.
2025-01-12T19:05:45.729-0500 [DEBUG] [org.gradle.cache.internal.DefaultFileLockManager] Lock acquired on daemon addresses registry.
2025-01-12T19:05:45.729-0500 [DEBUG] [org.gradle.cache.internal.DefaultFileLockManager] Releasing lock on daemon addresses registry.
2025-01-12T19:05:45.730-0500 [DEBUG] [org.gradle.cache.internal.DefaultFileLockManager] Waiting to acquire shared lock on daemon addresses registry.
2025-01-12T19:05:45.730-0500 [DEBUG] [org.gradle.cache.internal.DefaultFileLockManager] Lock acquired on daemon addresses registry.
2025-01-12T19:05:45.730-0500 [DEBUG] [org.gradle.cache.internal.DefaultFileLockManager] Releasing lock on daemon addresses registry.
2025-01-12T19:05:55.717-0500 [DEBUG] [org.gradle.cache.internal.DefaultFileLockManager] Waiting to acquire shared lock on daemon addresses registry.
2025-01-12T19:05:55.717-0500 [DEBUG] [org.gradle.cache.internal.DefaultFileLockManager] Lock acquired on daemon addresses registry.
2025-01-12T19:05:55.717-0500 [DEBUG] [org.gradle.cache.internal.DefaultFileLockManager] Releasing lock on daemon addresses registry.
2025-01-12T19:05:55.718-0500 [DEBUG] [org.gradle.cache.internal.DefaultFileLockManager] Waiting to acquire shared lock on daemon addresses registry.
2025-01-12T19:05:55.718-0500 [DEBUG] [org.gradle.cache.internal.DefaultFileLockManager] Lock acquired on daemon addresses registry.
2025-01-12T19:05:55.718-0500 [DEBUG] [org.gradle.cache.internal.DefaultFileLockManager] Releasing lock on daemon addresses registry.
2025-01-12T19:05:55.719-0500 [DEBUG] [org.gradle.cache.internal.DefaultFileLockManager] Waiting to acquire shared lock on daemon addresses registry.
2025-01-12T19:05:55.719-0500 [DEBUG] [org.gradle.cache.internal.DefaultFileLockManager] Lock acquired on daemon addresses registry.
2025-01-12T19:05:55.720-0500 [DEBUG] [org.gradle.cache.internal.DefaultFileLockManager] Releasing lock on daemon addresses registry.
2025-01-12T19:06:05.718-0500 [DEBUG] [org.gradle.cache.internal.DefaultFileLockManager] Waiting to acquire shared lock on daemon addresses registry.
2025-01-12T19:06:05.718-0500 [DEBUG] [org.gradle.cache.internal.DefaultFileLockManager] Lock acquired on daemon addresses registry.
2025-01-12T19:06:05.718-0500 [DEBUG] [org.gradle.cache.internal.DefaultFileLockManager] Releasing lock on daemon addresses registry.
2025-01-12T19:06:05.719-0500 [DEBUG] [org.gradle.cache.internal.DefaultFileLockManager] Waiting to acquire shared lock on daemon addresses registry.
2025-01-12T19:06:05.719-0500 [DEBUG] [org.gradle.cache.internal.DefaultFileLockManager] Lock acquired on daemon addresses registry.
2025-01-12T19:06:05.719-0500 [DEBUG] [org.gradle.cache.internal.DefaultFileLockManager] Releasing lock on daemon addresses registry.
2025-01-12T19:06:05.720-0500 [DEBUG] [org.gradle.cache.internal.DefaultFileLockManager] Waiting to acquire shared lock on daemon addresses registry.
2025-01-12T19:06:05.720-0500 [DEBUG] [org.gradle.cache.internal.DefaultFileLockManager] Lock acquired on daemon addresses registry.
2025-01-12T19:06:05.720-0500 [DEBUG] [org.gradle.cache.internal.DefaultFileLockManager] Releasing lock on daemon addresses registry.
2025-01-12T19:06:13.888-0500 [DEBUG] [org.gradle.internal.remote.internal.inet.TcpIncomingConnector] Accepted connection from /127.0.0.1:50618 to /127.0.0.1:50480.
2025-01-12T19:06:13.891-0500 [DEBUG] [org.gradle.launcher.daemon.server.SynchronizedDispatchConnection] thread 47: received class org.gradle.launcher.daemon.protocol.Build
2025-01-12T19:06:13.891-0500 [DEBUG] [org.gradle.launcher.daemon.server.DefaultDaemonConnection] thread 47: Received non-IO message from client: Build{id=5de3d14a-c392-4161-b38c-8b036eb207a9, currentDir=C:\Users\zemer\OneDrive - Drexel University\STAR Scholars\UnderWatch\Under Watch}
2025-01-12T19:06:13.891-0500 [INFO] [org.gradle.launcher.daemon.server.DefaultIncomingConnectionHandler] Received command: Build{id=5de3d14a-c392-4161-b38c-8b036eb207a9, currentDir=C:\Users\zemer\OneDrive - Drexel University\STAR Scholars\UnderWatch\Under Watch}.
2025-01-12T19:06:13.891-0500 [DEBUG] [org.gradle.launcher.daemon.server.DefaultIncomingConnectionHandler] Starting executing command: Build{id=5de3d14a-c392-4161-b38c-8b036eb207a9, currentDir=C:\Users\zemer\OneDrive - Drexel University\STAR Scholars\UnderWatch\Under Watch} with connection: socket connection from /127.0.0.1:50480 to /127.0.0.1:50618.
2025-01-12T19:06:13.891-0500 [DEBUG] [org.gradle.launcher.daemon.server.DaemonStateCoordinator] Command execution: started DaemonCommandExecution[command = Build{id=5de3d14a-c392-4161-b38c-8b036eb207a9, currentDir=C:\Users\zemer\OneDrive - Drexel University\STAR Scholars\UnderWatch\Under Watch}, connection = DefaultDaemonConnection: socket connection from /127.0.0.1:50480 to /127.0.0.1:50618] after 0.0 minutes of idle
2025-01-12T19:06:13.891-0500 [INFO] [org.gradle.launcher.daemon.server.DaemonRegistryUpdater] Marking the daemon as busy, address: [e0055b28-ef8e-40a3-a01a-d0ca9b03dd25 port:50480, addresses:[localhost/127.0.0.1]]
2025-01-12T19:06:13.891-0500 [DEBUG] [org.gradle.launcher.daemon.registry.PersistentDaemonRegistry] Marking busy by address: [e0055b28-ef8e-40a3-a01a-d0ca9b03dd25 port:50480, addresses:[localhost/127.0.0.1]]
2025-01-12T19:06:13.892-0500 [DEBUG] [org.gradle.cache.internal.DefaultFileLockManager] Waiting to acquire exclusive lock on daemon addresses registry.
2025-01-12T19:06:13.892-0500 [DEBUG] [org.gradle.cache.internal.DefaultFileLockManager] Lock acquired on daemon addresses registry.
2025-01-12T19:06:13.893-0500 [DEBUG] [org.gradle.cache.internal.DefaultFileLockManager] Releasing lock on daemon addresses registry.
2025-01-12T19:06:13.893-0500 [DEBUG] [org.gradle.launcher.daemon.server.DaemonStateCoordinator] resetting idle timer
2025-01-12T19:06:13.893-0500 [DEBUG] [org.gradle.launcher.daemon.server.DaemonStateCoordinator] daemon is running. Sleeping until state changes.
2025-01-12T19:06:13.893-0500 [INFO] [org.gradle.launcher.daemon.server.exec.StartBuildOrRespondWithBusy] Daemon is about to start building Build{id=5de3d14a-c392-4161-b38c-8b036eb207a9, currentDir=C:\Users\zemer\OneDrive - Drexel University\STAR Scholars\UnderWatch\Under Watch}. Dispatching build started information...
2025-01-12T19:06:13.893-0500 [DEBUG] [org.gradle.launcher.daemon.server.SynchronizedDispatchConnection] thread 42: dispatching org.gradle.launcher.daemon.protocol.BuildStarted@47474388
2025-01-12T19:06:13.894-0500 [DEBUG] [org.gradle.launcher.daemon.server.exec.EstablishBuildEnvironment] Configuring env variables: [USERDOMAIN_ROAMINGPROFILE, PROCESSOR_LEVEL, SESSIONNAME, ALLUSERSPROFILE, PROCESSOR_ARCHITECTURE, PSModulePath, SystemDrive, ACSvcPort, USERNAME, ProgramFiles(x86), ACSetupSvcPort, FPS_BROWSER_USER_PROFILE_STRING, PATHEXT, DriverData, OneDriveConsumer, EFC_6704, ProgramData, ProgramW6432, HOMEPATH, PROCESSOR_IDENTIFIER, ProgramFiles, PUBLIC, windir, =::, OneDriveCommercial, LOCALAPPDATA, USERDOMAIN, LOGONSERVER, FPS_BROWSER_APP_PROFILE_STRING, JAVA_HOME, RlsSvcPort, OneDrive, APPDATA, CommonProgramFiles, Path, OS, COMPUTERNAME, PROCESSOR_REVISION, CommonProgramW6432, ComSpec, TEMP, SystemRoot, HOMEDRIVE, USERPROFILE, TMP, P4IGNORE, CommonProgramFiles(x86), NUMBER_OF_PROCESSORS, IDEA_INITIAL_DIRECTORY]
2025-01-12T19:06:13.895-0500 [DEBUG] [org.gradle.launcher.daemon.server.exec.LogToClient] About to start relaying all logs to the client via the connection.
2025-01-12T19:06:13.895-0500 [INFO] [org.gradle.launcher.daemon.server.exec.LogToClient] The client will now receive all logging from the daemon (pid: 34516). The daemon log file: C:\Users\zemer\OneDrive - Drexel University\STAR Scholars\UnderWatch\Under Watch\daemon\8.5\daemon-34516.out.log
2025-01-12T19:06:13.895-0500 [INFO] [org.gradle.launcher.daemon.server.exec.LogAndCheckHealth] Starting 3rd build in daemon [uptime: 1 mins 38.435 secs, performance: 98%, GC rate: 0.00/s, heap usage: 0% of 512 MiB, non-heap usage: 6% of 384 MiB]
2025-01-12T19:06:13.895-0500 [DEBUG] [org.gradle.launcher.daemon.server.exec.ExecuteBuild] The daemon has started executing the build.
2025-01-12T19:06:13.895-0500 [DEBUG] [org.gradle.launcher.daemon.server.exec.ExecuteBuild] Executing build with daemon context: DefaultDaemonContext[uid=bde09994-34e2-488f-a3c2-900c0bdf01b1,javaHome=C:\Program Files\Android\Android Studio\jbr,daemonRegistryDir=C:\Users\zemer\OneDrive - Drexel University\STAR Scholars\UnderWatch\Under Watch\daemon,pid=34516,idleTimeout=10800000,priority=NORMAL,applyInstrumentationAgent=true,daemonOpts=--add-opens=java.base/java.util=ALL-UNNAMED,--add-opens=java.base/java.lang=ALL-UNNAMED,--add-opens=java.base/java.lang.invoke=ALL-UNNAMED,--add-opens=java.prefs/java.util.prefs=ALL-UNNAMED,--add-opens=java.base/java.nio.charset=ALL-UNNAMED,--add-opens=java.base/java.net=ALL-UNNAMED,--add-opens=java.base/java.util.concurrent.atomic=ALL-UNNAMED,-XX:MaxMetaspaceSize=384m,-XX:+HeapDumpOnOutOfMemoryError,-Xms256m,-Xmx512m,-Dfile.encoding=windows-1252,-Duser.country=US,-Duser.language=en,-Duser.variant]

FAILURE: Build failed with an exception.

* What went wrong:
Directory 'C:\Users\zemer\OneDrive - Drexel University\STAR Scholars\UnderWatch\Under Watch' does not contain a Gradle build.

A Gradle build should contain a 'settings.gradle' or 'settings.gradle.kts' file in its root directory. It may also contain a 'build.gradle' or 'build.gradle.kts' file.

To create a new Gradle build in this directory run 'gradle init'

For more information about the 'init' task, please refer to https://docs.gradle.org/8.5/userguide/build_init_plugin.html in the Gradle documentation.

For more details on creating a Gradle build, please refer to https://docs.gradle.org/8.5/userguide/tutorial_using_tasks.html in the Gradle documentation.

* Try:
> Run gradle init to create a new Gradle build in this directory.
> Run with --stacktrace option to get the stack trace.
> Run with --info or --debug option to get more log output.
> Get more help at https://help.gradle.org.

BUILD FAILED in 16ms
2025-01-12T19:06:13.915-0500 [DEBUG] [org.gradle.launcher.daemon.server.exec.ExecuteBuild] The daemon has finished executing the build.
2025-01-12T19:06:13.917-0500 [DEBUG] [org.gradle.launcher.daemon.server.DaemonStateCoordinator] daemon is running. Sleeping until state changes.
2025-01-12T19:06:13.917-0500 [DEBUG] [org.gradle.launcher.daemon.server.DaemonStateCoordinator] Command execution: finished waiting for DaemonCommandExecution[command = Build{id=5de3d14a-c392-4161-b38c-8b036eb207a9, currentDir=C:\Users\zemer\OneDrive - Drexel University\STAR Scholars\UnderWatch\Under Watch}, connection = DefaultDaemonConnection: socket connection from /127.0.0.1:50480 to /127.0.0.1:50618]. Result org.gradle.launcher.daemon.server.DaemonStateCoordinator@2ba32da with state Busy
2025-01-12T19:06:13.917-0500 [DEBUG] [org.gradle.launcher.daemon.server.DaemonStateCoordinator] Command execution: completed DaemonCommandExecution[command = Build{id=5de3d14a-c392-4161-b38c-8b036eb207a9, currentDir=C:\Users\zemer\OneDrive - Drexel University\STAR Scholars\UnderWatch\Under Watch}, connection = DefaultDaemonConnection: socket connection from /127.0.0.1:50480 to /127.0.0.1:50618]
2025-01-12T19:06:13.917-0500 [DEBUG] [org.gradle.launcher.daemon.server.DaemonStateCoordinator] resetting idle timer
2025-01-12T19:06:13.917-0500 [INFO] [org.gradle.launcher.daemon.server.DaemonRegistryUpdater] Marking the daemon as idle, address: [e0055b28-ef8e-40a3-a01a-d0ca9b03dd25 port:50480, addresses:[localhost/127.0.0.1]]
2025-01-12T19:06:13.917-0500 [DEBUG] [org.gradle.launcher.daemon.registry.PersistentDaemonRegistry] Marking busy by address: [e0055b28-ef8e-40a3-a01a-d0ca9b03dd25 port:50480, addresses:[localhost/127.0.0.1]]
2025-01-12T19:06:13.918-0500 [DEBUG] [org.gradle.cache.internal.DefaultFileLockManager] Waiting to acquire exclusive lock on daemon addresses registry.
2025-01-12T19:06:13.918-0500 [DEBUG] [org.gradle.cache.internal.DefaultFileLockManager] Lock acquired on daemon addresses registry.
2025-01-12T19:06:13.919-0500 [DEBUG] [org.gradle.cache.internal.DefaultFileLockManager] Releasing lock on daemon addresses registry.
2025-01-12T19:06:13.919-0500 [DEBUG] [org.gradle.launcher.daemon.server.exec.ReturnResult] Daemon is dispatching the build result: Success[value=org.gradle.launcher.exec.BuildActionResult@696c48a3]
2025-01-12T19:06:13.919-0500 [DEBUG] [org.gradle.launcher.daemon.server.SynchronizedDispatchConnection] thread 39: dispatching Success[value=org.gradle.launcher.exec.BuildActionResult@696c48a3]
2025-01-12T19:06:13.919-0500 [DEBUG] [org.gradle.launcher.daemon.server.DaemonStateCoordinator] daemon is running. Sleeping until state changes.
2025-01-12T19:06:13.920-0500 [DEBUG] [org.gradle.launcher.daemon.server.DefaultIncomingConnectionHandler] Finishing executing command: Build{id=5de3d14a-c392-4161-b38c-8b036eb207a9, currentDir=C:\Users\zemer\OneDrive - Drexel University\STAR Scholars\UnderWatch\Under Watch}
2025-01-12T19:06:13.921-0500 [DEBUG] [org.gradle.launcher.daemon.server.SynchronizedDispatchConnection] thread 47: received class org.gradle.launcher.daemon.protocol.CloseInput
2025-01-12T19:06:13.921-0500 [DEBUG] [org.gradle.launcher.daemon.server.DefaultDaemonConnection] thread 47: Received IO message from client: org.gradle.launcher.daemon.protocol.CloseInput@18bd6d29
2025-01-12T19:06:13.921-0500 [DEBUG] [org.gradle.launcher.daemon.server.SynchronizedDispatchConnection] thread 47: received class org.gradle.launcher.daemon.protocol.Finished
2025-01-12T19:06:13.921-0500 [DEBUG] [org.gradle.launcher.daemon.server.DefaultDaemonConnection] thread 47: Received non-IO message from client: org.gradle.launcher.daemon.protocol.Finished@167a804e
2025-01-12T19:06:13.921-0500 [DEBUG] [org.gradle.launcher.daemon.server.DefaultIncomingConnectionHandler] Received finished message: org.gradle.launcher.daemon.protocol.Finished@167a804e
2025-01-12T19:06:13.921-0500 [DEBUG] [org.gradle.internal.remote.internal.inet.SocketConnection] Discarding EOFException: java.io.EOFException
2025-01-12T19:06:13.921-0500 [DEBUG] [org.gradle.launcher.daemon.server.SynchronizedDispatchConnection] thread 47: received null
2025-01-12T19:06:13.921-0500 [DEBUG] [org.gradle.launcher.daemon.server.DefaultDaemonConnection] thread 47: Received end-of-input from client.
2025-01-12T19:06:13.921-0500 [DEBUG] [org.gradle.launcher.daemon.server.SynchronizedDispatchConnection] thread 39: stopping connection
2025-01-12T19:06:13.921-0500 [DEBUG] [org.gradle.launcher.daemon.server.SynchronizedDispatchConnection] thread 39: stopping connection
2025-01-12T19:06:15.725-0500 [DEBUG] [org.gradle.cache.internal.DefaultFileLockManager] Waiting to acquire shared lock on daemon addresses registry.
2025-01-12T19:06:15.725-0500 [DEBUG] [org.gradle.cache.internal.DefaultFileLockManager] Lock acquired on daemon addresses registry.
2025-01-12T19:06:15.725-0500 [DEBUG] [org.gradle.cache.internal.DefaultFileLockManager] Releasing lock on daemon addresses registry.
2025-01-12T19:06:15.726-0500 [DEBUG] [org.gradle.cache.internal.DefaultFileLockManager] Waiting to acquire shared lock on daemon addresses registry.
2025-01-12T19:06:15.726-0500 [DEBUG] [org.gradle.cache.internal.DefaultFileLockManager] Lock acquired on daemon addresses registry.
2025-01-12T19:06:15.726-0500 [DEBUG] [org.gradle.cache.internal.DefaultFileLockManager] Releasing lock on daemon addresses registry.
2025-01-12T19:06:25.717-0500 [DEBUG] [org.gradle.cache.internal.DefaultFileLockManager] Waiting to acquire shared lock on daemon addresses registry.
2025-01-12T19:06:25.717-0500 [DEBUG] [org.gradle.cache.internal.DefaultFileLockManager] Lock acquired on daemon addresses registry.
2025-01-12T19:06:25.717-0500 [DEBUG] [org.gradle.cache.internal.DefaultFileLockManager] Releasing lock on daemon addresses registry.
2025-01-12T19:06:25.718-0500 [DEBUG] [org.gradle.cache.internal.DefaultFileLockManager] Waiting to acquire shared lock on daemon addresses registry.
2025-01-12T19:06:25.718-0500 [DEBUG] [org.gradle.cache.internal.DefaultFileLockManager] Lock acquired on daemon addresses registry.
2025-01-12T19:06:25.718-0500 [DEBUG] [org.gradle.cache.internal.DefaultFileLockManager] Releasing lock on daemon addresses registry.
2025-01-12T19:06:25.719-0500 [DEBUG] [org.gradle.cache.internal.DefaultFileLockManager] Waiting to acquire shared lock on daemon addresses registry.
2025-01-12T19:06:25.719-0500 [DEBUG] [org.gradle.cache.internal.DefaultFileLockManager] Lock acquired on daemon addresses registry.
2025-01-12T19:06:25.719-0500 [DEBUG] [org.gradle.cache.internal.DefaultFileLockManager] Releasing lock on daemon addresses registry.
2025-01-12T19:06:35.721-0500 [DEBUG] [org.gradle.cache.internal.DefaultFileLockManager] Waiting to acquire shared lock on daemon addresses registry.
2025-01-12T19:06:35.721-0500 [DEBUG] [org.gradle.cache.internal.DefaultFileLockManager] Lock acquired on daemon addresses registry.
2025-01-12T19:06:35.721-0500 [DEBUG] [org.gradle.cache.internal.DefaultFileLockManager] Releasing lock on daemon addresses registry.
2025-01-12T19:06:35.722-0500 [DEBUG] [org.gradle.cache.internal.DefaultFileLockManager] Waiting to acquire shared lock on daemon addresses registry.
2025-01-12T19:06:35.722-0500 [DEBUG] [org.gradle.cache.internal.DefaultFileLockManager] Lock acquired on daemon addresses registry.
2025-01-12T19:06:35.722-0500 [DEBUG] [org.gradle.cache.internal.DefaultFileLockManager] Releasing lock on daemon addresses registry.
2025-01-12T19:06:35.723-0500 [DEBUG] [org.gradle.cache.internal.DefaultFileLockManager] Waiting to acquire shared lock on daemon addresses registry.
2025-01-12T19:06:35.723-0500 [DEBUG] [org.gradle.cache.internal.DefaultFileLockManager] Lock acquired on daemon addresses registry.
2025-01-12T19:06:35.723-0500 [DEBUG] [org.gradle.cache.internal.DefaultFileLockManager] Releasing lock on daemon addresses registry.
2025-01-12T19:06:45.719-0500 [DEBUG] [org.gradle.cache.internal.DefaultFileLockManager] Waiting to acquire shared lock on daemon addresses registry.
2025-01-12T19:06:45.719-0500 [DEBUG] [org.gradle.cache.internal.DefaultFileLockManager] Lock acquired on daemon addresses registry.
2025-01-12T19:06:45.719-0500 [DEBUG] [org.gradle.cache.internal.DefaultFileLockManager] Releasing lock on daemon addresses registry.
2025-01-12T19:06:45.720-0500 [DEBUG] [org.gradle.cache.internal.DefaultFileLockManager] Waiting to acquire shared lock on daemon addresses registry.
2025-01-12T19:06:45.720-0500 [DEBUG] [org.gradle.cache.internal.DefaultFileLockManager] Lock acquired on daemon addresses registry.
2025-01-12T19:06:45.720-0500 [DEBUG] [org.gradle.cache.internal.DefaultFileLockManager] Releasing lock on daemon addresses registry.
2025-01-12T19:06:45.721-0500 [DEBUG] [org.gradle.cache.internal.DefaultFileLockManager] Waiting to acquire shared lock on daemon addresses registry.
2025-01-12T19:06:45.721-0500 [DEBUG] [org.gradle.cache.internal.DefaultFileLockManager] Lock acquired on daemon addresses registry.
2025-01-12T19:06:45.721-0500 [DEBUG] [org.gradle.cache.internal.DefaultFileLockManager] Releasing lock on daemon addresses registry.
2025-01-12T19:06:55.723-0500 [DEBUG] [org.gradle.cache.internal.DefaultFileLockManager] Waiting to acquire shared lock on daemon addresses registry.
2025-01-12T19:06:55.723-0500 [DEBUG] [org.gradle.cache.internal.DefaultFileLockManager] Lock acquired on daemon addresses registry.
2025-01-12T19:06:55.723-0500 [DEBUG] [org.gradle.cache.internal.DefaultFileLockManager] Releasing lock on daemon addresses registry.
2025-01-12T19:06:55.724-0500 [DEBUG] [org.gradle.cache.internal.DefaultFileLockManager] Waiting to acquire shared lock on daemon addresses registry.
2025-01-12T19:06:55.724-0500 [DEBUG] [org.gradle.cache.internal.DefaultFileLockManager] Lock acquired on daemon addresses registry.
2025-01-12T19:06:55.724-0500 [DEBUG] [org.gradle.cache.internal.DefaultFileLockManager] Releasing lock on daemon addresses registry.
2025-01-12T19:06:55.725-0500 [DEBUG] [org.gradle.cache.internal.DefaultFileLockManager] Waiting to acquire shared lock on daemon addresses registry.
2025-01-12T19:06:55.726-0500 [DEBUG] [org.gradle.cache.internal.DefaultFileLockManager] Lock acquired on daemon addresses registry.
2025-01-12T19:06:55.726-0500 [DEBUG] [org.gradle.cache.internal.DefaultFileLockManager] Releasing lock on daemon addresses registry.
2025-01-12T19:07:05.717-0500 [DEBUG] [org.gradle.cache.internal.DefaultFileLockManager] Waiting to acquire shared lock on daemon addresses registry.
2025-01-12T19:07:05.717-0500 [DEBUG] [org.gradle.cache.internal.DefaultFileLockManager] Lock acquired on daemon addresses registry.
2025-01-12T19:07:05.717-0500 [DEBUG] [org.gradle.cache.internal.DefaultFileLockManager] Releasing lock on daemon addresses registry.
2025-01-12T19:07:05.718-0500 [DEBUG] [org.gradle.cache.internal.DefaultFileLockManager] Waiting to acquire shared lock on daemon addresses registry.
2025-01-12T19:07:05.718-0500 [DEBUG] [org.gradle.cache.internal.DefaultFileLockManager] Lock acquired on daemon addresses registry.
2025-01-12T19:07:05.718-0500 [DEBUG] [org.gradle.cache.internal.DefaultFileLockManager] Releasing lock on daemon addresses registry.
2025-01-12T19:07:05.719-0500 [DEBUG] [org.gradle.cache.internal.DefaultFileLockManager] Waiting to acquire shared lock on daemon addresses registry.
2025-01-12T19:07:05.719-0500 [DEBUG] [org.gradle.cache.internal.DefaultFileLockManager] Lock acquired on daemon addresses registry.
2025-01-12T19:07:05.719-0500 [DEBUG] [org.gradle.cache.internal.DefaultFileLockManager] Releasing lock on daemon addresses registry.
2025-01-12T19:07:15.729-0500 [DEBUG] [org.gradle.cache.internal.DefaultFileLockManager] Waiting to acquire shared lock on daemon addresses registry.
2025-01-12T19:07:15.729-0500 [DEBUG] [org.gradle.cache.internal.DefaultFileLockManager] Lock acquired on daemon addresses registry.
2025-01-12T19:07:15.729-0500 [DEBUG] [org.gradle.cache.internal.DefaultFileLockManager] Releasing lock on daemon addresses registry.
2025-01-12T19:07:15.730-0500 [DEBUG] [org.gradle.cache.internal.DefaultFileLockManager] Waiting to acquire shared lock on daemon addresses registry.
2025-01-12T19:07:15.730-0500 [DEBUG] [org.gradle.cache.internal.DefaultFileLockManager] Lock acquired on daemon addresses registry.
2025-01-12T19:07:15.730-0500 [DEBUG] [org.gradle.cache.internal.DefaultFileLockManager] Releasing lock on daemon addresses registry.
2025-01-12T19:07:15.731-0500 [DEBUG] [org.gradle.cache.internal.DefaultFileLockManager] Waiting to acquire shared lock on daemon addresses registry.
2025-01-12T19:07:15.731-0500 [DEBUG] [org.gradle.cache.internal.DefaultFileLockManager] Lock acquired on daemon addresses registry.
2025-01-12T19:07:15.731-0500 [DEBUG] [org.gradle.cache.internal.DefaultFileLockManager] Releasing lock on daemon addresses registry.
2025-01-12T19:07:25.725-0500 [DEBUG] [org.gradle.cache.internal.DefaultFileLockManager] Waiting to acquire shared lock on daemon addresses registry.
2025-01-12T19:07:25.725-0500 [DEBUG] [org.gradle.cache.internal.DefaultFileLockManager] Lock acquired on daemon addresses registry.
2025-01-12T19:07:25.726-0500 [DEBUG] [org.gradle.cache.internal.DefaultFileLockManager] Releasing lock on daemon addresses registry.
2025-01-12T19:07:25.726-0500 [DEBUG] [org.gradle.cache.internal.DefaultFileLockManager] Waiting to acquire shared lock on daemon addresses registry.
2025-01-12T19:07:25.726-0500 [DEBUG] [org.gradle.cache.internal.DefaultFileLockManager] Lock acquired on daemon addresses registry.
2025-01-12T19:07:25.727-0500 [DEBUG] [org.gradle.cache.internal.DefaultFileLockManager] Releasing lock on daemon addresses registry.
2025-01-12T19:07:25.727-0500 [DEBUG] [org.gradle.cache.internal.DefaultFileLockManager] Waiting to acquire shared lock on daemon addresses registry.
2025-01-12T19:07:25.727-0500 [DEBUG] [org.gradle.cache.internal.DefaultFileLockManager] Lock acquired on daemon addresses registry.
2025-01-12T19:07:25.728-0500 [DEBUG] [org.gradle.cache.internal.DefaultFileLockManager] Releasing lock on daemon addresses registry.
2025-01-12T19:07:28.731-0500 [DEBUG] [org.gradle.internal.remote.internal.inet.TcpIncomingConnector] Accepted connection from /127.0.0.1:50716 to /127.0.0.1:50480.
2025-01-12T19:07:28.735-0500 [DEBUG] [org.gradle.launcher.daemon.server.SynchronizedDispatchConnection] thread 54: received class org.gradle.launcher.daemon.protocol.Build
2025-01-12T19:07:28.735-0500 [DEBUG] [org.gradle.launcher.daemon.server.DefaultDaemonConnection] thread 54: Received non-IO message from client: Build{id=cea3626a-442a-4e2b-bc49-b97e5a6754df, currentDir=C:\Users\zemer\OneDrive - Drexel University\STAR Scholars\UnderWatch\Under Watch}
2025-01-12T19:07:28.735-0500 [INFO] [org.gradle.launcher.daemon.server.DefaultIncomingConnectionHandler] Received command: Build{id=cea3626a-442a-4e2b-bc49-b97e5a6754df, currentDir=C:\Users\zemer\OneDrive - Drexel University\STAR Scholars\UnderWatch\Under Watch}.
2025-01-12T19:07:28.735-0500 [DEBUG] [org.gradle.launcher.daemon.server.DefaultIncomingConnectionHandler] Starting executing command: Build{id=cea3626a-442a-4e2b-bc49-b97e5a6754df, currentDir=C:\Users\zemer\OneDrive - Drexel University\STAR Scholars\UnderWatch\Under Watch} with connection: socket connection from /127.0.0.1:50480 to /127.0.0.1:50716.
2025-01-12T19:07:28.736-0500 [DEBUG] [org.gradle.launcher.daemon.server.DaemonStateCoordinator] Command execution: started DaemonCommandExecution[command = Build{id=cea3626a-442a-4e2b-bc49-b97e5a6754df, currentDir=C:\Users\zemer\OneDrive - Drexel University\STAR Scholars\UnderWatch\Under Watch}, connection = DefaultDaemonConnection: socket connection from /127.0.0.1:50480 to /127.0.0.1:50716] after 1.0 minutes of idle
2025-01-12T19:07:28.736-0500 [INFO] [org.gradle.launcher.daemon.server.DaemonRegistryUpdater] Marking the daemon as busy, address: [e0055b28-ef8e-40a3-a01a-d0ca9b03dd25 port:50480, addresses:[localhost/127.0.0.1]]
2025-01-12T19:07:28.736-0500 [DEBUG] [org.gradle.launcher.daemon.registry.PersistentDaemonRegistry] Marking busy by address: [e0055b28-ef8e-40a3-a01a-d0ca9b03dd25 port:50480, addresses:[localhost/127.0.0.1]]
2025-01-12T19:07:28.736-0500 [DEBUG] [org.gradle.cache.internal.DefaultFileLockManager] Waiting to acquire exclusive lock on daemon addresses registry.
2025-01-12T19:07:28.737-0500 [DEBUG] [org.gradle.cache.internal.DefaultFileLockManager] Lock acquired on daemon addresses registry.
2025-01-12T19:07:28.737-0500 [DEBUG] [org.gradle.cache.internal.DefaultFileLockManager] Releasing lock on daemon addresses registry.
2025-01-12T19:07:28.738-0500 [DEBUG] [org.gradle.launcher.daemon.server.DaemonStateCoordinator] resetting idle timer
2025-01-12T19:07:28.738-0500 [DEBUG] [org.gradle.launcher.daemon.server.DaemonStateCoordinator] daemon is running. Sleeping until state changes.
2025-01-12T19:07:28.738-0500 [INFO] [org.gradle.launcher.daemon.server.exec.StartBuildOrRespondWithBusy] Daemon is about to start building Build{id=cea3626a-442a-4e2b-bc49-b97e5a6754df, currentDir=C:\Users\zemer\OneDrive - Drexel University\STAR Scholars\UnderWatch\Under Watch}. Dispatching build started information...
2025-01-12T19:07:28.738-0500 [DEBUG] [org.gradle.launcher.daemon.server.SynchronizedDispatchConnection] thread 56: dispatching org.gradle.launcher.daemon.protocol.BuildStarted@2a250b1c
2025-01-12T19:07:28.739-0500 [DEBUG] [org.gradle.launcher.daemon.server.exec.EstablishBuildEnvironment] Configuring env variables: [USERDOMAIN_ROAMINGPROFILE, PROCESSOR_LEVEL, SESSIONNAME, ALLUSERSPROFILE, PROCESSOR_ARCHITECTURE, PSModulePath, SystemDrive, ACSvcPort, USERNAME, ProgramFiles(x86), ACSetupSvcPort, FPS_BROWSER_USER_PROFILE_STRING, PATHEXT, DriverData, OneDriveConsumer, EFC_6704, ProgramData, ProgramW6432, HOMEPATH, PROCESSOR_IDENTIFIER, ProgramFiles, PUBLIC, windir, =::, OneDriveCommercial, LOCALAPPDATA, USERDOMAIN, LOGONSERVER, FPS_BROWSER_APP_PROFILE_STRING, JAVA_HOME, RlsSvcPort, OneDrive, APPDATA, CommonProgramFiles, Path, OS, COMPUTERNAME, PROCESSOR_REVISION, CommonProgramW6432, ComSpec, TEMP, SystemRoot, HOMEDRIVE, USERPROFILE, TMP, P4IGNORE, CommonProgramFiles(x86), NUMBER_OF_PROCESSORS, IDEA_INITIAL_DIRECTORY]
2025-01-12T19:07:28.739-0500 [DEBUG] [org.gradle.launcher.daemon.server.exec.LogToClient] About to start relaying all logs to the client via the connection.
2025-01-12T19:07:28.739-0500 [INFO] [org.gradle.launcher.daemon.server.exec.LogToClient] The client will now receive all logging from the daemon (pid: 34516). The daemon log file: C:\Users\zemer\OneDrive - Drexel University\STAR Scholars\UnderWatch\Under Watch\daemon\8.5\daemon-34516.out.log
2025-01-12T19:07:28.740-0500 [INFO] [org.gradle.launcher.daemon.server.exec.LogAndCheckHealth] Starting 4th build in daemon [uptime: 2 mins 53.281 secs, performance: 99%, GC rate: 0.00/s, heap usage: 0% of 512 MiB, non-heap usage: 6% of 384 MiB]
2025-01-12T19:07:28.740-0500 [DEBUG] [org.gradle.launcher.daemon.server.exec.ExecuteBuild] The daemon has started executing the build.
2025-01-12T19:07:28.740-0500 [DEBUG] [org.gradle.launcher.daemon.server.exec.ExecuteBuild] Executing build with daemon context: DefaultDaemonContext[uid=bde09994-34e2-488f-a3c2-900c0bdf01b1,javaHome=C:\Program Files\Android\Android Studio\jbr,daemonRegistryDir=C:\Users\zemer\OneDrive - Drexel University\STAR Scholars\UnderWatch\Under Watch\daemon,pid=34516,idleTimeout=10800000,priority=NORMAL,applyInstrumentationAgent=true,daemonOpts=--add-opens=java.base/java.util=ALL-UNNAMED,--add-opens=java.base/java.lang=ALL-UNNAMED,--add-opens=java.base/java.lang.invoke=ALL-UNNAMED,--add-opens=java.prefs/java.util.prefs=ALL-UNNAMED,--add-opens=java.base/java.nio.charset=ALL-UNNAMED,--add-opens=java.base/java.net=ALL-UNNAMED,--add-opens=java.base/java.util.concurrent.atomic=ALL-UNNAMED,-XX:MaxMetaspaceSize=384m,-XX:+HeapDumpOnOutOfMemoryError,-Xms256m,-Xmx512m,-Dfile.encoding=windows-1252,-Duser.country=US,-Duser.language=en,-Duser.variant]

FAILURE: Build failed with an exception.

* What went wrong:
Directory 'C:\Users\zemer\OneDrive - Drexel University\STAR Scholars\UnderWatch\Under Watch' does not contain a Gradle build.

A Gradle build should contain a 'settings.gradle' or 'settings.gradle.kts' file in its root directory. It may also contain a 'build.gradle' or 'build.gradle.kts' file.

To create a new Gradle build in this directory run 'gradle init'

For more information about the 'init' task, please refer to https://docs.gradle.org/8.5/userguide/build_init_plugin.html in the Gradle documentation.

For more details on creating a Gradle build, please refer to https://docs.gradle.org/8.5/userguide/tutorial_using_tasks.html in the Gradle documentation.

* Try:
> Run gradle init to create a new Gradle build in this directory.
> Run with --stacktrace option to get the stack trace.
> Run with --info or --debug option to get more log output.
> Get more help at https://help.gradle.org.

BUILD FAILED in 17ms
2025-01-12T19:07:28.757-0500 [DEBUG] [org.gradle.launcher.daemon.server.exec.ExecuteBuild] The daemon has finished executing the build.
2025-01-12T19:07:28.758-0500 [DEBUG] [org.gradle.launcher.daemon.server.DaemonStateCoordinator] daemon is running. Sleeping until state changes.
2025-01-12T19:07:28.758-0500 [DEBUG] [org.gradle.launcher.daemon.server.DaemonStateCoordinator] Command execution: finished waiting for DaemonCommandExecution[command = Build{id=cea3626a-442a-4e2b-bc49-b97e5a6754df, currentDir=C:\Users\zemer\OneDrive - Drexel University\STAR Scholars\UnderWatch\Under Watch}, connection = DefaultDaemonConnection: socket connection from /127.0.0.1:50480 to /127.0.0.1:50716]. Result org.gradle.launcher.daemon.server.DaemonStateCoordinator@2ba32da with state Busy
2025-01-12T19:07:28.758-0500 [DEBUG] [org.gradle.launcher.daemon.server.DaemonStateCoordinator] Command execution: completed DaemonCommandExecution[command = Build{id=cea3626a-442a-4e2b-bc49-b97e5a6754df, currentDir=C:\Users\zemer\OneDrive - Drexel University\STAR Scholars\UnderWatch\Under Watch}, connection = DefaultDaemonConnection: socket connection from /127.0.0.1:50480 to /127.0.0.1:50716]
2025-01-12T19:07:28.758-0500 [DEBUG] [org.gradle.launcher.daemon.server.DaemonStateCoordinator] resetting idle timer
2025-01-12T19:07:28.758-0500 [INFO] [org.gradle.launcher.daemon.server.DaemonRegistryUpdater] Marking the daemon as idle, address: [e0055b28-ef8e-40a3-a01a-d0ca9b03dd25 port:50480, addresses:[localhost/127.0.0.1]]
2025-01-12T19:07:28.758-0500 [DEBUG] [org.gradle.launcher.daemon.registry.PersistentDaemonRegistry] Marking busy by address: [e0055b28-ef8e-40a3-a01a-d0ca9b03dd25 port:50480, addresses:[localhost/127.0.0.1]]
2025-01-12T19:07:28.759-0500 [DEBUG] [org.gradle.cache.internal.DefaultFileLockManager] Waiting to acquire exclusive lock on daemon addresses registry.
2025-01-12T19:07:28.759-0500 [DEBUG] [org.gradle.cache.internal.DefaultFileLockManager] Lock acquired on daemon addresses registry.
2025-01-12T19:07:28.760-0500 [DEBUG] [org.gradle.cache.internal.DefaultFileLockManager] Releasing lock on daemon addresses registry.
2025-01-12T19:07:28.760-0500 [DEBUG] [org.gradle.launcher.daemon.server.exec.ReturnResult] Daemon is dispatching the build result: Success[value=org.gradle.launcher.exec.BuildActionResult@38d7d28e]
2025-01-12T19:07:28.760-0500 [DEBUG] [org.gradle.launcher.daemon.server.SynchronizedDispatchConnection] thread 53: dispatching Success[value=org.gradle.launcher.exec.BuildActionResult@38d7d28e]
2025-01-12T19:07:28.760-0500 [DEBUG] [org.gradle.launcher.daemon.server.DaemonStateCoordinator] daemon is running. Sleeping until state changes.
2025-01-12T19:07:28.761-0500 [DEBUG] [org.gradle.launcher.daemon.server.DefaultIncomingConnectionHandler] Finishing executing command: Build{id=cea3626a-442a-4e2b-bc49-b97e5a6754df, currentDir=C:\Users\zemer\OneDrive - Drexel University\STAR Scholars\UnderWatch\Under Watch}
2025-01-12T19:07:28.762-0500 [DEBUG] [org.gradle.launcher.daemon.server.SynchronizedDispatchConnection] thread 54: received class org.gradle.launcher.daemon.protocol.CloseInput
2025-01-12T19:07:28.762-0500 [DEBUG] [org.gradle.launcher.daemon.server.DefaultDaemonConnection] thread 54: Received IO message from client: org.gradle.launcher.daemon.protocol.CloseInput@6ce40d39
2025-01-12T19:07:28.762-0500 [DEBUG] [org.gradle.launcher.daemon.server.SynchronizedDispatchConnection] thread 54: received class org.gradle.launcher.daemon.protocol.Finished
2025-01-12T19:07:28.762-0500 [DEBUG] [org.gradle.launcher.daemon.server.DefaultDaemonConnection] thread 54: Received non-IO message from client: org.gradle.launcher.daemon.protocol.Finished@6223eed5
2025-01-12T19:07:28.762-0500 [DEBUG] [org.gradle.launcher.daemon.server.DefaultIncomingConnectionHandler] Received finished message: org.gradle.launcher.daemon.protocol.Finished@6223eed5
2025-01-12T19:07:28.762-0500 [DEBUG] [org.gradle.internal.remote.internal.inet.SocketConnection] Discarding EOFException: java.io.EOFException
2025-01-12T19:07:28.762-0500 [DEBUG] [org.gradle.launcher.daemon.server.SynchronizedDispatchConnection] thread 54: received null
2025-01-12T19:07:28.763-0500 [DEBUG] [org.gradle.launcher.daemon.server.DefaultDaemonConnection] thread 54: Received end-of-input from client.
2025-01-12T19:07:28.762-0500 [DEBUG] [org.gradle.launcher.daemon.server.SynchronizedDispatchConnection] thread 53: stopping connection
2025-01-12T19:07:28.763-0500 [DEBUG] [org.gradle.launcher.daemon.server.SynchronizedDispatchConnection] thread 53: stopping connection
2025-01-12T19:07:35.721-0500 [DEBUG] [org.gradle.cache.internal.DefaultFileLockManager] Waiting to acquire shared lock on daemon addresses registry.
2025-01-12T19:07:35.721-0500 [DEBUG] [org.gradle.cache.internal.DefaultFileLockManager] Lock acquired on daemon addresses registry.
2025-01-12T19:07:35.721-0500 [DEBUG] [org.gradle.cache.internal.DefaultFileLockManager] Releasing lock on daemon addresses registry.
2025-01-12T19:07:35.722-0500 [DEBUG] [org.gradle.cache.internal.DefaultFileLockManager] Waiting to acquire shared lock on daemon addresses registry.
2025-01-12T19:07:35.722-0500 [DEBUG] [org.gradle.cache.internal.DefaultFileLockManager] Lock acquired on daemon addresses registry.
2025-01-12T19:07:35.722-0500 [DEBUG] [org.gradle.cache.internal.DefaultFileLockManager] Releasing lock on daemon addresses registry.
2025-01-12T19:07:45.724-0500 [DEBUG] [org.gradle.cache.internal.DefaultFileLockManager] Waiting to acquire shared lock on daemon addresses registry.
2025-01-12T19:07:45.724-0500 [DEBUG] [org.gradle.cache.internal.DefaultFileLockManager] Lock acquired on daemon addresses registry.
2025-01-12T19:07:45.725-0500 [DEBUG] [org.gradle.cache.internal.DefaultFileLockManager] Releasing lock on daemon addresses registry.
2025-01-12T19:07:45.725-0500 [DEBUG] [org.gradle.cache.internal.DefaultFileLockManager] Waiting to acquire shared lock on daemon addresses registry.
2025-01-12T19:07:45.725-0500 [DEBUG] [org.gradle.cache.internal.DefaultFileLockManager] Lock acquired on daemon addresses registry.
2025-01-12T19:07:45.725-0500 [DEBUG] [org.gradle.cache.internal.DefaultFileLockManager] Releasing lock on daemon addresses registry.
2025-01-12T19:07:45.726-0500 [DEBUG] [org.gradle.cache.internal.DefaultFileLockManager] Waiting to acquire shared lock on daemon addresses registry.
2025-01-12T19:07:45.726-0500 [DEBUG] [org.gradle.cache.internal.DefaultFileLockManager] Lock acquired on daemon addresses registry.
2025-01-12T19:07:45.726-0500 [DEBUG] [org.gradle.cache.internal.DefaultFileLockManager] Releasing lock on daemon addresses registry.
2025-01-12T19:07:55.718-0500 [DEBUG] [org.gradle.cache.internal.DefaultFileLockManager] Waiting to acquire shared lock on daemon addresses registry.
2025-01-12T19:07:55.718-0500 [DEBUG] [org.gradle.cache.internal.DefaultFileLockManager] Lock acquired on daemon addresses registry.
2025-01-12T19:07:55.718-0500 [DEBUG] [org.gradle.cache.internal.DefaultFileLockManager] Releasing lock on daemon addresses registry.
2025-01-12T19:07:55.719-0500 [DEBUG] [org.gradle.cache.internal.DefaultFileLockManager] Waiting to acquire shared lock on daemon addresses registry.
2025-01-12T19:07:55.719-0500 [DEBUG] [org.gradle.cache.internal.DefaultFileLockManager] Lock acquired on daemon addresses registry.
2025-01-12T19:07:55.719-0500 [DEBUG] [org.gradle.cache.internal.DefaultFileLockManager] Releasing lock on daemon addresses registry.
2025-01-12T19:07:55.720-0500 [DEBUG] [org.gradle.cache.internal.DefaultFileLockManager] Waiting to acquire shared lock on daemon addresses registry.
2025-01-12T19:07:55.720-0500 [DEBUG] [org.gradle.cache.internal.DefaultFileLockManager] Lock acquired on daemon addresses registry.
2025-01-12T19:07:55.720-0500 [DEBUG] [org.gradle.cache.internal.DefaultFileLockManager] Releasing lock on daemon addresses registry.
2025-01-12T19:08:05.724-0500 [DEBUG] [org.gradle.cache.internal.DefaultFileLockManager] Waiting to acquire shared lock on daemon addresses registry.
2025-01-12T19:08:05.725-0500 [DEBUG] [org.gradle.cache.internal.DefaultFileLockManager] Lock acquired on daemon addresses registry.
2025-01-12T19:08:05.725-0500 [DEBUG] [org.gradle.cache.internal.DefaultFileLockManager] Releasing lock on daemon addresses registry.
2025-01-12T19:08:05.726-0500 [DEBUG] [org.gradle.cache.internal.DefaultFileLockManager] Waiting to acquire shared lock on daemon addresses registry.
2025-01-12T19:08:05.726-0500 [DEBUG] [org.gradle.cache.internal.DefaultFileLockManager] Lock acquired on daemon addresses registry.
2025-01-12T19:08:05.726-0500 [DEBUG] [org.gradle.cache.internal.DefaultFileLockManager] Releasing lock on daemon addresses registry.
2025-01-12T19:08:05.727-0500 [DEBUG] [org.gradle.cache.internal.DefaultFileLockManager] Waiting to acquire shared lock on daemon addresses registry.
2025-01-12T19:08:05.727-0500 [DEBUG] [org.gradle.cache.internal.DefaultFileLockManager] Lock acquired on daemon addresses registry.
2025-01-12T19:08:05.727-0500 [DEBUG] [org.gradle.cache.internal.DefaultFileLockManager] Releasing lock on daemon addresses registry.
2025-01-12T19:08:15.716-0500 [DEBUG] [org.gradle.cache.internal.DefaultFileLockManager] Waiting to acquire shared lock on daemon addresses registry.
2025-01-12T19:08:15.716-0500 [DEBUG] [org.gradle.cache.internal.DefaultFileLockManager] Lock acquired on daemon addresses registry.
2025-01-12T19:08:15.716-0500 [DEBUG] [org.gradle.cache.internal.DefaultFileLockManager] Releasing lock on daemon addresses registry.
2025-01-12T19:08:15.717-0500 [DEBUG] [org.gradle.cache.internal.DefaultFileLockManager] Waiting to acquire shared lock on daemon addresses registry.
2025-01-12T19:08:15.717-0500 [DEBUG] [org.gradle.cache.internal.DefaultFileLockManager] Lock acquired on daemon addresses registry.
2025-01-12T19:08:15.717-0500 [DEBUG] [org.gradle.cache.internal.DefaultFileLockManager] Releasing lock on daemon addresses registry.
2025-01-12T19:08:15.717-0500 [DEBUG] [org.gradle.cache.internal.DefaultFileLockManager] Waiting to acquire shared lock on daemon addresses registry.
2025-01-12T19:08:15.718-0500 [DEBUG] [org.gradle.cache.internal.DefaultFileLockManager] Lock acquired on daemon addresses registry.
2025-01-12T19:08:15.718-0500 [DEBUG] [org.gradle.cache.internal.DefaultFileLockManager] Releasing lock on daemon addresses registry.
2025-01-12T19:08:25.724-0500 [DEBUG] [org.gradle.cache.internal.DefaultFileLockManager] Waiting to acquire shared lock on daemon addresses registry.
2025-01-12T19:08:25.724-0500 [DEBUG] [org.gradle.cache.internal.DefaultFileLockManager] Lock acquired on daemon addresses registry.
2025-01-12T19:08:25.725-0500 [DEBUG] [org.gradle.cache.internal.DefaultFileLockManager] Releasing lock on daemon addresses registry.
2025-01-12T19:08:25.725-0500 [DEBUG] [org.gradle.cache.internal.DefaultFileLockManager] Waiting to acquire shared lock on daemon addresses registry.
2025-01-12T19:08:25.725-0500 [DEBUG] [org.gradle.cache.internal.DefaultFileLockManager] Lock acquired on daemon addresses registry.
2025-01-12T19:08:25.725-0500 [DEBUG] [org.gradle.cache.internal.DefaultFileLockManager] Releasing lock on daemon addresses registry.
2025-01-12T19:08:25.726-0500 [DEBUG] [org.gradle.cache.internal.DefaultFileLockManager] Waiting to acquire shared lock on daemon addresses registry.
2025-01-12T19:08:25.726-0500 [DEBUG] [org.gradle.cache.internal.DefaultFileLockManager] Lock acquired on daemon addresses registry.
2025-01-12T19:08:25.726-0500 [DEBUG] [org.gradle.cache.internal.DefaultFileLockManager] Releasing lock on daemon addresses registry.
2025-01-12T19:08:35.720-0500 [DEBUG] [org.gradle.cache.internal.DefaultFileLockManager] Waiting to acquire shared lock on daemon addresses registry.
2025-01-12T19:08:35.720-0500 [DEBUG] [org.gradle.cache.internal.DefaultFileLockManager] Lock acquired on daemon addresses registry.
2025-01-12T19:08:35.720-0500 [DEBUG] [org.gradle.cache.internal.DefaultFileLockManager] Releasing lock on daemon addresses registry.
2025-01-12T19:08:35.721-0500 [DEBUG] [org.gradle.cache.internal.DefaultFileLockManager] Waiting to acquire shared lock on daemon addresses registry.
2025-01-12T19:08:35.721-0500 [DEBUG] [org.gradle.cache.internal.DefaultFileLockManager] Lock acquired on daemon addresses registry.
2025-01-12T19:08:35.721-0500 [DEBUG] [org.gradle.cache.internal.DefaultFileLockManager] Releasing lock on daemon addresses registry.
2025-01-12T19:08:35.722-0500 [DEBUG] [org.gradle.cache.internal.DefaultFileLockManager] Waiting to acquire shared lock on daemon addresses registry.
2025-01-12T19:08:35.722-0500 [DEBUG] [org.gradle.cache.internal.DefaultFileLockManager] Lock acquired on daemon addresses registry.
2025-01-12T19:08:35.722-0500 [DEBUG] [org.gradle.cache.internal.DefaultFileLockManager] Releasing lock on daemon addresses registry.
2025-01-12T19:08:45.727-0500 [DEBUG] [org.gradle.cache.internal.DefaultFileLockManager] Waiting to acquire shared lock on daemon addresses registry.
2025-01-12T19:08:45.727-0500 [DEBUG] [org.gradle.cache.internal.DefaultFileLockManager] Lock acquired on daemon addresses registry.
2025-01-12T19:08:45.727-0500 [DEBUG] [org.gradle.cache.internal.DefaultFileLockManager] Releasing lock on daemon addresses registry.
2025-01-12T19:08:45.728-0500 [DEBUG] [org.gradle.cache.internal.DefaultFileLockManager] Waiting to acquire shared lock on daemon addresses registry.
2025-01-12T19:08:45.729-0500 [DEBUG] [org.gradle.cache.internal.DefaultFileLockManager] Lock acquired on daemon addresses registry.
2025-01-12T19:08:45.729-0500 [DEBUG] [org.gradle.cache.internal.DefaultFileLockManager] Releasing lock on daemon addresses registry.
2025-01-12T19:08:45.729-0500 [DEBUG] [org.gradle.cache.internal.DefaultFileLockManager] Waiting to acquire shared lock on daemon addresses registry.
2025-01-12T19:08:45.730-0500 [DEBUG] [org.gradle.cache.internal.DefaultFileLockManager] Lock acquired on daemon addresses registry.
2025-01-12T19:08:45.730-0500 [DEBUG] [org.gradle.cache.internal.DefaultFileLockManager] Releasing lock on daemon addresses registry.
2025-01-12T19:08:51.419-0500 [DEBUG] [org.gradle.internal.remote.internal.inet.TcpIncomingConnector] Accepted connection from /127.0.0.1:50817 to /127.0.0.1:50480.
2025-01-12T19:08:51.423-0500 [DEBUG] [org.gradle.launcher.daemon.server.SynchronizedDispatchConnection] thread 62: received class org.gradle.launcher.daemon.protocol.Build
2025-01-12T19:08:51.423-0500 [DEBUG] [org.gradle.launcher.daemon.server.DefaultDaemonConnection] thread 62: Received non-IO message from client: Build{id=3f69a7ff-229a-43e1-a326-88d1e033f5a5, currentDir=C:\Users\zemer\OneDrive - Drexel University\STAR Scholars\UnderWatch\Under Watch}
2025-01-12T19:08:51.423-0500 [INFO] [org.gradle.launcher.daemon.server.DefaultIncomingConnectionHandler] Received command: Build{id=3f69a7ff-229a-43e1-a326-88d1e033f5a5, currentDir=C:\Users\zemer\OneDrive - Drexel University\STAR Scholars\UnderWatch\Under Watch}.
2025-01-12T19:08:51.423-0500 [DEBUG] [org.gradle.launcher.daemon.server.DefaultIncomingConnectionHandler] Starting executing command: Build{id=3f69a7ff-229a-43e1-a326-88d1e033f5a5, currentDir=C:\Users\zemer\OneDrive - Drexel University\STAR Scholars\UnderWatch\Under Watch} with connection: socket connection from /127.0.0.1:50480 to /127.0.0.1:50817.
2025-01-12T19:08:51.423-0500 [DEBUG] [org.gradle.launcher.daemon.server.DaemonStateCoordinator] Command execution: started DaemonCommandExecution[command = Build{id=3f69a7ff-229a-43e1-a326-88d1e033f5a5, currentDir=C:\Users\zemer\OneDrive - Drexel University\STAR Scholars\UnderWatch\Under Watch}, connection = DefaultDaemonConnection: socket connection from /127.0.0.1:50480 to /127.0.0.1:50817] after 1.0 minutes of idle
2025-01-12T19:08:51.423-0500 [INFO] [org.gradle.launcher.daemon.server.DaemonRegistryUpdater] Marking the daemon as busy, address: [e0055b28-ef8e-40a3-a01a-d0ca9b03dd25 port:50480, addresses:[localhost/127.0.0.1]]
2025-01-12T19:08:51.423-0500 [DEBUG] [org.gradle.launcher.daemon.registry.PersistentDaemonRegistry] Marking busy by address: [e0055b28-ef8e-40a3-a01a-d0ca9b03dd25 port:50480, addresses:[localhost/127.0.0.1]]
2025-01-12T19:08:51.424-0500 [DEBUG] [org.gradle.cache.internal.DefaultFileLockManager] Waiting to acquire exclusive lock on daemon addresses registry.
2025-01-12T19:08:51.424-0500 [DEBUG] [org.gradle.cache.internal.DefaultFileLockManager] Lock acquired on daemon addresses registry.
2025-01-12T19:08:51.425-0500 [DEBUG] [org.gradle.cache.internal.DefaultFileLockManager] Releasing lock on daemon addresses registry.
2025-01-12T19:08:51.425-0500 [DEBUG] [org.gradle.launcher.daemon.server.DaemonStateCoordinator] resetting idle timer
2025-01-12T19:08:51.425-0500 [DEBUG] [org.gradle.launcher.daemon.server.DaemonStateCoordinator] daemon is running. Sleeping until state changes.
2025-01-12T19:08:51.426-0500 [INFO] [org.gradle.launcher.daemon.server.exec.StartBuildOrRespondWithBusy] Daemon is about to start building Build{id=3f69a7ff-229a-43e1-a326-88d1e033f5a5, currentDir=C:\Users\zemer\OneDrive - Drexel University\STAR Scholars\UnderWatch\Under Watch}. Dispatching build started information...
2025-01-12T19:08:51.426-0500 [DEBUG] [org.gradle.launcher.daemon.server.SynchronizedDispatchConnection] thread 64: dispatching org.gradle.launcher.daemon.protocol.BuildStarted@500210dd
2025-01-12T19:08:51.426-0500 [DEBUG] [org.gradle.launcher.daemon.server.exec.EstablishBuildEnvironment] Configuring env variables: [USERDOMAIN_ROAMINGPROFILE, PROCESSOR_LEVEL, SESSIONNAME, ALLUSERSPROFILE, PROCESSOR_ARCHITECTURE, PSModulePath, SystemDrive, ACSvcPort, USERNAME, ProgramFiles(x86), ACSetupSvcPort, FPS_BROWSER_USER_PROFILE_STRING, PATHEXT, DriverData, OneDriveConsumer, EFC_6704, ProgramData, ProgramW6432, HOMEPATH, PROCESSOR_IDENTIFIER, ProgramFiles, PUBLIC, windir, =::, OneDriveCommercial, LOCALAPPDATA, USERDOMAIN, LOGONSERVER, FPS_BROWSER_APP_PROFILE_STRING, JAVA_HOME, RlsSvcPort, OneDrive, APPDATA, CommonProgramFiles, Path, OS, COMPUTERNAME, PROCESSOR_REVISION, CommonProgramW6432, ComSpec, TEMP, SystemRoot, HOMEDRIVE, USERPROFILE, TMP, P4IGNORE, CommonProgramFiles(x86), NUMBER_OF_PROCESSORS, IDEA_INITIAL_DIRECTORY]
2025-01-12T19:08:51.427-0500 [DEBUG] [org.gradle.launcher.daemon.server.exec.LogToClient] About to start relaying all logs to the client via the connection.
2025-01-12T19:08:51.427-0500 [INFO] [org.gradle.launcher.daemon.server.exec.LogToClient] The client will now receive all logging from the daemon (pid: 34516). The daemon log file: C:\Users\zemer\OneDrive - Drexel University\STAR Scholars\UnderWatch\Under Watch\daemon\8.5\daemon-34516.out.log
2025-01-12T19:08:51.428-0500 [INFO] [org.gradle.launcher.daemon.server.exec.LogAndCheckHealth] Starting 5th build in daemon [uptime: 4 mins 15.969 secs, performance: 99%, GC rate: 0.00/s, heap usage: 0% of 512 MiB, non-heap usage: 6% of 384 MiB]
2025-01-12T19:08:51.428-0500 [DEBUG] [org.gradle.launcher.daemon.server.exec.ExecuteBuild] The daemon has started executing the build.
2025-01-12T19:08:51.428-0500 [DEBUG] [org.gradle.launcher.daemon.server.exec.ExecuteBuild] Executing build with daemon context: DefaultDaemonContext[uid=bde09994-34e2-488f-a3c2-900c0bdf01b1,javaHome=C:\Program Files\Android\Android Studio\jbr,daemonRegistryDir=C:\Users\zemer\OneDrive - Drexel University\STAR Scholars\UnderWatch\Under Watch\daemon,pid=34516,idleTimeout=10800000,priority=NORMAL,applyInstrumentationAgent=true,daemonOpts=--add-opens=java.base/java.util=ALL-UNNAMED,--add-opens=java.base/java.lang=ALL-UNNAMED,--add-opens=java.base/java.lang.invoke=ALL-UNNAMED,--add-opens=java.prefs/java.util.prefs=ALL-UNNAMED,--add-opens=java.base/java.nio.charset=ALL-UNNAMED,--add-opens=java.base/java.net=ALL-UNNAMED,--add-opens=java.base/java.util.concurrent.atomic=ALL-UNNAMED,-XX:MaxMetaspaceSize=384m,-XX:+HeapDumpOnOutOfMemoryError,-Xms256m,-Xmx512m,-Dfile.encoding=windows-1252,-Duser.country=US,-Duser.language=en,-Duser.variant]

FAILURE: Build failed with an exception.

* What went wrong:
Directory 'C:\Users\zemer\OneDrive - Drexel University\STAR Scholars\UnderWatch\Under Watch' does not contain a Gradle build.

A Gradle build should contain a 'settings.gradle' or 'settings.gradle.kts' file in its root directory. It may also contain a 'build.gradle' or 'build.gradle.kts' file.

To create a new Gradle build in this directory run 'gradle init'

For more information about the 'init' task, please refer to https://docs.gradle.org/8.5/userguide/build_init_plugin.html in the Gradle documentation.

For more details on creating a Gradle build, please refer to https://docs.gradle.org/8.5/userguide/tutorial_using_tasks.html in the Gradle documentation.

* Try:
> Run gradle init to create a new Gradle build in this directory.
> Run with --stacktrace option to get the stack trace.
> Run with --info or --debug option to get more log output.
> Get more help at https://help.gradle.org.

BUILD FAILED in 19ms
2025-01-12T19:08:51.442-0500 [DEBUG] [org.gradle.launcher.daemon.server.exec.ExecuteBuild] The daemon has finished executing the build.
2025-01-12T19:08:51.443-0500 [DEBUG] [org.gradle.launcher.daemon.server.DaemonStateCoordinator] daemon is running. Sleeping until state changes.
2025-01-12T19:08:51.443-0500 [DEBUG] [org.gradle.launcher.daemon.server.DaemonStateCoordinator] Command execution: finished waiting for DaemonCommandExecution[command = Build{id=3f69a7ff-229a-43e1-a326-88d1e033f5a5, currentDir=C:\Users\zemer\OneDrive - Drexel University\STAR Scholars\UnderWatch\Under Watch}, connection = DefaultDaemonConnection: socket connection from /127.0.0.1:50480 to /127.0.0.1:50817]. Result org.gradle.launcher.daemon.server.DaemonStateCoordinator@2ba32da with state Busy
2025-01-12T19:08:51.443-0500 [DEBUG] [org.gradle.launcher.daemon.server.DaemonStateCoordinator] Command execution: completed DaemonCommandExecution[command = Build{id=3f69a7ff-229a-43e1-a326-88d1e033f5a5, currentDir=C:\Users\zemer\OneDrive - Drexel University\STAR Scholars\UnderWatch\Under Watch}, connection = DefaultDaemonConnection: socket connection from /127.0.0.1:50480 to /127.0.0.1:50817]
2025-01-12T19:08:51.443-0500 [DEBUG] [org.gradle.launcher.daemon.server.DaemonStateCoordinator] resetting idle timer
2025-01-12T19:08:51.444-0500 [INFO] [org.gradle.launcher.daemon.server.DaemonRegistryUpdater] Marking the daemon as idle, address: [e0055b28-ef8e-40a3-a01a-d0ca9b03dd25 port:50480, addresses:[localhost/127.0.0.1]]
2025-01-12T19:08:51.444-0500 [DEBUG] [org.gradle.launcher.daemon.registry.PersistentDaemonRegistry] Marking busy by address: [e0055b28-ef8e-40a3-a01a-d0ca9b03dd25 port:50480, addresses:[localhost/127.0.0.1]]
2025-01-12T19:08:51.444-0500 [DEBUG] [org.gradle.cache.internal.DefaultFileLockManager] Waiting to acquire exclusive lock on daemon addresses registry.
2025-01-12T19:08:51.444-0500 [DEBUG] [org.gradle.cache.internal.DefaultFileLockManager] Lock acquired on daemon addresses registry.
2025-01-12T19:08:51.445-0500 [DEBUG] [org.gradle.cache.internal.DefaultFileLockManager] Releasing lock on daemon addresses registry.
2025-01-12T19:08:51.446-0500 [DEBUG] [org.gradle.launcher.daemon.server.DaemonStateCoordinator] daemon is running. Sleeping until state changes.
2025-01-12T19:08:51.446-0500 [DEBUG] [org.gradle.launcher.daemon.server.exec.ReturnResult] Daemon is dispatching the build result: Success[value=org.gradle.launcher.exec.BuildActionResult@23da9525]
2025-01-12T19:08:51.446-0500 [DEBUG] [org.gradle.launcher.daemon.server.SynchronizedDispatchConnection] thread 61: dispatching Success[value=org.gradle.launcher.exec.BuildActionResult@23da9525]
2025-01-12T19:08:51.446-0500 [DEBUG] [org.gradle.launcher.daemon.server.DefaultIncomingConnectionHandler] Finishing executing command: Build{id=3f69a7ff-229a-43e1-a326-88d1e033f5a5, currentDir=C:\Users\zemer\OneDrive - Drexel University\STAR Scholars\UnderWatch\Under Watch}
2025-01-12T19:08:51.448-0500 [DEBUG] [org.gradle.launcher.daemon.server.SynchronizedDispatchConnection] thread 62: received class org.gradle.launcher.daemon.protocol.CloseInput
2025-01-12T19:08:51.448-0500 [DEBUG] [org.gradle.launcher.daemon.server.DefaultDaemonConnection] thread 62: Received IO message from client: org.gradle.launcher.daemon.protocol.CloseInput@75f6425a
2025-01-12T19:08:51.448-0500 [DEBUG] [org.gradle.launcher.daemon.server.SynchronizedDispatchConnection] thread 62: received class org.gradle.launcher.daemon.protocol.Finished
2025-01-12T19:08:51.448-0500 [DEBUG] [org.gradle.launcher.daemon.server.DefaultDaemonConnection] thread 62: Received non-IO message from client: org.gradle.launcher.daemon.protocol.Finished@7b31a294
2025-01-12T19:08:51.448-0500 [DEBUG] [org.gradle.launcher.daemon.server.DefaultIncomingConnectionHandler] Received finished message: org.gradle.launcher.daemon.protocol.Finished@7b31a294
2025-01-12T19:08:51.448-0500 [DEBUG] [org.gradle.launcher.daemon.server.SynchronizedDispatchConnection] thread 61: stopping connection
2025-01-12T19:08:51.448-0500 [DEBUG] [org.gradle.internal.remote.internal.inet.SocketConnection] Discarding EOFException: java.io.EOFException
2025-01-12T19:08:51.448-0500 [DEBUG] [org.gradle.launcher.daemon.server.SynchronizedDispatchConnection] thread 62: received null
2025-01-12T19:08:51.448-0500 [DEBUG] [org.gradle.launcher.daemon.server.DefaultDaemonConnection] thread 62: Received end-of-input from client.
2025-01-12T19:08:51.448-0500 [DEBUG] [org.gradle.launcher.daemon.server.SynchronizedDispatchConnection] thread 61: stopping connection
2025-01-12T19:08:55.723-0500 [DEBUG] [org.gradle.cache.internal.DefaultFileLockManager] Waiting to acquire shared lock on daemon addresses registry.
2025-01-12T19:08:55.723-0500 [DEBUG] [org.gradle.cache.internal.DefaultFileLockManager] Lock acquired on daemon addresses registry.
2025-01-12T19:08:55.723-0500 [DEBUG] [org.gradle.cache.internal.DefaultFileLockManager] Releasing lock on daemon addresses registry.
2025-01-12T19:08:55.724-0500 [DEBUG] [org.gradle.cache.internal.DefaultFileLockManager] Waiting to acquire shared lock on daemon addresses registry.
2025-01-12T19:08:55.724-0500 [DEBUG] [org.gradle.cache.internal.DefaultFileLockManager] Lock acquired on daemon addresses registry.
2025-01-12T19:08:55.724-0500 [DEBUG] [org.gradle.cache.internal.DefaultFileLockManager] Releasing lock on daemon addresses registry.
2025-01-12T19:09:05.715-0500 [DEBUG] [org.gradle.cache.internal.DefaultFileLockManager] Waiting to acquire shared lock on daemon addresses registry.
2025-01-12T19:09:05.715-0500 [DEBUG] [org.gradle.cache.internal.DefaultFileLockManager] Lock acquired on daemon addresses registry.
2025-01-12T19:09:05.716-0500 [DEBUG] [org.gradle.cache.internal.DefaultFileLockManager] Releasing lock on daemon addresses registry.
2025-01-12T19:09:05.716-0500 [DEBUG] [org.gradle.cache.internal.DefaultFileLockManager] Waiting to acquire shared lock on daemon addresses registry.
2025-01-12T19:09:05.716-0500 [DEBUG] [org.gradle.cache.internal.DefaultFileLockManager] Lock acquired on daemon addresses registry.
2025-01-12T19:09:05.717-0500 [DEBUG] [org.gradle.cache.internal.DefaultFileLockManager] Releasing lock on daemon addresses registry.
2025-01-12T19:09:05.717-0500 [DEBUG] [org.gradle.cache.internal.DefaultFileLockManager] Waiting to acquire shared lock on daemon addresses registry.
2025-01-12T19:09:05.717-0500 [DEBUG] [org.gradle.cache.internal.DefaultFileLockManager] Lock acquired on daemon addresses registry.
2025-01-12T19:09:05.717-0500 [DEBUG] [org.gradle.cache.internal.DefaultFileLockManager] Releasing lock on daemon addresses registry.
2025-01-12T19:09:15.720-0500 [DEBUG] [org.gradle.cache.internal.DefaultFileLockManager] Waiting to acquire shared lock on daemon addresses registry.
2025-01-12T19:09:15.720-0500 [DEBUG] [org.gradle.cache.internal.DefaultFileLockManager] Lock acquired on daemon addresses registry.
2025-01-12T19:09:15.720-0500 [DEBUG] [org.gradle.cache.internal.DefaultFileLockManager] Releasing lock on daemon addresses registry.
2025-01-12T19:09:15.721-0500 [DEBUG] [org.gradle.cache.internal.DefaultFileLockManager] Waiting to acquire shared lock on daemon addresses registry.
2025-01-12T19:09:15.721-0500 [DEBUG] [org.gradle.cache.internal.DefaultFileLockManager] Lock acquired on daemon addresses registry.
2025-01-12T19:09:15.721-0500 [DEBUG] [org.gradle.cache.internal.DefaultFileLockManager] Releasing lock on daemon addresses registry.
2025-01-12T19:09:15.722-0500 [DEBUG] [org.gradle.cache.internal.DefaultFileLockManager] Waiting to acquire shared lock on daemon addresses registry.
2025-01-12T19:09:15.722-0500 [DEBUG] [org.gradle.cache.internal.DefaultFileLockManager] Lock acquired on daemon addresses registry.
2025-01-12T19:09:15.722-0500 [DEBUG] [org.gradle.cache.internal.DefaultFileLockManager] Releasing lock on daemon addresses registry.
2025-01-12T19:09:25.716-0500 [DEBUG] [org.gradle.cache.internal.DefaultFileLockManager] Waiting to acquire shared lock on daemon addresses registry.
2025-01-12T19:09:25.716-0500 [DEBUG] [org.gradle.cache.internal.DefaultFileLockManager] Lock acquired on daemon addresses registry.
2025-01-12T19:09:25.716-0500 [DEBUG] [org.gradle.cache.internal.DefaultFileLockManager] Releasing lock on daemon addresses registry.
2025-01-12T19:09:25.717-0500 [DEBUG] [org.gradle.cache.internal.DefaultFileLockManager] Waiting to acquire shared lock on daemon addresses registry.
2025-01-12T19:09:25.717-0500 [DEBUG] [org.gradle.cache.internal.DefaultFileLockManager] Lock acquired on daemon addresses registry.
2025-01-12T19:09:25.718-0500 [DEBUG] [org.gradle.cache.internal.DefaultFileLockManager] Releasing lock on daemon addresses registry.
2025-01-12T19:09:25.719-0500 [DEBUG] [org.gradle.cache.internal.DefaultFileLockManager] Waiting to acquire shared lock on daemon addresses registry.
2025-01-12T19:09:25.719-0500 [DEBUG] [org.gradle.cache.internal.DefaultFileLockManager] Lock acquired on daemon addresses registry.
2025-01-12T19:09:25.719-0500 [DEBUG] [org.gradle.cache.internal.DefaultFileLockManager] Releasing lock on daemon addresses registry.
2025-01-12T19:09:35.729-0500 [DEBUG] [org.gradle.cache.internal.DefaultFileLockManager] Waiting to acquire shared lock on daemon addresses registry.
2025-01-12T19:09:35.730-0500 [DEBUG] [org.gradle.cache.internal.DefaultFileLockManager] Lock acquired on daemon addresses registry.
2025-01-12T19:09:35.730-0500 [DEBUG] [org.gradle.cache.internal.DefaultFileLockManager] Releasing lock on daemon addresses registry.
2025-01-12T19:09:35.731-0500 [DEBUG] [org.gradle.cache.internal.DefaultFileLockManager] Waiting to acquire shared lock on daemon addresses registry.
2025-01-12T19:09:35.731-0500 [DEBUG] [org.gradle.cache.internal.DefaultFileLockManager] Lock acquired on daemon addresses registry.
2025-01-12T19:09:35.731-0500 [DEBUG] [org.gradle.cache.internal.DefaultFileLockManager] Releasing lock on daemon addresses registry.
2025-01-12T19:09:35.731-0500 [DEBUG] [org.gradle.cache.internal.DefaultFileLockManager] Waiting to acquire shared lock on daemon addresses registry.
2025-01-12T19:09:35.732-0500 [DEBUG] [org.gradle.cache.internal.DefaultFileLockManager] Lock acquired on daemon addresses registry.
2025-01-12T19:09:35.732-0500 [DEBUG] [org.gradle.cache.internal.DefaultFileLockManager] Releasing lock on daemon addresses registry.
2025-01-12T19:09:45.715-0500 [DEBUG] [org.gradle.cache.internal.DefaultFileLockManager] Waiting to acquire shared lock on daemon addresses registry.
2025-01-12T19:09:45.715-0500 [DEBUG] [org.gradle.cache.internal.DefaultFileLockManager] Lock acquired on daemon addresses registry.
2025-01-12T19:09:45.715-0500 [DEBUG] [org.gradle.cache.internal.DefaultFileLockManager] Releasing lock on daemon addresses registry.
2025-01-12T19:09:45.716-0500 [DEBUG] [org.gradle.cache.internal.DefaultFileLockManager] Waiting to acquire shared lock on daemon addresses registry.
2025-01-12T19:09:45.716-0500 [DEBUG] [org.gradle.cache.internal.DefaultFileLockManager] Lock acquired on daemon addresses registry.
2025-01-12T19:09:45.716-0500 [DEBUG] [org.gradle.cache.internal.DefaultFileLockManager] Releasing lock on daemon addresses registry.
2025-01-12T19:09:45.716-0500 [DEBUG] [org.gradle.cache.internal.DefaultFileLockManager] Waiting to acquire shared lock on daemon addresses registry.
2025-01-12T19:09:45.717-0500 [DEBUG] [org.gradle.cache.internal.DefaultFileLockManager] Lock acquired on daemon addresses registry.
2025-01-12T19:09:45.717-0500 [DEBUG] [org.gradle.cache.internal.DefaultFileLockManager] Releasing lock on daemon addresses registry.
2025-01-12T19:09:50.429-0500 [DEBUG] [org.gradle.internal.remote.internal.inet.TcpIncomingConnector] Accepted connection from /127.0.0.1:50890 to /127.0.0.1:50480.
2025-01-12T19:09:50.433-0500 [DEBUG] [org.gradle.launcher.daemon.server.SynchronizedDispatchConnection] thread 69: received class org.gradle.launcher.daemon.protocol.Build
2025-01-12T19:09:50.433-0500 [DEBUG] [org.gradle.launcher.daemon.server.DefaultDaemonConnection] thread 69: Received non-IO message from client: Build{id=cf54d9a6-7fed-4afc-b80c-fa96b1f8065c, currentDir=C:\Users\zemer\OneDrive - Drexel University\STAR Scholars\UnderWatch\Under Watch}
2025-01-12T19:09:50.433-0500 [INFO] [org.gradle.launcher.daemon.server.DefaultIncomingConnectionHandler] Received command: Build{id=cf54d9a6-7fed-4afc-b80c-fa96b1f8065c, currentDir=C:\Users\zemer\OneDrive - Drexel University\STAR Scholars\UnderWatch\Under Watch}.
2025-01-12T19:09:50.433-0500 [DEBUG] [org.gradle.launcher.daemon.server.DefaultIncomingConnectionHandler] Starting executing command: Build{id=cf54d9a6-7fed-4afc-b80c-fa96b1f8065c, currentDir=C:\Users\zemer\OneDrive - Drexel University\STAR Scholars\UnderWatch\Under Watch} with connection: socket connection from /127.0.0.1:50480 to /127.0.0.1:50890.
2025-01-12T19:09:50.433-0500 [DEBUG] [org.gradle.launcher.daemon.server.DaemonStateCoordinator] Command execution: started DaemonCommandExecution[command = Build{id=cf54d9a6-7fed-4afc-b80c-fa96b1f8065c, currentDir=C:\Users\zemer\OneDrive - Drexel University\STAR Scholars\UnderWatch\Under Watch}, connection = DefaultDaemonConnection: socket connection from /127.0.0.1:50480 to /127.0.0.1:50890] after 0.0 minutes of idle
2025-01-12T19:09:50.433-0500 [INFO] [org.gradle.launcher.daemon.server.DaemonRegistryUpdater] Marking the daemon as busy, address: [e0055b28-ef8e-40a3-a01a-d0ca9b03dd25 port:50480, addresses:[localhost/127.0.0.1]]
2025-01-12T19:09:50.433-0500 [DEBUG] [org.gradle.launcher.daemon.registry.PersistentDaemonRegistry] Marking busy by address: [e0055b28-ef8e-40a3-a01a-d0ca9b03dd25 port:50480, addresses:[localhost/127.0.0.1]]
2025-01-12T19:09:50.434-0500 [DEBUG] [org.gradle.cache.internal.DefaultFileLockManager] Waiting to acquire exclusive lock on daemon addresses registry.
2025-01-12T19:09:50.434-0500 [DEBUG] [org.gradle.cache.internal.DefaultFileLockManager] Lock acquired on daemon addresses registry.
2025-01-12T19:09:50.435-0500 [DEBUG] [org.gradle.cache.internal.DefaultFileLockManager] Releasing lock on daemon addresses registry.
2025-01-12T19:09:50.435-0500 [DEBUG] [org.gradle.launcher.daemon.server.DaemonStateCoordinator] resetting idle timer
2025-01-12T19:09:50.435-0500 [DEBUG] [org.gradle.launcher.daemon.server.DaemonStateCoordinator] daemon is running. Sleeping until state changes.
2025-01-12T19:09:50.435-0500 [INFO] [org.gradle.launcher.daemon.server.exec.StartBuildOrRespondWithBusy] Daemon is about to start building Build{id=cf54d9a6-7fed-4afc-b80c-fa96b1f8065c, currentDir=C:\Users\zemer\OneDrive - Drexel University\STAR Scholars\UnderWatch\Under Watch}. Dispatching build started information...
2025-01-12T19:09:50.435-0500 [DEBUG] [org.gradle.launcher.daemon.server.SynchronizedDispatchConnection] thread 64: dispatching org.gradle.launcher.daemon.protocol.BuildStarted@4f25f554
2025-01-12T19:09:50.436-0500 [DEBUG] [org.gradle.launcher.daemon.server.exec.EstablishBuildEnvironment] Configuring env variables: [USERDOMAIN_ROAMINGPROFILE, PROCESSOR_LEVEL, SESSIONNAME, ALLUSERSPROFILE, PROCESSOR_ARCHITECTURE, PSModulePath, SystemDrive, ACSvcPort, USERNAME, ProgramFiles(x86), ACSetupSvcPort, FPS_BROWSER_USER_PROFILE_STRING, PATHEXT, DriverData, OneDriveConsumer, EFC_6704, ProgramData, ProgramW6432, HOMEPATH, PROCESSOR_IDENTIFIER, ProgramFiles, PUBLIC, windir, =::, OneDriveCommercial, LOCALAPPDATA, USERDOMAIN, LOGONSERVER, FPS_BROWSER_APP_PROFILE_STRING, JAVA_HOME, RlsSvcPort, OneDrive, APPDATA, CommonProgramFiles, Path, OS, COMPUTERNAME, PROCESSOR_REVISION, CommonProgramW6432, ComSpec, TEMP, SystemRoot, HOMEDRIVE, USERPROFILE, TMP, P4IGNORE, CommonProgramFiles(x86), NUMBER_OF_PROCESSORS, IDEA_INITIAL_DIRECTORY]
2025-01-12T19:09:50.436-0500 [DEBUG] [org.gradle.launcher.daemon.server.exec.LogToClient] About to start relaying all logs to the client via the connection.
2025-01-12T19:09:50.436-0500 [INFO] [org.gradle.launcher.daemon.server.exec.LogToClient] The client will now receive all logging from the daemon (pid: 34516). The daemon log file: C:\Users\zemer\OneDrive - Drexel University\STAR Scholars\UnderWatch\Under Watch\daemon\8.5\daemon-34516.out.log
2025-01-12T19:09:50.437-0500 [INFO] [org.gradle.launcher.daemon.server.exec.LogAndCheckHealth] Starting 6th build in daemon [uptime: 5 mins 14.977 secs, performance: 99%, GC rate: 0.00/s, heap usage: 0% of 512 MiB, non-heap usage: 6% of 384 MiB]
2025-01-12T19:09:50.437-0500 [DEBUG] [org.gradle.launcher.daemon.server.exec.ExecuteBuild] The daemon has started executing the build.
2025-01-12T19:09:50.437-0500 [DEBUG] [org.gradle.launcher.daemon.server.exec.ExecuteBuild] Executing build with daemon context: DefaultDaemonContext[uid=bde09994-34e2-488f-a3c2-900c0bdf01b1,javaHome=C:\Program Files\Android\Android Studio\jbr,daemonRegistryDir=C:\Users\zemer\OneDrive - Drexel University\STAR Scholars\UnderWatch\Under Watch\daemon,pid=34516,idleTimeout=10800000,priority=NORMAL,applyInstrumentationAgent=true,daemonOpts=--add-opens=java.base/java.util=ALL-UNNAMED,--add-opens=java.base/java.lang=ALL-UNNAMED,--add-opens=java.base/java.lang.invoke=ALL-UNNAMED,--add-opens=java.prefs/java.util.prefs=ALL-UNNAMED,--add-opens=java.base/java.nio.charset=ALL-UNNAMED,--add-opens=java.base/java.net=ALL-UNNAMED,--add-opens=java.base/java.util.concurrent.atomic=ALL-UNNAMED,-XX:MaxMetaspaceSize=384m,-XX:+HeapDumpOnOutOfMemoryError,-Xms256m,-Xmx512m,-Dfile.encoding=windows-1252,-Duser.country=US,-Duser.language=en,-Duser.variant]

Select type of project to generate:
  1: basic
  2: application
  3: library
  4: Gradle plugin
Enter selection (default: basic) [1..4] 
Select implementation language:
  1: Groovy
  2: Java
  3: Kotlin
Enter selection (default: Java) [1..3] 
Select build script DSL:
  1: Kotlin
  2: Groovy
Enter selection (default: Kotlin) [1..2] 
Project name (default: Under Watch): 
Source package (default: under.watch): 
Generate build using new APIs and behavior (some features may change in the next minor release)? (default: no) [yes, no] 
For more information, please refer to https://docs.gradle.org/8.5/userguide/custom_plugins.html in the Gradle documentation.

FAILURE: Build failed with an exception.

* What went wrong:
Execution failed for task ':init'.
> Build cancelled while executing task ':init'

* Try:
> Run with --stacktrace option to get the stack trace.
> Run with --info or --debug option to get more log output.
> Run with --scan to get full insights.
> Get more help at https://help.gradle.org.

BUILD FAILED in 52s
2 actionable tasks: 2 executed
2025-01-12T19:10:42.657-0500 [DEBUG] [org.gradle.launcher.daemon.server.exec.ExecuteBuild] The daemon has finished executing the build.
2025-01-12T19:10:42.673-0500 [DEBUG] [org.gradle.launcher.daemon.server.DaemonStateCoordinator] Command execution: finished waiting for DaemonCommandExecution[command = Build{id=cf54d9a6-7fed-4afc-b80c-fa96b1f8065c, currentDir=C:\Users\zemer\OneDrive - Drexel University\STAR Scholars\UnderWatch\Under Watch}, connection = DefaultDaemonConnection: socket connection from /127.0.0.1:50480 to /127.0.0.1:50890]. Result org.gradle.launcher.daemon.server.DaemonStateCoordinator@2ba32da with state Canceled
2025-01-12T19:10:42.673-0500 [DEBUG] [org.gradle.launcher.daemon.server.DaemonStateCoordinator] Command execution: completed DaemonCommandExecution[command = Build{id=cf54d9a6-7fed-4afc-b80c-fa96b1f8065c, currentDir=C:\Users\zemer\OneDrive - Drexel University\STAR Scholars\UnderWatch\Under Watch}, connection = DefaultDaemonConnection: socket connection from /127.0.0.1:50480 to /127.0.0.1:50890]
2025-01-12T19:10:42.673-0500 [DEBUG] [org.gradle.launcher.daemon.server.DaemonStateCoordinator] resetting idle timer
2025-01-12T19:10:42.673-0500 [INFO] [org.gradle.launcher.daemon.server.DaemonRegistryUpdater] Marking the daemon as idle, address: [e0055b28-ef8e-40a3-a01a-d0ca9b03dd25 port:50480, addresses:[localhost/127.0.0.1]]
2025-01-12T19:10:42.673-0500 [DEBUG] [org.gradle.launcher.daemon.registry.PersistentDaemonRegistry] Marking busy by address: [e0055b28-ef8e-40a3-a01a-d0ca9b03dd25 port:50480, addresses:[localhost/127.0.0.1]]
2025-01-12T19:10:42.674-0500 [DEBUG] [org.gradle.cache.internal.DefaultFileLockManager] Waiting to acquire exclusive lock on daemon addresses registry.
2025-01-12T19:10:42.674-0500 [DEBUG] [org.gradle.cache.internal.DefaultFileLockManager] Lock acquired on daemon addresses registry.
2025-01-12T19:10:42.675-0500 [DEBUG] [org.gradle.cache.internal.DefaultFileLockManager] Releasing lock on daemon addresses registry.
2025-01-12T19:10:42.675-0500 [DEBUG] [org.gradle.launcher.daemon.server.exec.ReturnResult] Daemon is dispatching the build result: Success[value=org.gradle.launcher.exec.BuildActionResult@20c74236]
2025-01-12T19:10:42.675-0500 [DEBUG] [org.gradle.launcher.daemon.server.SynchronizedDispatchConnection] thread 61: dispatching Success[value=org.gradle.launcher.exec.BuildActionResult@20c74236]
2025-01-12T19:10:42.675-0500 [DEBUG] [org.gradle.launcher.daemon.server.DaemonStateCoordinator] Cancel: daemon is idle now.
2025-01-12T19:10:42.675-0500 [DEBUG] [org.gradle.launcher.daemon.server.DaemonStateCoordinator] daemon is running. Sleeping until state changes.
2025-01-12T19:10:42.680-0500 [DEBUG] [org.gradle.launcher.daemon.server.DefaultIncomingConnectionHandler] Finishing executing command: Build{id=cf54d9a6-7fed-4afc-b80c-fa96b1f8065c, currentDir=C:\Users\zemer\OneDrive - Drexel University\STAR Scholars\UnderWatch\Under Watch}
2025-01-12T19:10:42.686-0500 [DEBUG] [org.gradle.launcher.daemon.server.SynchronizedDispatchConnection] thread 69: received class org.gradle.launcher.daemon.protocol.Finished
2025-01-12T19:10:42.686-0500 [DEBUG] [org.gradle.launcher.daemon.server.DefaultDaemonConnection] thread 69: Received non-IO message from client: org.gradle.launcher.daemon.protocol.Finished@50218294
2025-01-12T19:10:42.686-0500 [DEBUG] [org.gradle.launcher.daemon.server.DefaultIncomingConnectionHandler] Received finished message: org.gradle.launcher.daemon.protocol.Finished@50218294
2025-01-12T19:10:42.686-0500 [DEBUG] [org.gradle.internal.remote.internal.inet.SocketConnection] Discarding EOFException: java.io.EOFException
2025-01-12T19:10:42.686-0500 [DEBUG] [org.gradle.launcher.daemon.server.SynchronizedDispatchConnection] thread 69: received null
2025-01-12T19:10:42.686-0500 [DEBUG] [org.gradle.launcher.daemon.server.DefaultDaemonConnection] thread 69: Received end-of-input from client.
2025-01-12T19:10:42.686-0500 [DEBUG] [org.gradle.launcher.daemon.server.SynchronizedDispatchConnection] thread 61: stopping connection
2025-01-12T19:10:42.686-0500 [DEBUG] [org.gradle.launcher.daemon.server.SynchronizedDispatchConnection] thread 61: stopping connection
2025-01-12T19:10:43.242-0500 [DEBUG] [org.gradle.process.internal.health.memory.DefaultMemoryManager] 3352202444 physical memory requested, 1465114624 free
2025-01-12T19:10:43.243-0500 [DEBUG] [org.gradle.workers.internal.WorkerDaemonExpiration] Will attempt to release 3196 of memory
2025-01-12T19:10:43.243-0500 [DEBUG] [org.gradle.process.internal.health.memory.DefaultMemoryManager] 3352202444 physical memory requested, 0 released, 1465114624 free
2025-01-12T19:10:45.722-0500 [DEBUG] [org.gradle.cache.internal.DefaultFileLockManager] Waiting to acquire shared lock on daemon addresses registry.
2025-01-12T19:10:45.722-0500 [DEBUG] [org.gradle.cache.internal.DefaultFileLockManager] Lock acquired on daemon addresses registry.
2025-01-12T19:10:45.722-0500 [DEBUG] [org.gradle.cache.internal.DefaultFileLockManager] Releasing lock on daemon addresses registry.
2025-01-12T19:10:45.723-0500 [DEBUG] [org.gradle.cache.internal.DefaultFileLockManager] Waiting to acquire shared lock on daemon addresses registry.
2025-01-12T19:10:45.723-0500 [DEBUG] [org.gradle.cache.internal.DefaultFileLockManager] Lock acquired on daemon addresses registry.
2025-01-12T19:10:45.723-0500 [DEBUG] [org.gradle.cache.internal.DefaultFileLockManager] Releasing lock on daemon addresses registry.
2025-01-12T19:10:48.251-0500 [DEBUG] [org.gradle.process.internal.health.memory.DefaultMemoryManager] 3352202444 physical memory requested, 1486983168 free
2025-01-12T19:10:48.251-0500 [DEBUG] [org.gradle.workers.internal.WorkerDaemonExpiration] Will attempt to release 3196 of memory
2025-01-12T19:10:48.251-0500 [DEBUG] [org.gradle.process.internal.health.memory.DefaultMemoryManager] 3352202444 physical memory requested, 0 released, 1486983168 free
2025-01-12T19:10:53.246-0500 [DEBUG] [org.gradle.process.internal.health.memory.DefaultMemoryManager] 3352202444 physical memory requested, 1493094400 free
2025-01-12T19:10:53.246-0500 [DEBUG] [org.gradle.workers.internal.WorkerDaemonExpiration] Will attempt to release 3196 of memory
2025-01-12T19:10:53.246-0500 [DEBUG] [org.gradle.process.internal.health.memory.DefaultMemoryManager] 3352202444 physical memory requested, 0 released, 1493094400 free
2025-01-12T19:10:55.729-0500 [DEBUG] [org.gradle.cache.internal.DefaultFileLockManager] Waiting to acquire shared lock on daemon addresses registry.
2025-01-12T19:10:55.729-0500 [DEBUG] [org.gradle.cache.internal.DefaultFileLockManager] Lock acquired on daemon addresses registry.
2025-01-12T19:10:55.729-0500 [DEBUG] [org.gradle.cache.internal.DefaultFileLockManager] Releasing lock on daemon addresses registry.
2025-01-12T19:10:55.730-0500 [DEBUG] [org.gradle.cache.internal.DefaultFileLockManager] Waiting to acquire shared lock on daemon addresses registry.
2025-01-12T19:10:55.730-0500 [DEBUG] [org.gradle.cache.internal.DefaultFileLockManager] Lock acquired on daemon addresses registry.
2025-01-12T19:10:55.731-0500 [DEBUG] [org.gradle.cache.internal.DefaultFileLockManager] Releasing lock on daemon addresses registry.
2025-01-12T19:10:55.731-0500 [DEBUG] [org.gradle.cache.internal.DefaultFileLockManager] Waiting to acquire shared lock on daemon addresses registry.
2025-01-12T19:10:55.731-0500 [DEBUG] [org.gradle.cache.internal.DefaultFileLockManager] Lock acquired on daemon addresses registry.
2025-01-12T19:10:55.732-0500 [DEBUG] [org.gradle.cache.internal.DefaultFileLockManager] Releasing lock on daemon addresses registry.
2025-01-12T19:10:58.254-0500 [DEBUG] [org.gradle.process.internal.health.memory.DefaultMemoryManager] 3352202444 physical memory requested, 1526992896 free
2025-01-12T19:10:58.254-0500 [DEBUG] [org.gradle.workers.internal.WorkerDaemonExpiration] Will attempt to release 3196 of memory
2025-01-12T19:10:58.254-0500 [DEBUG] [org.gradle.process.internal.health.memory.DefaultMemoryManager] 3352202444 physical memory requested, 0 released, 1526992896 free
2025-01-12T19:11:03.247-0500 [DEBUG] [org.gradle.process.internal.health.memory.DefaultMemoryManager] 3352202444 physical memory requested, 1586413568 free
2025-01-12T19:11:03.247-0500 [DEBUG] [org.gradle.workers.internal.WorkerDaemonExpiration] Will attempt to release 3196 of memory
2025-01-12T19:11:03.247-0500 [DEBUG] [org.gradle.process.internal.health.memory.DefaultMemoryManager] 3352202444 physical memory requested, 0 released, 1586413568 free
2025-01-12T19:11:05.725-0500 [DEBUG] [org.gradle.cache.internal.DefaultFileLockManager] Waiting to acquire shared lock on daemon addresses registry.
2025-01-12T19:11:05.725-0500 [DEBUG] [org.gradle.cache.internal.DefaultFileLockManager] Lock acquired on daemon addresses registry.
2025-01-12T19:11:05.725-0500 [DEBUG] [org.gradle.cache.internal.DefaultFileLockManager] Releasing lock on daemon addresses registry.
2025-01-12T19:11:05.726-0500 [DEBUG] [org.gradle.cache.internal.DefaultFileLockManager] Waiting to acquire shared lock on daemon addresses registry.
2025-01-12T19:11:05.726-0500 [DEBUG] [org.gradle.cache.internal.DefaultFileLockManager] Lock acquired on daemon addresses registry.
2025-01-12T19:11:05.726-0500 [DEBUG] [org.gradle.cache.internal.DefaultFileLockManager] Releasing lock on daemon addresses registry.
2025-01-12T19:11:05.727-0500 [DEBUG] [org.gradle.cache.internal.DefaultFileLockManager] Waiting to acquire shared lock on daemon addresses registry.
2025-01-12T19:11:05.728-0500 [DEBUG] [org.gradle.cache.internal.DefaultFileLockManager] Lock acquired on daemon addresses registry.
2025-01-12T19:11:05.728-0500 [DEBUG] [org.gradle.cache.internal.DefaultFileLockManager] Releasing lock on daemon addresses registry.
2025-01-12T19:11:08.254-0500 [DEBUG] [org.gradle.process.internal.health.memory.DefaultMemoryManager] 3352202444 physical memory requested, 1581854720 free
2025-01-12T19:11:08.254-0500 [DEBUG] [org.gradle.workers.internal.WorkerDaemonExpiration] Will attempt to release 3196 of memory
2025-01-12T19:11:08.254-0500 [DEBUG] [org.gradle.process.internal.health.memory.DefaultMemoryManager] 3352202444 physical memory requested, 0 released, 1581854720 free
2025-01-12T19:11:13.245-0500 [DEBUG] [org.gradle.process.internal.health.memory.DefaultMemoryManager] 3352202444 physical memory requested, 1565786112 free
2025-01-12T19:11:13.246-0500 [DEBUG] [org.gradle.workers.internal.WorkerDaemonExpiration] Will attempt to release 3196 of memory
2025-01-12T19:11:13.246-0500 [DEBUG] [org.gradle.process.internal.health.memory.DefaultMemoryManager] 3352202444 physical memory requested, 0 released, 1565786112 free
2025-01-12T19:11:15.721-0500 [DEBUG] [org.gradle.cache.internal.DefaultFileLockManager] Waiting to acquire shared lock on daemon addresses registry.
2025-01-12T19:11:15.721-0500 [DEBUG] [org.gradle.cache.internal.DefaultFileLockManager] Lock acquired on daemon addresses registry.
2025-01-12T19:11:15.721-0500 [DEBUG] [org.gradle.cache.internal.DefaultFileLockManager] Releasing lock on daemon addresses registry.
2025-01-12T19:11:15.722-0500 [DEBUG] [org.gradle.cache.internal.DefaultFileLockManager] Waiting to acquire shared lock on daemon addresses registry.
2025-01-12T19:11:15.722-0500 [DEBUG] [org.gradle.cache.internal.DefaultFileLockManager] Lock acquired on daemon addresses registry.
2025-01-12T19:11:15.722-0500 [DEBUG] [org.gradle.cache.internal.DefaultFileLockManager] Releasing lock on daemon addresses registry.
2025-01-12T19:11:15.723-0500 [DEBUG] [org.gradle.cache.internal.DefaultFileLockManager] Waiting to acquire shared lock on daemon addresses registry.
2025-01-12T19:11:15.723-0500 [DEBUG] [org.gradle.cache.internal.DefaultFileLockManager] Lock acquired on daemon addresses registry.
2025-01-12T19:11:15.723-0500 [DEBUG] [org.gradle.cache.internal.DefaultFileLockManager] Releasing lock on daemon addresses registry.
2025-01-12T19:11:18.247-0500 [DEBUG] [org.gradle.process.internal.health.memory.DefaultMemoryManager] 3352202444 physical memory requested, 1539559424 free
2025-01-12T19:11:18.247-0500 [DEBUG] [org.gradle.workers.internal.WorkerDaemonExpiration] Will attempt to release 3196 of memory
2025-01-12T19:11:18.247-0500 [DEBUG] [org.gradle.process.internal.health.memory.DefaultMemoryManager] 3352202444 physical memory requested, 0 released, 1539559424 free
2025-01-12T19:11:23.254-0500 [DEBUG] [org.gradle.process.internal.health.memory.DefaultMemoryManager] 3352202444 physical memory requested, 1532833792 free
2025-01-12T19:11:23.254-0500 [DEBUG] [org.gradle.workers.internal.WorkerDaemonExpiration] Will attempt to release 3196 of memory
2025-01-12T19:11:23.254-0500 [DEBUG] [org.gradle.process.internal.health.memory.DefaultMemoryManager] 3352202444 physical memory requested, 0 released, 1532833792 free
2025-01-12T19:11:25.719-0500 [DEBUG] [org.gradle.cache.internal.DefaultFileLockManager] Waiting to acquire shared lock on daemon addresses registry.
2025-01-12T19:11:25.719-0500 [DEBUG] [org.gradle.cache.internal.DefaultFileLockManager] Lock acquired on daemon addresses registry.
2025-01-12T19:11:25.720-0500 [DEBUG] [org.gradle.cache.internal.DefaultFileLockManager] Releasing lock on daemon addresses registry.
2025-01-12T19:11:25.720-0500 [DEBUG] [org.gradle.cache.internal.DefaultFileLockManager] Waiting to acquire shared lock on daemon addresses registry.
2025-01-12T19:11:25.720-0500 [DEBUG] [org.gradle.cache.internal.DefaultFileLockManager] Lock acquired on daemon addresses registry.
2025-01-12T19:11:25.721-0500 [DEBUG] [org.gradle.cache.internal.DefaultFileLockManager] Releasing lock on daemon addresses registry.
2025-01-12T19:11:25.721-0500 [DEBUG] [org.gradle.cache.internal.DefaultFileLockManager] Waiting to acquire shared lock on daemon addresses registry.
2025-01-12T19:11:25.721-0500 [DEBUG] [org.gradle.cache.internal.DefaultFileLockManager] Lock acquired on daemon addresses registry.
2025-01-12T19:11:25.721-0500 [DEBUG] [org.gradle.cache.internal.DefaultFileLockManager] Releasing lock on daemon addresses registry.
2025-01-12T19:11:28.247-0500 [DEBUG] [org.gradle.process.internal.health.memory.DefaultMemoryManager] 3352202444 physical memory requested, 1531510784 free
2025-01-12T19:11:28.247-0500 [DEBUG] [org.gradle.workers.internal.WorkerDaemonExpiration] Will attempt to release 3196 of memory
2025-01-12T19:11:28.247-0500 [DEBUG] [org.gradle.process.internal.health.memory.DefaultMemoryManager] 3352202444 physical memory requested, 0 released, 1531510784 free
2025-01-12T19:11:33.252-0500 [DEBUG] [org.gradle.process.internal.health.memory.DefaultMemoryManager] 3352202444 physical memory requested, 1682636800 free
2025-01-12T19:11:33.252-0500 [DEBUG] [org.gradle.workers.internal.WorkerDaemonExpiration] Will attempt to release 3196 of memory
2025-01-12T19:11:33.252-0500 [DEBUG] [org.gradle.process.internal.health.memory.DefaultMemoryManager] 3352202444 physical memory requested, 0 released, 1682636800 free
2025-01-12T19:11:35.723-0500 [DEBUG] [org.gradle.cache.internal.DefaultFileLockManager] Waiting to acquire shared lock on daemon addresses registry.
2025-01-12T19:11:35.723-0500 [DEBUG] [org.gradle.cache.internal.DefaultFileLockManager] Lock acquired on daemon addresses registry.
2025-01-12T19:11:35.723-0500 [DEBUG] [org.gradle.cache.internal.DefaultFileLockManager] Releasing lock on daemon addresses registry.
2025-01-12T19:11:35.724-0500 [DEBUG] [org.gradle.cache.internal.DefaultFileLockManager] Waiting to acquire shared lock on daemon addresses registry.
2025-01-12T19:11:35.725-0500 [DEBUG] [org.gradle.cache.internal.DefaultFileLockManager] Lock acquired on daemon addresses registry.
2025-01-12T19:11:35.725-0500 [DEBUG] [org.gradle.cache.internal.DefaultFileLockManager] Releasing lock on daemon addresses registry.
2025-01-12T19:11:35.725-0500 [DEBUG] [org.gradle.cache.internal.DefaultFileLockManager] Waiting to acquire shared lock on daemon addresses registry.
2025-01-12T19:11:35.726-0500 [DEBUG] [org.gradle.cache.internal.DefaultFileLockManager] Lock acquired on daemon addresses registry.
2025-01-12T19:11:35.726-0500 [DEBUG] [org.gradle.cache.internal.DefaultFileLockManager] Releasing lock on daemon addresses registry.
2025-01-12T19:11:38.248-0500 [DEBUG] [org.gradle.process.internal.health.memory.DefaultMemoryManager] 3352202444 physical memory requested, 1647144960 free
2025-01-12T19:11:38.248-0500 [DEBUG] [org.gradle.workers.internal.WorkerDaemonExpiration] Will attempt to release 3196 of memory
2025-01-12T19:11:38.248-0500 [DEBUG] [org.gradle.process.internal.health.memory.DefaultMemoryManager] 3352202444 physical memory requested, 0 released, 1647144960 free
2025-01-12T19:11:43.242-0500 [DEBUG] [org.gradle.process.internal.health.memory.DefaultMemoryManager] 3352202444 physical memory requested, 1516302336 free
2025-01-12T19:11:43.242-0500 [DEBUG] [org.gradle.workers.internal.WorkerDaemonExpiration] Will attempt to release 3196 of memory
2025-01-12T19:11:43.242-0500 [DEBUG] [org.gradle.process.internal.health.memory.DefaultMemoryManager] 3352202444 physical memory requested, 0 released, 1516302336 free
2025-01-12T19:11:45.721-0500 [DEBUG] [org.gradle.cache.internal.DefaultFileLockManager] Waiting to acquire shared lock on daemon addresses registry.
2025-01-12T19:11:45.721-0500 [DEBUG] [org.gradle.cache.internal.DefaultFileLockManager] Lock acquired on daemon addresses registry.
2025-01-12T19:11:45.722-0500 [DEBUG] [org.gradle.cache.internal.DefaultFileLockManager] Releasing lock on daemon addresses registry.
2025-01-12T19:11:45.722-0500 [DEBUG] [org.gradle.cache.internal.DefaultFileLockManager] Waiting to acquire shared lock on daemon addresses registry.
2025-01-12T19:11:45.722-0500 [DEBUG] [org.gradle.cache.internal.DefaultFileLockManager] Lock acquired on daemon addresses registry.
2025-01-12T19:11:45.723-0500 [DEBUG] [org.gradle.cache.internal.DefaultFileLockManager] Releasing lock on daemon addresses registry.
2025-01-12T19:11:45.723-0500 [DEBUG] [org.gradle.cache.internal.DefaultFileLockManager] Waiting to acquire shared lock on daemon addresses registry.
2025-01-12T19:11:45.723-0500 [DEBUG] [org.gradle.cache.internal.DefaultFileLockManager] Lock acquired on daemon addresses registry.
2025-01-12T19:11:45.723-0500 [DEBUG] [org.gradle.cache.internal.DefaultFileLockManager] Releasing lock on daemon addresses registry.
2025-01-12T19:11:48.254-0500 [DEBUG] [org.gradle.process.internal.health.memory.DefaultMemoryManager] 3352202444 physical memory requested, 1512857600 free
2025-01-12T19:11:48.254-0500 [DEBUG] [org.gradle.workers.internal.WorkerDaemonExpiration] Will attempt to release 3196 of memory
2025-01-12T19:11:48.254-0500 [DEBUG] [org.gradle.process.internal.health.memory.DefaultMemoryManager] 3352202444 physical memory requested, 0 released, 1512857600 free
2025-01-12T19:11:53.249-0500 [DEBUG] [org.gradle.process.internal.health.memory.DefaultMemoryManager] 3352202444 physical memory requested, 1458597888 free
2025-01-12T19:11:53.249-0500 [DEBUG] [org.gradle.workers.internal.WorkerDaemonExpiration] Will attempt to release 3196 of memory
2025-01-12T19:11:53.249-0500 [DEBUG] [org.gradle.process.internal.health.memory.DefaultMemoryManager] 3352202444 physical memory requested, 0 released, 1458597888 free
2025-01-12T19:11:55.724-0500 [DEBUG] [org.gradle.cache.internal.DefaultFileLockManager] Waiting to acquire shared lock on daemon addresses registry.
2025-01-12T19:11:55.724-0500 [DEBUG] [org.gradle.cache.internal.DefaultFileLockManager] Lock acquired on daemon addresses registry.
2025-01-12T19:11:55.724-0500 [DEBUG] [org.gradle.cache.internal.DefaultFileLockManager] Releasing lock on daemon addresses registry.
2025-01-12T19:11:55.725-0500 [DEBUG] [org.gradle.cache.internal.DefaultFileLockManager] Waiting to acquire shared lock on daemon addresses registry.
2025-01-12T19:11:55.725-0500 [DEBUG] [org.gradle.cache.internal.DefaultFileLockManager] Lock acquired on daemon addresses registry.
2025-01-12T19:11:55.725-0500 [DEBUG] [org.gradle.cache.internal.DefaultFileLockManager] Releasing lock on daemon addresses registry.
2025-01-12T19:11:55.726-0500 [DEBUG] [org.gradle.cache.internal.DefaultFileLockManager] Waiting to acquire shared lock on daemon addresses registry.
2025-01-12T19:11:55.726-0500 [DEBUG] [org.gradle.cache.internal.DefaultFileLockManager] Lock acquired on daemon addresses registry.
2025-01-12T19:11:55.726-0500 [DEBUG] [org.gradle.cache.internal.DefaultFileLockManager] Releasing lock on daemon addresses registry.
2025-01-12T19:11:58.243-0500 [DEBUG] [org.gradle.process.internal.health.memory.DefaultMemoryManager] 3352202444 physical memory requested, 1529937920 free
2025-01-12T19:11:58.243-0500 [DEBUG] [org.gradle.workers.internal.WorkerDaemonExpiration] Will attempt to release 3196 of memory
2025-01-12T19:11:58.243-0500 [DEBUG] [org.gradle.process.internal.health.memory.DefaultMemoryManager] 3352202444 physical memory requested, 0 released, 1529937920 free
2025-01-12T19:12:03.241-0500 [DEBUG] [org.gradle.process.internal.health.memory.DefaultMemoryManager] 3352202444 physical memory requested, 1498300416 free
2025-01-12T19:12:03.241-0500 [DEBUG] [org.gradle.workers.internal.WorkerDaemonExpiration] Will attempt to release 3196 of memory
2025-01-12T19:12:03.241-0500 [DEBUG] [org.gradle.process.internal.health.memory.DefaultMemoryManager] 3352202444 physical memory requested, 0 released, 1498300416 free
2025-01-12T19:12:05.723-0500 [DEBUG] [org.gradle.cache.internal.DefaultFileLockManager] Waiting to acquire shared lock on daemon addresses registry.
2025-01-12T19:12:05.723-0500 [DEBUG] [org.gradle.cache.internal.DefaultFileLockManager] Lock acquired on daemon addresses registry.
2025-01-12T19:12:05.723-0500 [DEBUG] [org.gradle.cache.internal.DefaultFileLockManager] Releasing lock on daemon addresses registry.
2025-01-12T19:12:05.724-0500 [DEBUG] [org.gradle.cache.internal.DefaultFileLockManager] Waiting to acquire shared lock on daemon addresses registry.
2025-01-12T19:12:05.724-0500 [DEBUG] [org.gradle.cache.internal.DefaultFileLockManager] Lock acquired on daemon addresses registry.
2025-01-12T19:12:05.724-0500 [DEBUG] [org.gradle.cache.internal.DefaultFileLockManager] Releasing lock on daemon addresses registry.
2025-01-12T19:12:05.724-0500 [DEBUG] [org.gradle.cache.internal.DefaultFileLockManager] Waiting to acquire shared lock on daemon addresses registry.
2025-01-12T19:12:05.724-0500 [DEBUG] [org.gradle.cache.internal.DefaultFileLockManager] Lock acquired on daemon addresses registry.
2025-01-12T19:12:05.725-0500 [DEBUG] [org.gradle.cache.internal.DefaultFileLockManager] Releasing lock on daemon addresses registry.
2025-01-12T19:12:08.240-0500 [DEBUG] [org.gradle.process.internal.health.memory.DefaultMemoryManager] 3352202444 physical memory requested, 1496686592 free
2025-01-12T19:12:08.241-0500 [DEBUG] [org.gradle.workers.internal.WorkerDaemonExpiration] Will attempt to release 3196 of memory
2025-01-12T19:12:08.241-0500 [DEBUG] [org.gradle.process.internal.health.memory.DefaultMemoryManager] 3352202444 physical memory requested, 0 released, 1496686592 free
2025-01-12T19:12:13.252-0500 [DEBUG] [org.gradle.process.internal.health.memory.DefaultMemoryManager] 3352202444 physical memory requested, 1690157056 free
2025-01-12T19:12:13.252-0500 [DEBUG] [org.gradle.workers.internal.WorkerDaemonExpiration] Will attempt to release 3196 of memory
2025-01-12T19:12:13.252-0500 [DEBUG] [org.gradle.process.internal.health.memory.DefaultMemoryManager] 3352202444 physical memory requested, 0 released, 1690157056 free
2025-01-12T19:12:15.722-0500 [DEBUG] [org.gradle.cache.internal.DefaultFileLockManager] Waiting to acquire shared lock on daemon addresses registry.
2025-01-12T19:12:15.722-0500 [DEBUG] [org.gradle.cache.internal.DefaultFileLockManager] Lock acquired on daemon addresses registry.
2025-01-12T19:12:15.722-0500 [DEBUG] [org.gradle.cache.internal.DefaultFileLockManager] Releasing lock on daemon addresses registry.
2025-01-12T19:12:15.723-0500 [DEBUG] [org.gradle.cache.internal.DefaultFileLockManager] Waiting to acquire shared lock on daemon addresses registry.
2025-01-12T19:12:15.723-0500 [DEBUG] [org.gradle.cache.internal.DefaultFileLockManager] Lock acquired on daemon addresses registry.
2025-01-12T19:12:15.723-0500 [DEBUG] [org.gradle.cache.internal.DefaultFileLockManager] Releasing lock on daemon addresses registry.
2025-01-12T19:12:15.724-0500 [DEBUG] [org.gradle.cache.internal.DefaultFileLockManager] Waiting to acquire shared lock on daemon addresses registry.
2025-01-12T19:12:15.724-0500 [DEBUG] [org.gradle.cache.internal.DefaultFileLockManager] Lock acquired on daemon addresses registry.
2025-01-12T19:12:15.724-0500 [DEBUG] [org.gradle.cache.internal.DefaultFileLockManager] Releasing lock on daemon addresses registry.
2025-01-12T19:12:18.240-0500 [DEBUG] [org.gradle.process.internal.health.memory.DefaultMemoryManager] 3352202444 physical memory requested, 1726308352 free
2025-01-12T19:12:18.240-0500 [DEBUG] [org.gradle.workers.internal.WorkerDaemonExpiration] Will attempt to release 3196 of memory
2025-01-12T19:12:18.240-0500 [DEBUG] [org.gradle.process.internal.health.memory.DefaultMemoryManager] 3352202444 physical memory requested, 0 released, 1726308352 free
2025-01-12T19:12:23.246-0500 [DEBUG] [org.gradle.process.internal.health.memory.DefaultMemoryManager] 3352202444 physical memory requested, 1756917760 free
2025-01-12T19:12:23.246-0500 [DEBUG] [org.gradle.workers.internal.WorkerDaemonExpiration] Will attempt to release 3196 of memory
2025-01-12T19:12:23.246-0500 [DEBUG] [org.gradle.process.internal.health.memory.DefaultMemoryManager] 3352202444 physical memory requested, 0 released, 1756917760 free
2025-01-12T19:12:25.727-0500 [DEBUG] [org.gradle.cache.internal.DefaultFileLockManager] Waiting to acquire shared lock on daemon addresses registry.
2025-01-12T19:12:25.727-0500 [DEBUG] [org.gradle.cache.internal.DefaultFileLockManager] Lock acquired on daemon addresses registry.
2025-01-12T19:12:25.727-0500 [DEBUG] [org.gradle.cache.internal.DefaultFileLockManager] Releasing lock on daemon addresses registry.
2025-01-12T19:12:25.728-0500 [DEBUG] [org.gradle.cache.internal.DefaultFileLockManager] Waiting to acquire shared lock on daemon addresses registry.
2025-01-12T19:12:25.728-0500 [DEBUG] [org.gradle.cache.internal.DefaultFileLockManager] Lock acquired on daemon addresses registry.
2025-01-12T19:12:25.728-0500 [DEBUG] [org.gradle.cache.internal.DefaultFileLockManager] Releasing lock on daemon addresses registry.
2025-01-12T19:12:25.728-0500 [DEBUG] [org.gradle.cache.internal.DefaultFileLockManager] Waiting to acquire shared lock on daemon addresses registry.
2025-01-12T19:12:25.728-0500 [DEBUG] [org.gradle.cache.internal.DefaultFileLockManager] Lock acquired on daemon addresses registry.
2025-01-12T19:12:25.728-0500 [DEBUG] [org.gradle.cache.internal.DefaultFileLockManager] Releasing lock on daemon addresses registry.
2025-01-12T19:12:28.240-0500 [DEBUG] [org.gradle.process.internal.health.memory.DefaultMemoryManager] 3352202444 physical memory requested, 1772707840 free
2025-01-12T19:12:28.240-0500 [DEBUG] [org.gradle.workers.internal.WorkerDaemonExpiration] Will attempt to release 3196 of memory
2025-01-12T19:12:28.240-0500 [DEBUG] [org.gradle.process.internal.health.memory.DefaultMemoryManager] 3352202444 physical memory requested, 0 released, 1772707840 free
2025-01-12T19:12:33.238-0500 [DEBUG] [org.gradle.process.internal.health.memory.DefaultMemoryManager] 3352202444 physical memory requested, 1725874176 free
2025-01-12T19:12:33.238-0500 [DEBUG] [org.gradle.workers.internal.WorkerDaemonExpiration] Will attempt to release 3196 of memory
2025-01-12T19:12:33.238-0500 [DEBUG] [org.gradle.process.internal.health.memory.DefaultMemoryManager] 3352202444 physical memory requested, 0 released, 1725874176 free
2025-01-12T19:12:35.716-0500 [DEBUG] [org.gradle.cache.internal.DefaultFileLockManager] Waiting to acquire shared lock on daemon addresses registry.
2025-01-12T19:12:35.716-0500 [DEBUG] [org.gradle.cache.internal.DefaultFileLockManager] Lock acquired on daemon addresses registry.
2025-01-12T19:12:35.717-0500 [DEBUG] [org.gradle.cache.internal.DefaultFileLockManager] Releasing lock on daemon addresses registry.
2025-01-12T19:12:35.718-0500 [DEBUG] [org.gradle.cache.internal.DefaultFileLockManager] Waiting to acquire shared lock on daemon addresses registry.
2025-01-12T19:12:35.718-0500 [DEBUG] [org.gradle.cache.internal.DefaultFileLockManager] Lock acquired on daemon addresses registry.
2025-01-12T19:12:35.718-0500 [DEBUG] [org.gradle.cache.internal.DefaultFileLockManager] Releasing lock on daemon addresses registry.
2025-01-12T19:12:35.719-0500 [DEBUG] [org.gradle.cache.internal.DefaultFileLockManager] Waiting to acquire shared lock on daemon addresses registry.
2025-01-12T19:12:35.719-0500 [DEBUG] [org.gradle.cache.internal.DefaultFileLockManager] Lock acquired on daemon addresses registry.
2025-01-12T19:12:35.719-0500 [DEBUG] [org.gradle.cache.internal.DefaultFileLockManager] Releasing lock on daemon addresses registry.
2025-01-12T19:12:38.251-0500 [DEBUG] [org.gradle.process.internal.health.memory.DefaultMemoryManager] 3352202444 physical memory requested, 1647648768 free
2025-01-12T19:12:38.251-0500 [DEBUG] [org.gradle.workers.internal.WorkerDaemonExpiration] Will attempt to release 3196 of memory
2025-01-12T19:12:38.251-0500 [DEBUG] [org.gradle.process.internal.health.memory.DefaultMemoryManager] 3352202444 physical memory requested, 0 released, 1647648768 free
2025-01-12T19:12:43.252-0500 [DEBUG] [org.gradle.process.internal.health.memory.DefaultMemoryManager] 3352202444 physical memory requested, 1746657280 free
2025-01-12T19:12:43.252-0500 [DEBUG] [org.gradle.workers.internal.WorkerDaemonExpiration] Will attempt to release 3196 of memory
2025-01-12T19:12:43.252-0500 [DEBUG] [org.gradle.process.internal.health.memory.DefaultMemoryManager] 3352202444 physical memory requested, 0 released, 1746657280 free
2025-01-12T19:12:45.729-0500 [DEBUG] [org.gradle.cache.internal.DefaultFileLockManager] Waiting to acquire shared lock on daemon addresses registry.
2025-01-12T19:12:45.729-0500 [DEBUG] [org.gradle.cache.internal.DefaultFileLockManager] Lock acquired on daemon addresses registry.
2025-01-12T19:12:45.729-0500 [DEBUG] [org.gradle.cache.internal.DefaultFileLockManager] Releasing lock on daemon addresses registry.
2025-01-12T19:12:45.730-0500 [DEBUG] [org.gradle.cache.internal.DefaultFileLockManager] Waiting to acquire shared lock on daemon addresses registry.
2025-01-12T19:12:45.730-0500 [DEBUG] [org.gradle.cache.internal.DefaultFileLockManager] Lock acquired on daemon addresses registry.
2025-01-12T19:12:45.730-0500 [DEBUG] [org.gradle.cache.internal.DefaultFileLockManager] Releasing lock on daemon addresses registry.
2025-01-12T19:12:45.731-0500 [DEBUG] [org.gradle.cache.internal.DefaultFileLockManager] Waiting to acquire shared lock on daemon addresses registry.
2025-01-12T19:12:45.731-0500 [DEBUG] [org.gradle.cache.internal.DefaultFileLockManager] Lock acquired on daemon addresses registry.
2025-01-12T19:12:45.731-0500 [DEBUG] [org.gradle.cache.internal.DefaultFileLockManager] Releasing lock on daemon addresses registry.
2025-01-12T19:12:48.251-0500 [DEBUG] [org.gradle.process.internal.health.memory.DefaultMemoryManager] 3352202444 physical memory requested, 1758978048 free
2025-01-12T19:12:48.252-0500 [DEBUG] [org.gradle.workers.internal.WorkerDaemonExpiration] Will attempt to release 3196 of memory
2025-01-12T19:12:48.252-0500 [DEBUG] [org.gradle.process.internal.health.memory.DefaultMemoryManager] 3352202444 physical memory requested, 0 released, 1758978048 free
2025-01-12T19:12:53.250-0500 [DEBUG] [org.gradle.process.internal.health.memory.DefaultMemoryManager] 3352202444 physical memory requested, 1821954048 free
2025-01-12T19:12:53.250-0500 [DEBUG] [org.gradle.workers.internal.WorkerDaemonExpiration] Will attempt to release 3196 of memory
2025-01-12T19:12:53.250-0500 [DEBUG] [org.gradle.process.internal.health.memory.DefaultMemoryManager] 3352202444 physical memory requested, 0 released, 1821954048 free
2025-01-12T19:12:55.723-0500 [DEBUG] [org.gradle.cache.internal.DefaultFileLockManager] Waiting to acquire shared lock on daemon addresses registry.
2025-01-12T19:12:55.723-0500 [DEBUG] [org.gradle.cache.internal.DefaultFileLockManager] Lock acquired on daemon addresses registry.
2025-01-12T19:12:55.723-0500 [DEBUG] [org.gradle.cache.internal.DefaultFileLockManager] Releasing lock on daemon addresses registry.
2025-01-12T19:12:55.724-0500 [DEBUG] [org.gradle.cache.internal.DefaultFileLockManager] Waiting to acquire shared lock on daemon addresses registry.
2025-01-12T19:12:55.724-0500 [DEBUG] [org.gradle.cache.internal.DefaultFileLockManager] Lock acquired on daemon addresses registry.
2025-01-12T19:12:55.724-0500 [DEBUG] [org.gradle.cache.internal.DefaultFileLockManager] Releasing lock on daemon addresses registry.
2025-01-12T19:12:55.725-0500 [DEBUG] [org.gradle.cache.internal.DefaultFileLockManager] Waiting to acquire shared lock on daemon addresses registry.
2025-01-12T19:12:55.725-0500 [DEBUG] [org.gradle.cache.internal.DefaultFileLockManager] Lock acquired on daemon addresses registry.
2025-01-12T19:12:55.725-0500 [DEBUG] [org.gradle.cache.internal.DefaultFileLockManager] Releasing lock on daemon addresses registry.
2025-01-12T19:12:58.247-0500 [DEBUG] [org.gradle.process.internal.health.memory.DefaultMemoryManager] 3352202444 physical memory requested, 1829945344 free
2025-01-12T19:12:58.247-0500 [DEBUG] [org.gradle.workers.internal.WorkerDaemonExpiration] Will attempt to release 3196 of memory
2025-01-12T19:12:58.248-0500 [DEBUG] [org.gradle.process.internal.health.memory.DefaultMemoryManager] 3352202444 physical memory requested, 0 released, 1829945344 free
2025-01-12T19:13:03.243-0500 [DEBUG] [org.gradle.process.internal.health.memory.DefaultMemoryManager] 3352202444 physical memory requested, 1852190720 free
2025-01-12T19:13:03.243-0500 [DEBUG] [org.gradle.workers.internal.WorkerDaemonExpiration] Will attempt to release 3196 of memory
2025-01-12T19:13:03.243-0500 [DEBUG] [org.gradle.process.internal.health.memory.DefaultMemoryManager] 3352202444 physical memory requested, 0 released, 1852190720 free
2025-01-12T19:13:05.716-0500 [DEBUG] [org.gradle.cache.internal.DefaultFileLockManager] Waiting to acquire shared lock on daemon addresses registry.
2025-01-12T19:13:05.716-0500 [DEBUG] [org.gradle.cache.internal.DefaultFileLockManager] Lock acquired on daemon addresses registry.
2025-01-12T19:13:05.716-0500 [DEBUG] [org.gradle.cache.internal.DefaultFileLockManager] Releasing lock on daemon addresses registry.
2025-01-12T19:13:05.717-0500 [DEBUG] [org.gradle.cache.internal.DefaultFileLockManager] Waiting to acquire shared lock on daemon addresses registry.
2025-01-12T19:13:05.717-0500 [DEBUG] [org.gradle.cache.internal.DefaultFileLockManager] Lock acquired on daemon addresses registry.
2025-01-12T19:13:05.717-0500 [DEBUG] [org.gradle.cache.internal.DefaultFileLockManager] Releasing lock on daemon addresses registry.
2025-01-12T19:13:05.717-0500 [DEBUG] [org.gradle.cache.internal.DefaultFileLockManager] Waiting to acquire shared lock on daemon addresses registry.
2025-01-12T19:13:05.717-0500 [DEBUG] [org.gradle.cache.internal.DefaultFileLockManager] Lock acquired on daemon addresses registry.
2025-01-12T19:13:05.717-0500 [DEBUG] [org.gradle.cache.internal.DefaultFileLockManager] Releasing lock on daemon addresses registry.
2025-01-12T19:13:08.253-0500 [DEBUG] [org.gradle.process.internal.health.memory.DefaultMemoryManager] 3352202444 physical memory requested, 1868980224 free
2025-01-12T19:13:08.253-0500 [DEBUG] [org.gradle.workers.internal.WorkerDaemonExpiration] Will attempt to release 3196 of memory
2025-01-12T19:13:08.253-0500 [DEBUG] [org.gradle.process.internal.health.memory.DefaultMemoryManager] 3352202444 physical memory requested, 0 released, 1868980224 free
2025-01-12T19:13:13.250-0500 [DEBUG] [org.gradle.process.internal.health.memory.DefaultMemoryManager] 3352202444 physical memory requested, 1904455680 free
2025-01-12T19:13:13.250-0500 [DEBUG] [org.gradle.workers.internal.WorkerDaemonExpiration] Will attempt to release 3196 of memory
2025-01-12T19:13:13.250-0500 [DEBUG] [org.gradle.process.internal.health.memory.DefaultMemoryManager] 3352202444 physical memory requested, 0 released, 1904455680 free
2025-01-12T19:13:15.723-0500 [DEBUG] [org.gradle.cache.internal.DefaultFileLockManager] Waiting to acquire shared lock on daemon addresses registry.
2025-01-12T19:13:15.723-0500 [DEBUG] [org.gradle.cache.internal.DefaultFileLockManager] Lock acquired on daemon addresses registry.
2025-01-12T19:13:15.724-0500 [DEBUG] [org.gradle.cache.internal.DefaultFileLockManager] Releasing lock on daemon addresses registry.
2025-01-12T19:13:15.724-0500 [DEBUG] [org.gradle.cache.internal.DefaultFileLockManager] Waiting to acquire shared lock on daemon addresses registry.
2025-01-12T19:13:15.724-0500 [DEBUG] [org.gradle.cache.internal.DefaultFileLockManager] Lock acquired on daemon addresses registry.
2025-01-12T19:13:15.724-0500 [DEBUG] [org.gradle.cache.internal.DefaultFileLockManager] Releasing lock on daemon addresses registry.
2025-01-12T19:13:15.725-0500 [DEBUG] [org.gradle.cache.internal.DefaultFileLockManager] Waiting to acquire shared lock on daemon addresses registry.
2025-01-12T19:13:15.725-0500 [DEBUG] [org.gradle.cache.internal.DefaultFileLockManager] Lock acquired on daemon addresses registry.
2025-01-12T19:13:15.725-0500 [DEBUG] [org.gradle.cache.internal.DefaultFileLockManager] Releasing lock on daemon addresses registry.
2025-01-12T19:13:18.255-0500 [DEBUG] [org.gradle.process.internal.health.memory.DefaultMemoryManager] 3352202444 physical memory requested, 1803235328 free
2025-01-12T19:13:18.256-0500 [DEBUG] [org.gradle.workers.internal.WorkerDaemonExpiration] Will attempt to release 3196 of memory
2025-01-12T19:13:18.256-0500 [DEBUG] [org.gradle.process.internal.health.memory.DefaultMemoryManager] 3352202444 physical memory requested, 0 released, 1803235328 free
2025-01-12T19:13:23.242-0500 [DEBUG] [org.gradle.process.internal.health.memory.DefaultMemoryManager] 3352202444 physical memory requested, 1639084032 free
2025-01-12T19:13:23.242-0500 [DEBUG] [org.gradle.workers.internal.WorkerDaemonExpiration] Will attempt to release 3196 of memory
2025-01-12T19:13:23.242-0500 [DEBUG] [org.gradle.process.internal.health.memory.DefaultMemoryManager] 3352202444 physical memory requested, 0 released, 1639084032 free
2025-01-12T19:13:25.727-0500 [DEBUG] [org.gradle.cache.internal.DefaultFileLockManager] Waiting to acquire shared lock on daemon addresses registry.
2025-01-12T19:13:25.727-0500 [DEBUG] [org.gradle.cache.internal.DefaultFileLockManager] Lock acquired on daemon addresses registry.
2025-01-12T19:13:25.727-0500 [DEBUG] [org.gradle.cache.internal.DefaultFileLockManager] Releasing lock on daemon addresses registry.
2025-01-12T19:13:25.728-0500 [DEBUG] [org.gradle.cache.internal.DefaultFileLockManager] Waiting to acquire shared lock on daemon addresses registry.
2025-01-12T19:13:25.728-0500 [DEBUG] [org.gradle.cache.internal.DefaultFileLockManager] Lock acquired on daemon addresses registry.
2025-01-12T19:13:25.728-0500 [DEBUG] [org.gradle.cache.internal.DefaultFileLockManager] Releasing lock on daemon addresses registry.
2025-01-12T19:13:25.728-0500 [DEBUG] [org.gradle.cache.internal.DefaultFileLockManager] Waiting to acquire shared lock on daemon addresses registry.
2025-01-12T19:13:25.728-0500 [DEBUG] [org.gradle.cache.internal.DefaultFileLockManager] Lock acquired on daemon addresses registry.
2025-01-12T19:13:25.728-0500 [DEBUG] [org.gradle.cache.internal.DefaultFileLockManager] Releasing lock on daemon addresses registry.
2025-01-12T19:13:28.248-0500 [DEBUG] [org.gradle.process.internal.health.memory.DefaultMemoryManager] 3352202444 physical memory requested, 1669124096 free
2025-01-12T19:13:28.248-0500 [DEBUG] [org.gradle.workers.internal.WorkerDaemonExpiration] Will attempt to release 3196 of memory
2025-01-12T19:13:28.248-0500 [DEBUG] [org.gradle.process.internal.health.memory.DefaultMemoryManager] 3352202444 physical memory requested, 0 released, 1669124096 free
2025-01-12T19:13:33.253-0500 [DEBUG] [org.gradle.process.internal.health.memory.DefaultMemoryManager] 3352202444 physical memory requested, 1611157504 free
2025-01-12T19:13:33.253-0500 [DEBUG] [org.gradle.workers.internal.WorkerDaemonExpiration] Will attempt to release 3196 of memory
2025-01-12T19:13:33.253-0500 [DEBUG] [org.gradle.process.internal.health.memory.DefaultMemoryManager] 3352202444 physical memory requested, 0 released, 1611157504 free
2025-01-12T19:13:35.719-0500 [DEBUG] [org.gradle.cache.internal.DefaultFileLockManager] Waiting to acquire shared lock on daemon addresses registry.
2025-01-12T19:13:35.719-0500 [DEBUG] [org.gradle.cache.internal.DefaultFileLockManager] Lock acquired on daemon addresses registry.
2025-01-12T19:13:35.719-0500 [DEBUG] [org.gradle.cache.internal.DefaultFileLockManager] Releasing lock on daemon addresses registry.
2025-01-12T19:13:35.720-0500 [DEBUG] [org.gradle.cache.internal.DefaultFileLockManager] Waiting to acquire shared lock on daemon addresses registry.
2025-01-12T19:13:35.720-0500 [DEBUG] [org.gradle.cache.internal.DefaultFileLockManager] Lock acquired on daemon addresses registry.
2025-01-12T19:13:35.720-0500 [DEBUG] [org.gradle.cache.internal.DefaultFileLockManager] Releasing lock on daemon addresses registry.
2025-01-12T19:13:35.720-0500 [DEBUG] [org.gradle.cache.internal.DefaultFileLockManager] Waiting to acquire shared lock on daemon addresses registry.
2025-01-12T19:13:35.720-0500 [DEBUG] [org.gradle.cache.internal.DefaultFileLockManager] Lock acquired on daemon addresses registry.
2025-01-12T19:13:35.720-0500 [DEBUG] [org.gradle.cache.internal.DefaultFileLockManager] Releasing lock on daemon addresses registry.
2025-01-12T19:13:38.241-0500 [DEBUG] [org.gradle.process.internal.health.memory.DefaultMemoryManager] 3352202444 physical memory requested, 1534398464 free
2025-01-12T19:13:38.242-0500 [DEBUG] [org.gradle.workers.internal.WorkerDaemonExpiration] Will attempt to release 3196 of memory
2025-01-12T19:13:38.242-0500 [DEBUG] [org.gradle.process.internal.health.memory.DefaultMemoryManager] 3352202444 physical memory requested, 0 released, 1534398464 free
2025-01-12T19:13:43.250-0500 [DEBUG] [org.gradle.process.internal.health.memory.DefaultMemoryManager] 3352202444 physical memory requested, 1559543808 free
2025-01-12T19:13:43.250-0500 [DEBUG] [org.gradle.workers.internal.WorkerDaemonExpiration] Will attempt to release 3196 of memory
2025-01-12T19:13:43.250-0500 [DEBUG] [org.gradle.process.internal.health.memory.DefaultMemoryManager] 3352202444 physical memory requested, 0 released, 1559543808 free
2025-01-12T19:13:45.720-0500 [DEBUG] [org.gradle.cache.internal.DefaultFileLockManager] Waiting to acquire shared lock on daemon addresses registry.
2025-01-12T19:13:45.720-0500 [DEBUG] [org.gradle.cache.internal.DefaultFileLockManager] Lock acquired on daemon addresses registry.
2025-01-12T19:13:45.720-0500 [DEBUG] [org.gradle.cache.internal.DefaultFileLockManager] Releasing lock on daemon addresses registry.
2025-01-12T19:13:45.721-0500 [DEBUG] [org.gradle.cache.internal.DefaultFileLockManager] Waiting to acquire shared lock on daemon addresses registry.
2025-01-12T19:13:45.721-0500 [DEBUG] [org.gradle.cache.internal.DefaultFileLockManager] Lock acquired on daemon addresses registry.
2025-01-12T19:13:45.721-0500 [DEBUG] [org.gradle.cache.internal.DefaultFileLockManager] Releasing lock on daemon addresses registry.
2025-01-12T19:13:45.721-0500 [DEBUG] [org.gradle.cache.internal.DefaultFileLockManager] Waiting to acquire shared lock on daemon addresses registry.
2025-01-12T19:13:45.721-0500 [DEBUG] [org.gradle.cache.internal.DefaultFileLockManager] Lock acquired on daemon addresses registry.
2025-01-12T19:13:45.722-0500 [DEBUG] [org.gradle.cache.internal.DefaultFileLockManager] Releasing lock on daemon addresses registry.
2025-01-12T19:13:48.245-0500 [DEBUG] [org.gradle.process.internal.health.memory.DefaultMemoryManager] 3352202444 physical memory requested, 1531101184 free
2025-01-12T19:13:48.245-0500 [DEBUG] [org.gradle.workers.internal.WorkerDaemonExpiration] Will attempt to release 3196 of memory
2025-01-12T19:13:48.245-0500 [DEBUG] [org.gradle.process.internal.health.memory.DefaultMemoryManager] 3352202444 physical memory requested, 0 released, 1531101184 free
2025-01-12T19:13:53.255-0500 [DEBUG] [org.gradle.process.internal.health.memory.DefaultMemoryManager] 3352202444 physical memory requested, 1521934336 free
2025-01-12T19:13:53.255-0500 [DEBUG] [org.gradle.workers.internal.WorkerDaemonExpiration] Will attempt to release 3196 of memory
2025-01-12T19:13:53.255-0500 [DEBUG] [org.gradle.process.internal.health.memory.DefaultMemoryManager] 3352202444 physical memory requested, 0 released, 1521934336 free
2025-01-12T19:13:55.721-0500 [DEBUG] [org.gradle.cache.internal.DefaultFileLockManager] Waiting to acquire shared lock on daemon addresses registry.
2025-01-12T19:13:55.721-0500 [DEBUG] [org.gradle.cache.internal.DefaultFileLockManager] Lock acquired on daemon addresses registry.
2025-01-12T19:13:55.722-0500 [DEBUG] [org.gradle.cache.internal.DefaultFileLockManager] Releasing lock on daemon addresses registry.
2025-01-12T19:13:55.723-0500 [DEBUG] [org.gradle.cache.internal.DefaultFileLockManager] Waiting to acquire shared lock on daemon addresses registry.
2025-01-12T19:13:55.723-0500 [DEBUG] [org.gradle.cache.internal.DefaultFileLockManager] Lock acquired on daemon addresses registry.
2025-01-12T19:13:55.723-0500 [DEBUG] [org.gradle.cache.internal.DefaultFileLockManager] Releasing lock on daemon addresses registry.
2025-01-12T19:13:55.724-0500 [DEBUG] [org.gradle.cache.internal.DefaultFileLockManager] Waiting to acquire shared lock on daemon addresses registry.
2025-01-12T19:13:55.724-0500 [DEBUG] [org.gradle.cache.internal.DefaultFileLockManager] Lock acquired on daemon addresses registry.
2025-01-12T19:13:55.724-0500 [DEBUG] [org.gradle.cache.internal.DefaultFileLockManager] Releasing lock on daemon addresses registry.
2025-01-12T19:13:58.256-0500 [DEBUG] [org.gradle.process.internal.health.memory.DefaultMemoryManager] 3352202444 physical memory requested, 1543864320 free
2025-01-12T19:13:58.257-0500 [DEBUG] [org.gradle.workers.internal.WorkerDaemonExpiration] Will attempt to release 3196 of memory
2025-01-12T19:13:58.257-0500 [DEBUG] [org.gradle.process.internal.health.memory.DefaultMemoryManager] 3352202444 physical memory requested, 0 released, 1543864320 free
2025-01-12T19:14:03.248-0500 [DEBUG] [org.gradle.process.internal.health.memory.DefaultMemoryManager] 3352202444 physical memory requested, 1621864448 free
2025-01-12T19:14:03.248-0500 [DEBUG] [org.gradle.workers.internal.WorkerDaemonExpiration] Will attempt to release 3196 of memory
2025-01-12T19:14:03.248-0500 [DEBUG] [org.gradle.process.internal.health.memory.DefaultMemoryManager] 3352202444 physical memory requested, 0 released, 1621864448 free
2025-01-12T19:14:05.726-0500 [DEBUG] [org.gradle.cache.internal.DefaultFileLockManager] Waiting to acquire shared lock on daemon addresses registry.
2025-01-12T19:14:05.726-0500 [DEBUG] [org.gradle.cache.internal.DefaultFileLockManager] Lock acquired on daemon addresses registry.
2025-01-12T19:14:05.726-0500 [DEBUG] [org.gradle.cache.internal.DefaultFileLockManager] Releasing lock on daemon addresses registry.
2025-01-12T19:14:05.727-0500 [DEBUG] [org.gradle.cache.internal.DefaultFileLockManager] Waiting to acquire shared lock on daemon addresses registry.
2025-01-12T19:14:05.727-0500 [DEBUG] [org.gradle.cache.internal.DefaultFileLockManager] Lock acquired on daemon addresses registry.
2025-01-12T19:14:05.727-0500 [DEBUG] [org.gradle.cache.internal.DefaultFileLockManager] Releasing lock on daemon addresses registry.
2025-01-12T19:14:05.728-0500 [DEBUG] [org.gradle.cache.internal.DefaultFileLockManager] Waiting to acquire shared lock on daemon addresses registry.
2025-01-12T19:14:05.728-0500 [DEBUG] [org.gradle.cache.internal.DefaultFileLockManager] Lock acquired on daemon addresses registry.
2025-01-12T19:14:05.729-0500 [DEBUG] [org.gradle.cache.internal.DefaultFileLockManager] Releasing lock on daemon addresses registry.
2025-01-12T19:14:08.238-0500 [DEBUG] [org.gradle.process.internal.health.memory.DefaultMemoryManager] 3352202444 physical memory requested, 1622249472 free
2025-01-12T19:14:08.238-0500 [DEBUG] [org.gradle.workers.internal.WorkerDaemonExpiration] Will attempt to release 3196 of memory
2025-01-12T19:14:08.238-0500 [DEBUG] [org.gradle.process.internal.health.memory.DefaultMemoryManager] 3352202444 physical memory requested, 0 released, 1622249472 free
2025-01-12T19:14:13.252-0500 [DEBUG] [org.gradle.process.internal.health.memory.DefaultMemoryManager] 3352202444 physical memory requested, 1614688256 free
2025-01-12T19:14:13.252-0500 [DEBUG] [org.gradle.workers.internal.WorkerDaemonExpiration] Will attempt to release 3196 of memory
2025-01-12T19:14:13.252-0500 [DEBUG] [org.gradle.process.internal.health.memory.DefaultMemoryManager] 3352202444 physical memory requested, 0 released, 1614688256 free
2025-01-12T19:14:15.720-0500 [DEBUG] [org.gradle.cache.internal.DefaultFileLockManager] Waiting to acquire shared lock on daemon addresses registry.
2025-01-12T19:14:15.720-0500 [DEBUG] [org.gradle.cache.internal.DefaultFileLockManager] Lock acquired on daemon addresses registry.
2025-01-12T19:14:15.720-0500 [DEBUG] [org.gradle.cache.internal.DefaultFileLockManager] Releasing lock on daemon addresses registry.
2025-01-12T19:14:15.720-0500 [DEBUG] [org.gradle.cache.internal.DefaultFileLockManager] Waiting to acquire shared lock on daemon addresses registry.
2025-01-12T19:14:15.721-0500 [DEBUG] [org.gradle.cache.internal.DefaultFileLockManager] Lock acquired on daemon addresses registry.
2025-01-12T19:14:15.721-0500 [DEBUG] [org.gradle.cache.internal.DefaultFileLockManager] Releasing lock on daemon addresses registry.
2025-01-12T19:14:15.721-0500 [DEBUG] [org.gradle.cache.internal.DefaultFileLockManager] Waiting to acquire shared lock on daemon addresses registry.
2025-01-12T19:14:15.721-0500 [DEBUG] [org.gradle.cache.internal.DefaultFileLockManager] Lock acquired on daemon addresses registry.
2025-01-12T19:14:15.721-0500 [DEBUG] [org.gradle.cache.internal.DefaultFileLockManager] Releasing lock on daemon addresses registry.
2025-01-12T19:14:18.251-0500 [DEBUG] [org.gradle.process.internal.health.memory.DefaultMemoryManager] 3352202444 physical memory requested, 1553756160 free
2025-01-12T19:14:18.251-0500 [DEBUG] [org.gradle.workers.internal.WorkerDaemonExpiration] Will attempt to release 3196 of memory
2025-01-12T19:14:18.251-0500 [DEBUG] [org.gradle.process.internal.health.memory.DefaultMemoryManager] 3352202444 physical memory requested, 0 released, 1553756160 free
2025-01-12T19:14:23.244-0500 [DEBUG] [org.gradle.process.internal.health.memory.DefaultMemoryManager] 3352202444 physical memory requested, 1572741120 free
2025-01-12T19:14:23.244-0500 [DEBUG] [org.gradle.workers.internal.WorkerDaemonExpiration] Will attempt to release 3196 of memory
2025-01-12T19:14:23.244-0500 [DEBUG] [org.gradle.process.internal.health.memory.DefaultMemoryManager] 3352202444 physical memory requested, 0 released, 1572741120 free
2025-01-12T19:14:25.726-0500 [DEBUG] [org.gradle.cache.internal.DefaultFileLockManager] Waiting to acquire shared lock on daemon addresses registry.
2025-01-12T19:14:25.726-0500 [DEBUG] [org.gradle.cache.internal.DefaultFileLockManager] Lock acquired on daemon addresses registry.
2025-01-12T19:14:25.726-0500 [DEBUG] [org.gradle.cache.internal.DefaultFileLockManager] Releasing lock on daemon addresses registry.
2025-01-12T19:14:25.727-0500 [DEBUG] [org.gradle.cache.internal.DefaultFileLockManager] Waiting to acquire shared lock on daemon addresses registry.
2025-01-12T19:14:25.727-0500 [DEBUG] [org.gradle.cache.internal.DefaultFileLockManager] Lock acquired on daemon addresses registry.
2025-01-12T19:14:25.727-0500 [DEBUG] [org.gradle.cache.internal.DefaultFileLockManager] Releasing lock on daemon addresses registry.
2025-01-12T19:14:25.727-0500 [DEBUG] [org.gradle.cache.internal.DefaultFileLockManager] Waiting to acquire shared lock on daemon addresses registry.
2025-01-12T19:14:25.727-0500 [DEBUG] [org.gradle.cache.internal.DefaultFileLockManager] Lock acquired on daemon addresses registry.
2025-01-12T19:14:25.728-0500 [DEBUG] [org.gradle.cache.internal.DefaultFileLockManager] Releasing lock on daemon addresses registry.
2025-01-12T19:14:28.240-0500 [DEBUG] [org.gradle.process.internal.health.memory.DefaultMemoryManager] 3352202444 physical memory requested, 1553215488 free
2025-01-12T19:14:28.240-0500 [DEBUG] [org.gradle.workers.internal.WorkerDaemonExpiration] Will attempt to release 3196 of memory
2025-01-12T19:14:28.240-0500 [DEBUG] [org.gradle.process.internal.health.memory.DefaultMemoryManager] 3352202444 physical memory requested, 0 released, 1553215488 free
2025-01-12T19:14:33.253-0500 [DEBUG] [org.gradle.process.internal.health.memory.DefaultMemoryManager] 3352202444 physical memory requested, 1510891520 free
2025-01-12T19:14:33.253-0500 [DEBUG] [org.gradle.workers.internal.WorkerDaemonExpiration] Will attempt to release 3196 of memory
2025-01-12T19:14:33.253-0500 [DEBUG] [org.gradle.process.internal.health.memory.DefaultMemoryManager] 3352202444 physical memory requested, 0 released, 1510891520 free
2025-01-12T19:14:35.723-0500 [DEBUG] [org.gradle.cache.internal.DefaultFileLockManager] Waiting to acquire shared lock on daemon addresses registry.
2025-01-12T19:14:35.723-0500 [DEBUG] [org.gradle.cache.internal.DefaultFileLockManager] Lock acquired on daemon addresses registry.
2025-01-12T19:14:35.723-0500 [DEBUG] [org.gradle.cache.internal.DefaultFileLockManager] Releasing lock on daemon addresses registry.
2025-01-12T19:14:35.723-0500 [DEBUG] [org.gradle.cache.internal.DefaultFileLockManager] Waiting to acquire shared lock on daemon addresses registry.
2025-01-12T19:14:35.723-0500 [DEBUG] [org.gradle.cache.internal.DefaultFileLockManager] Lock acquired on daemon addresses registry.
2025-01-12T19:14:35.724-0500 [DEBUG] [org.gradle.cache.internal.DefaultFileLockManager] Releasing lock on daemon addresses registry.
2025-01-12T19:14:35.724-0500 [DEBUG] [org.gradle.cache.internal.DefaultFileLockManager] Waiting to acquire shared lock on daemon addresses registry.
2025-01-12T19:14:35.724-0500 [DEBUG] [org.gradle.cache.internal.DefaultFileLockManager] Lock acquired on daemon addresses registry.
2025-01-12T19:14:35.724-0500 [DEBUG] [org.gradle.cache.internal.DefaultFileLockManager] Releasing lock on daemon addresses registry.
2025-01-12T19:14:38.253-0500 [DEBUG] [org.gradle.process.internal.health.memory.DefaultMemoryManager] 3352202444 physical memory requested, 1557966848 free
2025-01-12T19:14:38.253-0500 [DEBUG] [org.gradle.workers.internal.WorkerDaemonExpiration] Will attempt to release 3196 of memory
2025-01-12T19:14:38.253-0500 [DEBUG] [org.gradle.process.internal.health.memory.DefaultMemoryManager] 3352202444 physical memory requested, 0 released, 1557966848 free
2025-01-12T19:14:43.239-0500 [DEBUG] [org.gradle.process.internal.health.memory.DefaultMemoryManager] 3352202444 physical memory requested, 1526878208 free
2025-01-12T19:14:43.239-0500 [DEBUG] [org.gradle.workers.internal.WorkerDaemonExpiration] Will attempt to release 3196 of memory
2025-01-12T19:14:43.239-0500 [DEBUG] [org.gradle.process.internal.health.memory.DefaultMemoryManager] 3352202444 physical memory requested, 0 released, 1526878208 free
2025-01-12T19:14:45.724-0500 [DEBUG] [org.gradle.cache.internal.DefaultFileLockManager] Waiting to acquire shared lock on daemon addresses registry.
2025-01-12T19:14:45.724-0500 [DEBUG] [org.gradle.cache.internal.DefaultFileLockManager] Lock acquired on daemon addresses registry.
2025-01-12T19:14:45.725-0500 [DEBUG] [org.gradle.cache.internal.DefaultFileLockManager] Releasing lock on daemon addresses registry.
2025-01-12T19:14:45.725-0500 [DEBUG] [org.gradle.cache.internal.DefaultFileLockManager] Waiting to acquire shared lock on daemon addresses registry.
2025-01-12T19:14:45.725-0500 [DEBUG] [org.gradle.cache.internal.DefaultFileLockManager] Lock acquired on daemon addresses registry.
2025-01-12T19:14:45.725-0500 [DEBUG] [org.gradle.cache.internal.DefaultFileLockManager] Releasing lock on daemon addresses registry.
2025-01-12T19:14:45.726-0500 [DEBUG] [org.gradle.cache.internal.DefaultFileLockManager] Waiting to acquire shared lock on daemon addresses registry.
2025-01-12T19:14:45.726-0500 [DEBUG] [org.gradle.cache.internal.DefaultFileLockManager] Lock acquired on daemon addresses registry.
2025-01-12T19:14:45.726-0500 [DEBUG] [org.gradle.cache.internal.DefaultFileLockManager] Releasing lock on daemon addresses registry.
2025-01-12T19:14:48.250-0500 [DEBUG] [org.gradle.process.internal.health.memory.DefaultMemoryManager] 3352202444 physical memory requested, 1537499136 free
2025-01-12T19:14:48.250-0500 [DEBUG] [org.gradle.workers.internal.WorkerDaemonExpiration] Will attempt to release 3196 of memory
2025-01-12T19:14:48.250-0500 [DEBUG] [org.gradle.process.internal.health.memory.DefaultMemoryManager] 3352202444 physical memory requested, 0 released, 1537499136 free
2025-01-12T19:14:53.242-0500 [DEBUG] [org.gradle.process.internal.health.memory.DefaultMemoryManager] 3352202444 physical memory requested, 1529651200 free
2025-01-12T19:14:53.242-0500 [DEBUG] [org.gradle.workers.internal.WorkerDaemonExpiration] Will attempt to release 3196 of memory
2025-01-12T19:14:53.242-0500 [DEBUG] [org.gradle.process.internal.health.memory.DefaultMemoryManager] 3352202444 physical memory requested, 0 released, 1529651200 free
2025-01-12T19:14:55.714-0500 [DEBUG] [org.gradle.cache.internal.DefaultFileLockManager] Waiting to acquire shared lock on daemon addresses registry.
2025-01-12T19:14:55.715-0500 [DEBUG] [org.gradle.cache.internal.DefaultFileLockManager] Lock acquired on daemon addresses registry.
2025-01-12T19:14:55.715-0500 [DEBUG] [org.gradle.cache.internal.DefaultFileLockManager] Releasing lock on daemon addresses registry.
2025-01-12T19:14:55.716-0500 [DEBUG] [org.gradle.cache.internal.DefaultFileLockManager] Waiting to acquire shared lock on daemon addresses registry.
2025-01-12T19:14:55.716-0500 [DEBUG] [org.gradle.cache.internal.DefaultFileLockManager] Lock acquired on daemon addresses registry.
2025-01-12T19:14:55.716-0500 [DEBUG] [org.gradle.cache.internal.DefaultFileLockManager] Releasing lock on daemon addresses registry.
2025-01-12T19:14:55.716-0500 [DEBUG] [org.gradle.cache.internal.DefaultFileLockManager] Waiting to acquire shared lock on daemon addresses registry.
2025-01-12T19:14:55.716-0500 [DEBUG] [org.gradle.cache.internal.DefaultFileLockManager] Lock acquired on daemon addresses registry.
2025-01-12T19:14:55.716-0500 [DEBUG] [org.gradle.cache.internal.DefaultFileLockManager] Releasing lock on daemon addresses registry.
2025-01-12T19:14:58.241-0500 [DEBUG] [org.gradle.process.internal.health.memory.DefaultMemoryManager] 3352202444 physical memory requested, 1602850816 free
2025-01-12T19:14:58.241-0500 [DEBUG] [org.gradle.workers.internal.WorkerDaemonExpiration] Will attempt to release 3196 of memory
2025-01-12T19:14:58.241-0500 [DEBUG] [org.gradle.process.internal.health.memory.DefaultMemoryManager] 3352202444 physical memory requested, 0 released, 1602850816 free
2025-01-12T19:15:03.239-0500 [DEBUG] [org.gradle.process.internal.health.memory.DefaultMemoryManager] 3352202444 physical memory requested, 1639948288 free
2025-01-12T19:15:03.239-0500 [DEBUG] [org.gradle.workers.internal.WorkerDaemonExpiration] Will attempt to release 3196 of memory
2025-01-12T19:15:03.239-0500 [DEBUG] [org.gradle.process.internal.health.memory.DefaultMemoryManager] 3352202444 physical memory requested, 0 released, 1639948288 free
2025-01-12T19:15:05.720-0500 [DEBUG] [org.gradle.cache.internal.DefaultFileLockManager] Waiting to acquire shared lock on daemon addresses registry.
2025-01-12T19:15:05.720-0500 [DEBUG] [org.gradle.cache.internal.DefaultFileLockManager] Lock acquired on daemon addresses registry.
2025-01-12T19:15:05.720-0500 [DEBUG] [org.gradle.cache.internal.DefaultFileLockManager] Releasing lock on daemon addresses registry.
2025-01-12T19:15:05.721-0500 [DEBUG] [org.gradle.cache.internal.DefaultFileLockManager] Waiting to acquire shared lock on daemon addresses registry.
2025-01-12T19:15:05.721-0500 [DEBUG] [org.gradle.cache.internal.DefaultFileLockManager] Lock acquired on daemon addresses registry.
2025-01-12T19:15:05.721-0500 [DEBUG] [org.gradle.cache.internal.DefaultFileLockManager] Releasing lock on daemon addresses registry.
2025-01-12T19:15:05.722-0500 [DEBUG] [org.gradle.cache.internal.DefaultFileLockManager] Waiting to acquire shared lock on daemon addresses registry.
2025-01-12T19:15:05.722-0500 [DEBUG] [org.gradle.cache.internal.DefaultFileLockManager] Lock acquired on daemon addresses registry.
2025-01-12T19:15:05.722-0500 [DEBUG] [org.gradle.cache.internal.DefaultFileLockManager] Releasing lock on daemon addresses registry.
2025-01-12T19:15:08.259-0500 [DEBUG] [org.gradle.process.internal.health.memory.DefaultMemoryManager] 3352202444 physical memory requested, 1631186944 free
2025-01-12T19:15:08.259-0500 [DEBUG] [org.gradle.workers.internal.WorkerDaemonExpiration] Will attempt to release 3196 of memory
2025-01-12T19:15:08.259-0500 [DEBUG] [org.gradle.process.internal.health.memory.DefaultMemoryManager] 3352202444 physical memory requested, 0 released, 1631186944 free
2025-01-12T19:15:13.249-0500 [DEBUG] [org.gradle.process.internal.health.memory.DefaultMemoryManager] 3352202444 physical memory requested, 1648820224 free
2025-01-12T19:15:13.249-0500 [DEBUG] [org.gradle.workers.internal.WorkerDaemonExpiration] Will attempt to release 3196 of memory
2025-01-12T19:15:13.249-0500 [DEBUG] [org.gradle.process.internal.health.memory.DefaultMemoryManager] 3352202444 physical memory requested, 0 released, 1648820224 free
2025-01-12T19:15:15.720-0500 [DEBUG] [org.gradle.cache.internal.DefaultFileLockManager] Waiting to acquire shared lock on daemon addresses registry.
2025-01-12T19:15:15.720-0500 [DEBUG] [org.gradle.cache.internal.DefaultFileLockManager] Lock acquired on daemon addresses registry.
2025-01-12T19:15:15.720-0500 [DEBUG] [org.gradle.cache.internal.DefaultFileLockManager] Releasing lock on daemon addresses registry.
2025-01-12T19:15:15.721-0500 [DEBUG] [org.gradle.cache.internal.DefaultFileLockManager] Waiting to acquire shared lock on daemon addresses registry.
2025-01-12T19:15:15.721-0500 [DEBUG] [org.gradle.cache.internal.DefaultFileLockManager] Lock acquired on daemon addresses registry.
2025-01-12T19:15:15.721-0500 [DEBUG] [org.gradle.cache.internal.DefaultFileLockManager] Releasing lock on daemon addresses registry.
2025-01-12T19:15:15.722-0500 [DEBUG] [org.gradle.cache.internal.DefaultFileLockManager] Waiting to acquire shared lock on daemon addresses registry.
2025-01-12T19:15:15.722-0500 [DEBUG] [org.gradle.cache.internal.DefaultFileLockManager] Lock acquired on daemon addresses registry.
2025-01-12T19:15:15.722-0500 [DEBUG] [org.gradle.cache.internal.DefaultFileLockManager] Releasing lock on daemon addresses registry.
2025-01-12T19:15:18.245-0500 [DEBUG] [org.gradle.process.internal.health.memory.DefaultMemoryManager] 3352202444 physical memory requested, 1654067200 free
2025-01-12T19:15:18.245-0500 [DEBUG] [org.gradle.workers.internal.WorkerDaemonExpiration] Will attempt to release 3196 of memory
2025-01-12T19:15:18.245-0500 [DEBUG] [org.gradle.process.internal.health.memory.DefaultMemoryManager] 3352202444 physical memory requested, 0 released, 1654067200 free
2025-01-12T19:15:23.245-0500 [DEBUG] [org.gradle.process.internal.health.memory.DefaultMemoryManager] 3352202444 physical memory requested, 1834123264 free
2025-01-12T19:15:23.245-0500 [DEBUG] [org.gradle.workers.internal.WorkerDaemonExpiration] Will attempt to release 3196 of memory
2025-01-12T19:15:23.245-0500 [DEBUG] [org.gradle.process.internal.health.memory.DefaultMemoryManager] 3352202444 physical memory requested, 0 released, 1834123264 free
2025-01-12T19:15:25.725-0500 [DEBUG] [org.gradle.cache.internal.DefaultFileLockManager] Waiting to acquire shared lock on daemon addresses registry.
2025-01-12T19:15:25.725-0500 [DEBUG] [org.gradle.cache.internal.DefaultFileLockManager] Lock acquired on daemon addresses registry.
2025-01-12T19:15:25.725-0500 [DEBUG] [org.gradle.cache.internal.DefaultFileLockManager] Releasing lock on daemon addresses registry.
2025-01-12T19:15:25.726-0500 [DEBUG] [org.gradle.cache.internal.DefaultFileLockManager] Waiting to acquire shared lock on daemon addresses registry.
2025-01-12T19:15:25.726-0500 [DEBUG] [org.gradle.cache.internal.DefaultFileLockManager] Lock acquired on daemon addresses registry.
2025-01-12T19:15:25.726-0500 [DEBUG] [org.gradle.cache.internal.DefaultFileLockManager] Releasing lock on daemon addresses registry.
2025-01-12T19:15:25.727-0500 [DEBUG] [org.gradle.cache.internal.DefaultFileLockManager] Waiting to acquire shared lock on daemon addresses registry.
2025-01-12T19:15:25.727-0500 [DEBUG] [org.gradle.cache.internal.DefaultFileLockManager] Lock acquired on daemon addresses registry.
2025-01-12T19:15:25.727-0500 [DEBUG] [org.gradle.cache.internal.DefaultFileLockManager] Releasing lock on daemon addresses registry.
2025-01-12T19:15:28.243-0500 [DEBUG] [org.gradle.process.internal.health.memory.DefaultMemoryManager] 3352202444 physical memory requested, 2655330304 free
2025-01-12T19:15:28.243-0500 [DEBUG] [org.gradle.workers.internal.WorkerDaemonExpiration] Will attempt to release 3196 of memory
2025-01-12T19:15:28.243-0500 [DEBUG] [org.gradle.process.internal.health.memory.DefaultMemoryManager] 3352202444 physical memory requested, 0 released, 2655330304 free
2025-01-12T19:15:33.240-0500 [DEBUG] [org.gradle.process.internal.health.memory.DefaultMemoryManager] 3352202444 physical memory requested, 2548760576 free
2025-01-12T19:15:33.240-0500 [DEBUG] [org.gradle.workers.internal.WorkerDaemonExpiration] Will attempt to release 3196 of memory
2025-01-12T19:15:33.240-0500 [DEBUG] [org.gradle.process.internal.health.memory.DefaultMemoryManager] 3352202444 physical memory requested, 0 released, 2548760576 free
2025-01-12T19:15:35.723-0500 [DEBUG] [org.gradle.cache.internal.DefaultFileLockManager] Waiting to acquire shared lock on daemon addresses registry.
2025-01-12T19:15:35.723-0500 [DEBUG] [org.gradle.cache.internal.DefaultFileLockManager] Lock acquired on daemon addresses registry.
2025-01-12T19:15:35.724-0500 [DEBUG] [org.gradle.cache.internal.DefaultFileLockManager] Releasing lock on daemon addresses registry.
2025-01-12T19:15:35.725-0500 [DEBUG] [org.gradle.cache.internal.DefaultFileLockManager] Waiting to acquire shared lock on daemon addresses registry.
2025-01-12T19:15:35.725-0500 [DEBUG] [org.gradle.cache.internal.DefaultFileLockManager] Lock acquired on daemon addresses registry.
2025-01-12T19:15:35.725-0500 [DEBUG] [org.gradle.cache.internal.DefaultFileLockManager] Releasing lock on daemon addresses registry.
2025-01-12T19:15:35.725-0500 [DEBUG] [org.gradle.cache.internal.DefaultFileLockManager] Waiting to acquire shared lock on daemon addresses registry.
2025-01-12T19:15:35.725-0500 [DEBUG] [org.gradle.cache.internal.DefaultFileLockManager] Lock acquired on daemon addresses registry.
2025-01-12T19:15:35.725-0500 [DEBUG] [org.gradle.cache.internal.DefaultFileLockManager] Releasing lock on daemon addresses registry.
2025-01-12T19:15:38.249-0500 [DEBUG] [org.gradle.process.internal.health.memory.DefaultMemoryManager] 3352202444 physical memory requested, 2725662720 free
2025-01-12T19:15:38.249-0500 [DEBUG] [org.gradle.workers.internal.WorkerDaemonExpiration] Will attempt to release 3196 of memory
2025-01-12T19:15:38.249-0500 [DEBUG] [org.gradle.process.internal.health.memory.DefaultMemoryManager] 3352202444 physical memory requested, 0 released, 2725662720 free
2025-01-12T19:15:43.248-0500 [DEBUG] [org.gradle.process.internal.health.memory.DefaultMemoryManager] 3352202444 physical memory requested, 2696556544 free
2025-01-12T19:15:43.248-0500 [DEBUG] [org.gradle.workers.internal.WorkerDaemonExpiration] Will attempt to release 3196 of memory
2025-01-12T19:15:43.248-0500 [DEBUG] [org.gradle.process.internal.health.memory.DefaultMemoryManager] 3352202444 physical memory requested, 0 released, 2696556544 free
2025-01-12T19:15:45.730-0500 [DEBUG] [org.gradle.cache.internal.DefaultFileLockManager] Waiting to acquire shared lock on daemon addresses registry.
2025-01-12T19:15:45.730-0500 [DEBUG] [org.gradle.cache.internal.DefaultFileLockManager] Lock acquired on daemon addresses registry.
2025-01-12T19:15:45.730-0500 [DEBUG] [org.gradle.cache.internal.DefaultFileLockManager] Releasing lock on daemon addresses registry.
2025-01-12T19:15:45.731-0500 [DEBUG] [org.gradle.cache.internal.DefaultFileLockManager] Waiting to acquire shared lock on daemon addresses registry.
2025-01-12T19:15:45.731-0500 [DEBUG] [org.gradle.cache.internal.DefaultFileLockManager] Lock acquired on daemon addresses registry.
2025-01-12T19:15:45.732-0500 [DEBUG] [org.gradle.cache.internal.DefaultFileLockManager] Releasing lock on daemon addresses registry.
2025-01-12T19:15:45.732-0500 [DEBUG] [org.gradle.cache.internal.DefaultFileLockManager] Waiting to acquire shared lock on daemon addresses registry.
2025-01-12T19:15:45.732-0500 [DEBUG] [org.gradle.cache.internal.DefaultFileLockManager] Lock acquired on daemon addresses registry.
2025-01-12T19:15:45.732-0500 [DEBUG] [org.gradle.cache.internal.DefaultFileLockManager] Releasing lock on daemon addresses registry.
2025-01-12T19:15:48.252-0500 [DEBUG] [org.gradle.process.internal.health.memory.DefaultMemoryManager] 3352202444 physical memory requested, 2677260288 free
2025-01-12T19:15:48.252-0500 [DEBUG] [org.gradle.workers.internal.WorkerDaemonExpiration] Will attempt to release 3196 of memory
2025-01-12T19:15:48.252-0500 [DEBUG] [org.gradle.process.internal.health.memory.DefaultMemoryManager] 3352202444 physical memory requested, 0 released, 2677260288 free
2025-01-12T19:15:53.245-0500 [DEBUG] [org.gradle.process.internal.health.memory.DefaultMemoryManager] 3352202444 physical memory requested, 2670092288 free
2025-01-12T19:15:53.245-0500 [DEBUG] [org.gradle.workers.internal.WorkerDaemonExpiration] Will attempt to release 3196 of memory
2025-01-12T19:15:53.245-0500 [DEBUG] [org.gradle.process.internal.health.memory.DefaultMemoryManager] 3352202444 physical memory requested, 0 released, 2670092288 free
2025-01-12T19:15:55.727-0500 [DEBUG] [org.gradle.cache.internal.DefaultFileLockManager] Waiting to acquire shared lock on daemon addresses registry.
2025-01-12T19:15:55.727-0500 [DEBUG] [org.gradle.cache.internal.DefaultFileLockManager] Lock acquired on daemon addresses registry.
2025-01-12T19:15:55.727-0500 [DEBUG] [org.gradle.cache.internal.DefaultFileLockManager] Releasing lock on daemon addresses registry.
2025-01-12T19:15:55.728-0500 [DEBUG] [org.gradle.cache.internal.DefaultFileLockManager] Waiting to acquire shared lock on daemon addresses registry.
2025-01-12T19:15:55.728-0500 [DEBUG] [org.gradle.cache.internal.DefaultFileLockManager] Lock acquired on daemon addresses registry.
2025-01-12T19:15:55.729-0500 [DEBUG] [org.gradle.cache.internal.DefaultFileLockManager] Releasing lock on daemon addresses registry.
2025-01-12T19:15:55.729-0500 [DEBUG] [org.gradle.cache.internal.DefaultFileLockManager] Waiting to acquire shared lock on daemon addresses registry.
2025-01-12T19:15:55.730-0500 [DEBUG] [org.gradle.cache.internal.DefaultFileLockManager] Lock acquired on daemon addresses registry.
2025-01-12T19:15:55.730-0500 [DEBUG] [org.gradle.cache.internal.DefaultFileLockManager] Releasing lock on daemon addresses registry.
2025-01-12T19:15:58.256-0500 [DEBUG] [org.gradle.process.internal.health.memory.DefaultMemoryManager] 3352202444 physical memory requested, 2700292096 free
2025-01-12T19:15:58.256-0500 [DEBUG] [org.gradle.workers.internal.WorkerDaemonExpiration] Will attempt to release 3196 of memory
2025-01-12T19:15:58.256-0500 [DEBUG] [org.gradle.process.internal.health.memory.DefaultMemoryManager] 3352202444 physical memory requested, 0 released, 2700292096 free
2025-01-12T19:16:03.240-0500 [DEBUG] [org.gradle.process.internal.health.memory.DefaultMemoryManager] 3352202444 physical memory requested, 2732400640 free
2025-01-12T19:16:03.240-0500 [DEBUG] [org.gradle.workers.internal.WorkerDaemonExpiration] Will attempt to release 3196 of memory
2025-01-12T19:16:03.240-0500 [DEBUG] [org.gradle.process.internal.health.memory.DefaultMemoryManager] 3352202444 physical memory requested, 0 released, 2732400640 free
2025-01-12T19:16:05.722-0500 [DEBUG] [org.gradle.cache.internal.DefaultFileLockManager] Waiting to acquire shared lock on daemon addresses registry.
2025-01-12T19:16:05.722-0500 [DEBUG] [org.gradle.cache.internal.DefaultFileLockManager] Lock acquired on daemon addresses registry.
2025-01-12T19:16:05.722-0500 [DEBUG] [org.gradle.cache.internal.DefaultFileLockManager] Releasing lock on daemon addresses registry.
2025-01-12T19:16:05.723-0500 [DEBUG] [org.gradle.cache.internal.DefaultFileLockManager] Waiting to acquire shared lock on daemon addresses registry.
2025-01-12T19:16:05.723-0500 [DEBUG] [org.gradle.cache.internal.DefaultFileLockManager] Lock acquired on daemon addresses registry.
2025-01-12T19:16:05.723-0500 [DEBUG] [org.gradle.cache.internal.DefaultFileLockManager] Releasing lock on daemon addresses registry.
2025-01-12T19:16:05.724-0500 [DEBUG] [org.gradle.cache.internal.DefaultFileLockManager] Waiting to acquire shared lock on daemon addresses registry.
2025-01-12T19:16:05.724-0500 [DEBUG] [org.gradle.cache.internal.DefaultFileLockManager] Lock acquired on daemon addresses registry.
2025-01-12T19:16:05.724-0500 [DEBUG] [org.gradle.cache.internal.DefaultFileLockManager] Releasing lock on daemon addresses registry.
2025-01-12T19:16:08.241-0500 [DEBUG] [org.gradle.process.internal.health.memory.DefaultMemoryManager] 3352202444 physical memory requested, 2774192128 free
2025-01-12T19:16:08.241-0500 [DEBUG] [org.gradle.workers.internal.WorkerDaemonExpiration] Will attempt to release 3196 of memory
2025-01-12T19:16:08.241-0500 [DEBUG] [org.gradle.process.internal.health.memory.DefaultMemoryManager] 3352202444 physical memory requested, 0 released, 2774192128 free
2025-01-12T19:16:13.252-0500 [DEBUG] [org.gradle.process.internal.health.memory.DefaultMemoryManager] 3352202444 physical memory requested, 2762690560 free
2025-01-12T19:16:13.252-0500 [DEBUG] [org.gradle.workers.internal.WorkerDaemonExpiration] Will attempt to release 3196 of memory
2025-01-12T19:16:13.252-0500 [DEBUG] [org.gradle.process.internal.health.memory.DefaultMemoryManager] 3352202444 physical memory requested, 0 released, 2762690560 free
2025-01-12T19:16:15.723-0500 [DEBUG] [org.gradle.cache.internal.DefaultFileLockManager] Waiting to acquire shared lock on daemon addresses registry.
2025-01-12T19:16:15.724-0500 [DEBUG] [org.gradle.cache.internal.DefaultFileLockManager] Lock acquired on daemon addresses registry.
2025-01-12T19:16:15.724-0500 [DEBUG] [org.gradle.cache.internal.DefaultFileLockManager] Releasing lock on daemon addresses registry.
2025-01-12T19:16:15.725-0500 [DEBUG] [org.gradle.cache.internal.DefaultFileLockManager] Waiting to acquire shared lock on daemon addresses registry.
2025-01-12T19:16:15.725-0500 [DEBUG] [org.gradle.cache.internal.DefaultFileLockManager] Lock acquired on daemon addresses registry.
2025-01-12T19:16:15.725-0500 [DEBUG] [org.gradle.cache.internal.DefaultFileLockManager] Releasing lock on daemon addresses registry.
2025-01-12T19:16:15.725-0500 [DEBUG] [org.gradle.cache.internal.DefaultFileLockManager] Waiting to acquire shared lock on daemon addresses registry.
2025-01-12T19:16:15.725-0500 [DEBUG] [org.gradle.cache.internal.DefaultFileLockManager] Lock acquired on daemon addresses registry.
2025-01-12T19:16:15.725-0500 [DEBUG] [org.gradle.cache.internal.DefaultFileLockManager] Releasing lock on daemon addresses registry.
2025-01-12T19:16:18.241-0500 [DEBUG] [org.gradle.process.internal.health.memory.DefaultMemoryManager] 3352202444 physical memory requested, 2765934592 free
2025-01-12T19:16:18.241-0500 [DEBUG] [org.gradle.workers.internal.WorkerDaemonExpiration] Will attempt to release 3196 of memory
2025-01-12T19:16:18.241-0500 [DEBUG] [org.gradle.process.internal.health.memory.DefaultMemoryManager] 3352202444 physical memory requested, 0 released, 2765934592 free
2025-01-12T19:16:23.254-0500 [DEBUG] [org.gradle.process.internal.health.memory.DefaultMemoryManager] 3352202444 physical memory requested, 2747252736 free
2025-01-12T19:16:23.254-0500 [DEBUG] [org.gradle.workers.internal.WorkerDaemonExpiration] Will attempt to release 3196 of memory
2025-01-12T19:16:23.254-0500 [DEBUG] [org.gradle.process.internal.health.memory.DefaultMemoryManager] 3352202444 physical memory requested, 0 released, 2747252736 free
2025-01-12T19:16:25.720-0500 [DEBUG] [org.gradle.cache.internal.DefaultFileLockManager] Waiting to acquire shared lock on daemon addresses registry.
2025-01-12T19:16:25.720-0500 [DEBUG] [org.gradle.cache.internal.DefaultFileLockManager] Lock acquired on daemon addresses registry.
2025-01-12T19:16:25.720-0500 [DEBUG] [org.gradle.cache.internal.DefaultFileLockManager] Releasing lock on daemon addresses registry.
2025-01-12T19:16:25.721-0500 [DEBUG] [org.gradle.cache.internal.DefaultFileLockManager] Waiting to acquire shared lock on daemon addresses registry.
2025-01-12T19:16:25.721-0500 [DEBUG] [org.gradle.cache.internal.DefaultFileLockManager] Lock acquired on daemon addresses registry.
2025-01-12T19:16:25.721-0500 [DEBUG] [org.gradle.cache.internal.DefaultFileLockManager] Releasing lock on daemon addresses registry.
2025-01-12T19:16:25.722-0500 [DEBUG] [org.gradle.cache.internal.DefaultFileLockManager] Waiting to acquire shared lock on daemon addresses registry.
2025-01-12T19:16:25.722-0500 [DEBUG] [org.gradle.cache.internal.DefaultFileLockManager] Lock acquired on daemon addresses registry.
2025-01-12T19:16:25.722-0500 [DEBUG] [org.gradle.cache.internal.DefaultFileLockManager] Releasing lock on daemon addresses registry.
2025-01-12T19:16:28.240-0500 [DEBUG] [org.gradle.process.internal.health.memory.DefaultMemoryManager] 3352202444 physical memory requested, 2746966016 free
2025-01-12T19:16:28.240-0500 [DEBUG] [org.gradle.workers.internal.WorkerDaemonExpiration] Will attempt to release 3196 of memory
2025-01-12T19:16:28.240-0500 [DEBUG] [org.gradle.process.internal.health.memory.DefaultMemoryManager] 3352202444 physical memory requested, 0 released, 2746966016 free
2025-01-12T19:16:33.252-0500 [DEBUG] [org.gradle.process.internal.health.memory.DefaultMemoryManager] 3352202444 physical memory requested, 2722283520 free
2025-01-12T19:16:33.252-0500 [DEBUG] [org.gradle.workers.internal.WorkerDaemonExpiration] Will attempt to release 3196 of memory
2025-01-12T19:16:33.252-0500 [DEBUG] [org.gradle.process.internal.health.memory.DefaultMemoryManager] 3352202444 physical memory requested, 0 released, 2722283520 free
2025-01-12T19:16:35.730-0500 [DEBUG] [org.gradle.cache.internal.DefaultFileLockManager] Waiting to acquire shared lock on daemon addresses registry.
2025-01-12T19:16:35.730-0500 [DEBUG] [org.gradle.cache.internal.DefaultFileLockManager] Lock acquired on daemon addresses registry.
2025-01-12T19:16:35.730-0500 [DEBUG] [org.gradle.cache.internal.DefaultFileLockManager] Releasing lock on daemon addresses registry.
2025-01-12T19:16:35.731-0500 [DEBUG] [org.gradle.cache.internal.DefaultFileLockManager] Waiting to acquire shared lock on daemon addresses registry.
2025-01-12T19:16:35.731-0500 [DEBUG] [org.gradle.cache.internal.DefaultFileLockManager] Lock acquired on daemon addresses registry.
2025-01-12T19:16:35.731-0500 [DEBUG] [org.gradle.cache.internal.DefaultFileLockManager] Releasing lock on daemon addresses registry.
2025-01-12T19:16:35.732-0500 [DEBUG] [org.gradle.cache.internal.DefaultFileLockManager] Waiting to acquire shared lock on daemon addresses registry.
2025-01-12T19:16:35.732-0500 [DEBUG] [org.gradle.cache.internal.DefaultFileLockManager] Lock acquired on daemon addresses registry.
2025-01-12T19:16:35.732-0500 [DEBUG] [org.gradle.cache.internal.DefaultFileLockManager] Releasing lock on daemon addresses registry.
2025-01-12T19:16:38.240-0500 [DEBUG] [org.gradle.process.internal.health.memory.DefaultMemoryManager] 3352202444 physical memory requested, 2722172928 free
2025-01-12T19:16:38.240-0500 [DEBUG] [org.gradle.workers.internal.WorkerDaemonExpiration] Will attempt to release 3196 of memory
2025-01-12T19:16:38.240-0500 [DEBUG] [org.gradle.process.internal.health.memory.DefaultMemoryManager] 3352202444 physical memory requested, 0 released, 2722172928 free
2025-01-12T19:16:43.240-0500 [DEBUG] [org.gradle.process.internal.health.memory.DefaultMemoryManager] 3352202444 physical memory requested, 2663206912 free
2025-01-12T19:16:43.240-0500 [DEBUG] [org.gradle.workers.internal.WorkerDaemonExpiration] Will attempt to release 3196 of memory
2025-01-12T19:16:43.240-0500 [DEBUG] [org.gradle.process.internal.health.memory.DefaultMemoryManager] 3352202444 physical memory requested, 0 released, 2663206912 free
2025-01-12T19:16:45.716-0500 [DEBUG] [org.gradle.cache.internal.DefaultFileLockManager] Waiting to acquire shared lock on daemon addresses registry.
2025-01-12T19:16:45.716-0500 [DEBUG] [org.gradle.cache.internal.DefaultFileLockManager] Lock acquired on daemon addresses registry.
2025-01-12T19:16:45.716-0500 [DEBUG] [org.gradle.cache.internal.DefaultFileLockManager] Releasing lock on daemon addresses registry.
2025-01-12T19:16:45.717-0500 [DEBUG] [org.gradle.cache.internal.DefaultFileLockManager] Waiting to acquire shared lock on daemon addresses registry.
2025-01-12T19:16:45.717-0500 [DEBUG] [org.gradle.cache.internal.DefaultFileLockManager] Lock acquired on daemon addresses registry.
2025-01-12T19:16:45.717-0500 [DEBUG] [org.gradle.cache.internal.DefaultFileLockManager] Releasing lock on daemon addresses registry.
2025-01-12T19:16:45.718-0500 [DEBUG] [org.gradle.cache.internal.DefaultFileLockManager] Waiting to acquire shared lock on daemon addresses registry.
2025-01-12T19:16:45.718-0500 [DEBUG] [org.gradle.cache.internal.DefaultFileLockManager] Lock acquired on daemon addresses registry.
2025-01-12T19:16:45.718-0500 [DEBUG] [org.gradle.cache.internal.DefaultFileLockManager] Releasing lock on daemon addresses registry.
2025-01-12T19:16:48.249-0500 [DEBUG] [org.gradle.process.internal.health.memory.DefaultMemoryManager] 3352202444 physical memory requested, 2631970816 free
2025-01-12T19:16:48.249-0500 [DEBUG] [org.gradle.workers.internal.WorkerDaemonExpiration] Will attempt to release 3196 of memory
2025-01-12T19:16:48.249-0500 [DEBUG] [org.gradle.process.internal.health.memory.DefaultMemoryManager] 3352202444 physical memory requested, 0 released, 2631970816 free
2025-01-12T19:16:53.252-0500 [DEBUG] [org.gradle.process.internal.health.memory.DefaultMemoryManager] 3352202444 physical memory requested, 2654986240 free
2025-01-12T19:16:53.252-0500 [DEBUG] [org.gradle.workers.internal.WorkerDaemonExpiration] Will attempt to release 3196 of memory
2025-01-12T19:16:53.252-0500 [DEBUG] [org.gradle.process.internal.health.memory.DefaultMemoryManager] 3352202444 physical memory requested, 0 released, 2654986240 free
2025-01-12T19:16:55.715-0500 [DEBUG] [org.gradle.cache.internal.DefaultFileLockManager] Waiting to acquire shared lock on daemon addresses registry.
2025-01-12T19:16:55.716-0500 [DEBUG] [org.gradle.cache.internal.DefaultFileLockManager] Lock acquired on daemon addresses registry.
2025-01-12T19:16:55.716-0500 [DEBUG] [org.gradle.cache.internal.DefaultFileLockManager] Releasing lock on daemon addresses registry.
2025-01-12T19:16:55.717-0500 [DEBUG] [org.gradle.cache.internal.DefaultFileLockManager] Waiting to acquire shared lock on daemon addresses registry.
2025-01-12T19:16:55.717-0500 [DEBUG] [org.gradle.cache.internal.DefaultFileLockManager] Lock acquired on daemon addresses registry.
2025-01-12T19:16:55.717-0500 [DEBUG] [org.gradle.cache.internal.DefaultFileLockManager] Releasing lock on daemon addresses registry.
2025-01-12T19:16:55.718-0500 [DEBUG] [org.gradle.cache.internal.DefaultFileLockManager] Waiting to acquire shared lock on daemon addresses registry.
2025-01-12T19:16:55.718-0500 [DEBUG] [org.gradle.cache.internal.DefaultFileLockManager] Lock acquired on daemon addresses registry.
2025-01-12T19:16:55.719-0500 [DEBUG] [org.gradle.cache.internal.DefaultFileLockManager] Releasing lock on daemon addresses registry.
2025-01-12T19:16:58.249-0500 [DEBUG] [org.gradle.process.internal.health.memory.DefaultMemoryManager] 3352202444 physical memory requested, 2655043584 free
2025-01-12T19:16:58.249-0500 [DEBUG] [org.gradle.workers.internal.WorkerDaemonExpiration] Will attempt to release 3196 of memory
2025-01-12T19:16:58.249-0500 [DEBUG] [org.gradle.process.internal.health.memory.DefaultMemoryManager] 3352202444 physical memory requested, 0 released, 2655043584 free
2025-01-12T19:17:03.247-0500 [DEBUG] [org.gradle.process.internal.health.memory.DefaultMemoryManager] 3352202444 physical memory requested, 2659463168 free
2025-01-12T19:17:03.247-0500 [DEBUG] [org.gradle.workers.internal.WorkerDaemonExpiration] Will attempt to release 3196 of memory
2025-01-12T19:17:03.247-0500 [DEBUG] [org.gradle.process.internal.health.memory.DefaultMemoryManager] 3352202444 physical memory requested, 0 released, 2659463168 free
2025-01-12T19:17:05.725-0500 [DEBUG] [org.gradle.cache.internal.DefaultFileLockManager] Waiting to acquire shared lock on daemon addresses registry.
2025-01-12T19:17:05.725-0500 [DEBUG] [org.gradle.cache.internal.DefaultFileLockManager] Lock acquired on daemon addresses registry.
2025-01-12T19:17:05.726-0500 [DEBUG] [org.gradle.cache.internal.DefaultFileLockManager] Releasing lock on daemon addresses registry.
2025-01-12T19:17:05.726-0500 [DEBUG] [org.gradle.cache.internal.DefaultFileLockManager] Waiting to acquire shared lock on daemon addresses registry.
2025-01-12T19:17:05.726-0500 [DEBUG] [org.gradle.cache.internal.DefaultFileLockManager] Lock acquired on daemon addresses registry.
2025-01-12T19:17:05.727-0500 [DEBUG] [org.gradle.cache.internal.DefaultFileLockManager] Releasing lock on daemon addresses registry.
2025-01-12T19:17:05.727-0500 [DEBUG] [org.gradle.cache.internal.DefaultFileLockManager] Waiting to acquire shared lock on daemon addresses registry.
2025-01-12T19:17:05.727-0500 [DEBUG] [org.gradle.cache.internal.DefaultFileLockManager] Lock acquired on daemon addresses registry.
2025-01-12T19:17:05.727-0500 [DEBUG] [org.gradle.cache.internal.DefaultFileLockManager] Releasing lock on daemon addresses registry.
2025-01-12T19:17:08.240-0500 [DEBUG] [org.gradle.process.internal.health.memory.DefaultMemoryManager] 3352202444 physical memory requested, 2702405632 free
2025-01-12T19:17:08.240-0500 [DEBUG] [org.gradle.workers.internal.WorkerDaemonExpiration] Will attempt to release 3196 of memory
2025-01-12T19:17:08.240-0500 [DEBUG] [org.gradle.process.internal.health.memory.DefaultMemoryManager] 3352202444 physical memory requested, 0 released, 2702405632 free
2025-01-12T19:17:13.242-0500 [DEBUG] [org.gradle.process.internal.health.memory.DefaultMemoryManager] 3352202444 physical memory requested, 2702376960 free
2025-01-12T19:17:13.242-0500 [DEBUG] [org.gradle.workers.internal.WorkerDaemonExpiration] Will attempt to release 3196 of memory
2025-01-12T19:17:13.242-0500 [DEBUG] [org.gradle.process.internal.health.memory.DefaultMemoryManager] 3352202444 physical memory requested, 0 released, 2702376960 free
2025-01-12T19:17:15.719-0500 [DEBUG] [org.gradle.cache.internal.DefaultFileLockManager] Waiting to acquire shared lock on daemon addresses registry.
2025-01-12T19:17:15.719-0500 [DEBUG] [org.gradle.cache.internal.DefaultFileLockManager] Lock acquired on daemon addresses registry.
2025-01-12T19:17:15.719-0500 [DEBUG] [org.gradle.cache.internal.DefaultFileLockManager] Releasing lock on daemon addresses registry.
2025-01-12T19:17:15.720-0500 [DEBUG] [org.gradle.cache.internal.DefaultFileLockManager] Waiting to acquire shared lock on daemon addresses registry.
2025-01-12T19:17:15.720-0500 [DEBUG] [org.gradle.cache.internal.DefaultFileLockManager] Lock acquired on daemon addresses registry.
2025-01-12T19:17:15.720-0500 [DEBUG] [org.gradle.cache.internal.DefaultFileLockManager] Releasing lock on daemon addresses registry.
2025-01-12T19:17:15.721-0500 [DEBUG] [org.gradle.cache.internal.DefaultFileLockManager] Waiting to acquire shared lock on daemon addresses registry.
2025-01-12T19:17:15.721-0500 [DEBUG] [org.gradle.cache.internal.DefaultFileLockManager] Lock acquired on daemon addresses registry.
2025-01-12T19:17:15.721-0500 [DEBUG] [org.gradle.cache.internal.DefaultFileLockManager] Releasing lock on daemon addresses registry.
2025-01-12T19:17:18.239-0500 [DEBUG] [org.gradle.process.internal.health.memory.DefaultMemoryManager] 3352202444 physical memory requested, 2703597568 free
2025-01-12T19:17:18.239-0500 [DEBUG] [org.gradle.workers.internal.WorkerDaemonExpiration] Will attempt to release 3196 of memory
2025-01-12T19:17:18.239-0500 [DEBUG] [org.gradle.process.internal.health.memory.DefaultMemoryManager] 3352202444 physical memory requested, 0 released, 2703597568 free
2025-01-12T19:17:23.254-0500 [DEBUG] [org.gradle.process.internal.health.memory.DefaultMemoryManager] 3352202444 physical memory requested, 2683940864 free
2025-01-12T19:17:23.254-0500 [DEBUG] [org.gradle.workers.internal.WorkerDaemonExpiration] Will attempt to release 3196 of memory
2025-01-12T19:17:23.254-0500 [DEBUG] [org.gradle.process.internal.health.memory.DefaultMemoryManager] 3352202444 physical memory requested, 0 released, 2683940864 free
2025-01-12T19:17:25.717-0500 [DEBUG] [org.gradle.cache.internal.DefaultFileLockManager] Waiting to acquire shared lock on daemon addresses registry.
2025-01-12T19:17:25.717-0500 [DEBUG] [org.gradle.cache.internal.DefaultFileLockManager] Lock acquired on daemon addresses registry.
2025-01-12T19:17:25.717-0500 [DEBUG] [org.gradle.cache.internal.DefaultFileLockManager] Releasing lock on daemon addresses registry.
2025-01-12T19:17:25.718-0500 [DEBUG] [org.gradle.cache.internal.DefaultFileLockManager] Waiting to acquire shared lock on daemon addresses registry.
2025-01-12T19:17:25.718-0500 [DEBUG] [org.gradle.cache.internal.DefaultFileLockManager] Lock acquired on daemon addresses registry.
2025-01-12T19:17:25.718-0500 [DEBUG] [org.gradle.cache.internal.DefaultFileLockManager] Releasing lock on daemon addresses registry.
2025-01-12T19:17:25.719-0500 [DEBUG] [org.gradle.cache.internal.DefaultFileLockManager] Waiting to acquire shared lock on daemon addresses registry.
2025-01-12T19:17:25.719-0500 [DEBUG] [org.gradle.cache.internal.DefaultFileLockManager] Lock acquired on daemon addresses registry.
2025-01-12T19:17:25.719-0500 [DEBUG] [org.gradle.cache.internal.DefaultFileLockManager] Releasing lock on daemon addresses registry.
2025-01-12T19:17:28.247-0500 [DEBUG] [org.gradle.process.internal.health.memory.DefaultMemoryManager] 3352202444 physical memory requested, 2583818240 free
2025-01-12T19:17:28.247-0500 [DEBUG] [org.gradle.workers.internal.WorkerDaemonExpiration] Will attempt to release 3196 of memory
2025-01-12T19:17:28.247-0500 [DEBUG] [org.gradle.process.internal.health.memory.DefaultMemoryManager] 3352202444 physical memory requested, 0 released, 2583818240 free
2025-01-12T19:17:33.250-0500 [DEBUG] [org.gradle.process.internal.health.memory.DefaultMemoryManager] 3352202444 physical memory requested, 2434629632 free
2025-01-12T19:17:33.250-0500 [DEBUG] [org.gradle.workers.internal.WorkerDaemonExpiration] Will attempt to release 3196 of memory
2025-01-12T19:17:33.250-0500 [DEBUG] [org.gradle.process.internal.health.memory.DefaultMemoryManager] 3352202444 physical memory requested, 0 released, 2434629632 free
2025-01-12T19:17:35.727-0500 [DEBUG] [org.gradle.cache.internal.DefaultFileLockManager] Waiting to acquire shared lock on daemon addresses registry.
2025-01-12T19:17:35.727-0500 [DEBUG] [org.gradle.cache.internal.DefaultFileLockManager] Lock acquired on daemon addresses registry.
2025-01-12T19:17:35.727-0500 [DEBUG] [org.gradle.cache.internal.DefaultFileLockManager] Releasing lock on daemon addresses registry.
2025-01-12T19:17:35.728-0500 [DEBUG] [org.gradle.cache.internal.DefaultFileLockManager] Waiting to acquire shared lock on daemon addresses registry.
2025-01-12T19:17:35.728-0500 [DEBUG] [org.gradle.cache.internal.DefaultFileLockManager] Lock acquired on daemon addresses registry.
2025-01-12T19:17:35.728-0500 [DEBUG] [org.gradle.cache.internal.DefaultFileLockManager] Releasing lock on daemon addresses registry.
2025-01-12T19:17:35.729-0500 [DEBUG] [org.gradle.cache.internal.DefaultFileLockManager] Waiting to acquire shared lock on daemon addresses registry.
2025-01-12T19:17:35.729-0500 [DEBUG] [org.gradle.cache.internal.DefaultFileLockManager] Lock acquired on daemon addresses registry.
2025-01-12T19:17:35.729-0500 [DEBUG] [org.gradle.cache.internal.DefaultFileLockManager] Releasing lock on daemon addresses registry.
2025-01-12T19:17:38.253-0500 [DEBUG] [org.gradle.process.internal.health.memory.DefaultMemoryManager] 3352202444 physical memory requested, 2592641024 free
2025-01-12T19:17:38.253-0500 [DEBUG] [org.gradle.workers.internal.WorkerDaemonExpiration] Will attempt to release 3196 of memory
2025-01-12T19:17:38.253-0500 [DEBUG] [org.gradle.process.internal.health.memory.DefaultMemoryManager] 3352202444 physical memory requested, 0 released, 2592641024 free
2025-01-12T19:17:43.249-0500 [DEBUG] [org.gradle.process.internal.health.memory.DefaultMemoryManager] 3352202444 physical memory requested, 2611302400 free
2025-01-12T19:17:43.249-0500 [DEBUG] [org.gradle.workers.internal.WorkerDaemonExpiration] Will attempt to release 3196 of memory
2025-01-12T19:17:43.249-0500 [DEBUG] [org.gradle.process.internal.health.memory.DefaultMemoryManager] 3352202444 physical memory requested, 0 released, 2611302400 free
2025-01-12T19:17:45.716-0500 [DEBUG] [org.gradle.cache.internal.DefaultFileLockManager] Waiting to acquire shared lock on daemon addresses registry.
2025-01-12T19:17:45.716-0500 [DEBUG] [org.gradle.cache.internal.DefaultFileLockManager] Lock acquired on daemon addresses registry.
2025-01-12T19:17:45.716-0500 [DEBUG] [org.gradle.cache.internal.DefaultFileLockManager] Releasing lock on daemon addresses registry.
2025-01-12T19:17:45.717-0500 [DEBUG] [org.gradle.cache.internal.DefaultFileLockManager] Waiting to acquire shared lock on daemon addresses registry.
2025-01-12T19:17:45.717-0500 [DEBUG] [org.gradle.cache.internal.DefaultFileLockManager] Lock acquired on daemon addresses registry.
2025-01-12T19:17:45.717-0500 [DEBUG] [org.gradle.cache.internal.DefaultFileLockManager] Releasing lock on daemon addresses registry.
2025-01-12T19:17:45.718-0500 [DEBUG] [org.gradle.cache.internal.DefaultFileLockManager] Waiting to acquire shared lock on daemon addresses registry.
2025-01-12T19:17:45.718-0500 [DEBUG] [org.gradle.cache.internal.DefaultFileLockManager] Lock acquired on daemon addresses registry.
2025-01-12T19:17:45.718-0500 [DEBUG] [org.gradle.cache.internal.DefaultFileLockManager] Releasing lock on daemon addresses registry.
2025-01-12T19:17:48.249-0500 [DEBUG] [org.gradle.process.internal.health.memory.DefaultMemoryManager] 3352202444 physical memory requested, 2649288704 free
2025-01-12T19:17:48.249-0500 [DEBUG] [org.gradle.workers.internal.WorkerDaemonExpiration] Will attempt to release 3196 of memory
2025-01-12T19:17:48.249-0500 [DEBUG] [org.gradle.process.internal.health.memory.DefaultMemoryManager] 3352202444 physical memory requested, 0 released, 2649288704 free
2025-01-12T19:17:53.241-0500 [DEBUG] [org.gradle.process.internal.health.memory.DefaultMemoryManager] 3352202444 physical memory requested, 2571665408 free
2025-01-12T19:17:53.241-0500 [DEBUG] [org.gradle.workers.internal.WorkerDaemonExpiration] Will attempt to release 3196 of memory
2025-01-12T19:17:53.241-0500 [DEBUG] [org.gradle.process.internal.health.memory.DefaultMemoryManager] 3352202444 physical memory requested, 0 released, 2571665408 free
2025-01-12T19:17:55.722-0500 [DEBUG] [org.gradle.cache.internal.DefaultFileLockManager] Waiting to acquire shared lock on daemon addresses registry.
2025-01-12T19:17:55.722-0500 [DEBUG] [org.gradle.cache.internal.DefaultFileLockManager] Lock acquired on daemon addresses registry.
2025-01-12T19:17:55.723-0500 [DEBUG] [org.gradle.cache.internal.DefaultFileLockManager] Releasing lock on daemon addresses registry.
2025-01-12T19:17:55.723-0500 [DEBUG] [org.gradle.cache.internal.DefaultFileLockManager] Waiting to acquire shared lock on daemon addresses registry.
2025-01-12T19:17:55.723-0500 [DEBUG] [org.gradle.cache.internal.DefaultFileLockManager] Lock acquired on daemon addresses registry.
2025-01-12T19:17:55.723-0500 [DEBUG] [org.gradle.cache.internal.DefaultFileLockManager] Releasing lock on daemon addresses registry.
2025-01-12T19:17:55.724-0500 [DEBUG] [org.gradle.cache.internal.DefaultFileLockManager] Waiting to acquire shared lock on daemon addresses registry.
2025-01-12T19:17:55.724-0500 [DEBUG] [org.gradle.cache.internal.DefaultFileLockManager] Lock acquired on daemon addresses registry.
2025-01-12T19:17:55.724-0500 [DEBUG] [org.gradle.cache.internal.DefaultFileLockManager] Releasing lock on daemon addresses registry.
2025-01-12T19:17:58.253-0500 [DEBUG] [org.gradle.process.internal.health.memory.DefaultMemoryManager] 3352202444 physical memory requested, 2539585536 free
2025-01-12T19:17:58.253-0500 [DEBUG] [org.gradle.workers.internal.WorkerDaemonExpiration] Will attempt to release 3196 of memory
2025-01-12T19:17:58.253-0500 [DEBUG] [org.gradle.process.internal.health.memory.DefaultMemoryManager] 3352202444 physical memory requested, 0 released, 2539585536 free
2025-01-12T19:18:03.257-0500 [DEBUG] [org.gradle.process.internal.health.memory.DefaultMemoryManager] 3352202444 physical memory requested, 2510266368 free
2025-01-12T19:18:03.257-0500 [DEBUG] [org.gradle.workers.internal.WorkerDaemonExpiration] Will attempt to release 3196 of memory
2025-01-12T19:18:03.257-0500 [DEBUG] [org.gradle.process.internal.health.memory.DefaultMemoryManager] 3352202444 physical memory requested, 0 released, 2510266368 free
2025-01-12T19:18:05.720-0500 [DEBUG] [org.gradle.cache.internal.DefaultFileLockManager] Waiting to acquire shared lock on daemon addresses registry.
2025-01-12T19:18:05.720-0500 [DEBUG] [org.gradle.cache.internal.DefaultFileLockManager] Lock acquired on daemon addresses registry.
2025-01-12T19:18:05.721-0500 [DEBUG] [org.gradle.cache.internal.DefaultFileLockManager] Releasing lock on daemon addresses registry.
2025-01-12T19:18:05.721-0500 [DEBUG] [org.gradle.cache.internal.DefaultFileLockManager] Waiting to acquire shared lock on daemon addresses registry.
2025-01-12T19:18:05.721-0500 [DEBUG] [org.gradle.cache.internal.DefaultFileLockManager] Lock acquired on daemon addresses registry.
2025-01-12T19:18:05.721-0500 [DEBUG] [org.gradle.cache.internal.DefaultFileLockManager] Releasing lock on daemon addresses registry.
2025-01-12T19:18:05.722-0500 [DEBUG] [org.gradle.cache.internal.DefaultFileLockManager] Waiting to acquire shared lock on daemon addresses registry.
2025-01-12T19:18:05.722-0500 [DEBUG] [org.gradle.cache.internal.DefaultFileLockManager] Lock acquired on daemon addresses registry.
2025-01-12T19:18:05.722-0500 [DEBUG] [org.gradle.cache.internal.DefaultFileLockManager] Releasing lock on daemon addresses registry.
2025-01-12T19:18:08.251-0500 [DEBUG] [org.gradle.process.internal.health.memory.DefaultMemoryManager] 3352202444 physical memory requested, 2513846272 free
2025-01-12T19:18:08.251-0500 [DEBUG] [org.gradle.workers.internal.WorkerDaemonExpiration] Will attempt to release 3196 of memory
2025-01-12T19:18:08.251-0500 [DEBUG] [org.gradle.process.internal.health.memory.DefaultMemoryManager] 3352202444 physical memory requested, 0 released, 2513846272 free
2025-01-12T19:18:13.252-0500 [DEBUG] [org.gradle.process.internal.health.memory.DefaultMemoryManager] 3352202444 physical memory requested, 2500288512 free
2025-01-12T19:18:13.252-0500 [DEBUG] [org.gradle.workers.internal.WorkerDaemonExpiration] Will attempt to release 3196 of memory
2025-01-12T19:18:13.252-0500 [DEBUG] [org.gradle.process.internal.health.memory.DefaultMemoryManager] 3352202444 physical memory requested, 0 released, 2500288512 free
2025-01-12T19:18:15.724-0500 [DEBUG] [org.gradle.cache.internal.DefaultFileLockManager] Waiting to acquire shared lock on daemon addresses registry.
2025-01-12T19:18:15.724-0500 [DEBUG] [org.gradle.cache.internal.DefaultFileLockManager] Lock acquired on daemon addresses registry.
2025-01-12T19:18:15.724-0500 [DEBUG] [org.gradle.cache.internal.DefaultFileLockManager] Releasing lock on daemon addresses registry.
2025-01-12T19:18:15.725-0500 [DEBUG] [org.gradle.cache.internal.DefaultFileLockManager] Waiting to acquire shared lock on daemon addresses registry.
2025-01-12T19:18:15.725-0500 [DEBUG] [org.gradle.cache.internal.DefaultFileLockManager] Lock acquired on daemon addresses registry.
2025-01-12T19:18:15.725-0500 [DEBUG] [org.gradle.cache.internal.DefaultFileLockManager] Releasing lock on daemon addresses registry.
2025-01-12T19:18:15.726-0500 [DEBUG] [org.gradle.cache.internal.DefaultFileLockManager] Waiting to acquire shared lock on daemon addresses registry.
2025-01-12T19:18:15.726-0500 [DEBUG] [org.gradle.cache.internal.DefaultFileLockManager] Lock acquired on daemon addresses registry.
2025-01-12T19:18:15.726-0500 [DEBUG] [org.gradle.cache.internal.DefaultFileLockManager] Releasing lock on daemon addresses registry.
2025-01-12T19:18:18.256-0500 [DEBUG] [org.gradle.process.internal.health.memory.DefaultMemoryManager] 3352202444 physical memory requested, 2471567360 free
2025-01-12T19:18:18.256-0500 [DEBUG] [org.gradle.workers.internal.WorkerDaemonExpiration] Will attempt to release 3196 of memory
2025-01-12T19:18:18.256-0500 [DEBUG] [org.gradle.process.internal.health.memory.DefaultMemoryManager] 3352202444 physical memory requested, 0 released, 2471567360 free
2025-01-12T19:18:23.241-0500 [DEBUG] [org.gradle.process.internal.health.memory.DefaultMemoryManager] 3352202444 physical memory requested, 2482987008 free
2025-01-12T19:18:23.241-0500 [DEBUG] [org.gradle.workers.internal.WorkerDaemonExpiration] Will attempt to release 3196 of memory
2025-01-12T19:18:23.241-0500 [DEBUG] [org.gradle.process.internal.health.memory.DefaultMemoryManager] 3352202444 physical memory requested, 0 released, 2482987008 free
2025-01-12T19:18:25.720-0500 [DEBUG] [org.gradle.cache.internal.DefaultFileLockManager] Waiting to acquire shared lock on daemon addresses registry.
2025-01-12T19:18:25.720-0500 [DEBUG] [org.gradle.cache.internal.DefaultFileLockManager] Lock acquired on daemon addresses registry.
2025-01-12T19:18:25.720-0500 [DEBUG] [org.gradle.cache.internal.DefaultFileLockManager] Releasing lock on daemon addresses registry.
2025-01-12T19:18:25.721-0500 [DEBUG] [org.gradle.cache.internal.DefaultFileLockManager] Waiting to acquire shared lock on daemon addresses registry.
2025-01-12T19:18:25.721-0500 [DEBUG] [org.gradle.cache.internal.DefaultFileLockManager] Lock acquired on daemon addresses registry.
2025-01-12T19:18:25.721-0500 [DEBUG] [org.gradle.cache.internal.DefaultFileLockManager] Releasing lock on daemon addresses registry.
2025-01-12T19:18:25.721-0500 [DEBUG] [org.gradle.cache.internal.DefaultFileLockManager] Waiting to acquire shared lock on daemon addresses registry.
2025-01-12T19:18:25.721-0500 [DEBUG] [org.gradle.cache.internal.DefaultFileLockManager] Lock acquired on daemon addresses registry.
2025-01-12T19:18:25.722-0500 [DEBUG] [org.gradle.cache.internal.DefaultFileLockManager] Releasing lock on daemon addresses registry.
2025-01-12T19:18:28.242-0500 [DEBUG] [org.gradle.process.internal.health.memory.DefaultMemoryManager] 3352202444 physical memory requested, 2474803200 free
2025-01-12T19:18:28.242-0500 [DEBUG] [org.gradle.workers.internal.WorkerDaemonExpiration] Will attempt to release 3196 of memory
2025-01-12T19:18:28.242-0500 [DEBUG] [org.gradle.process.internal.health.memory.DefaultMemoryManager] 3352202444 physical memory requested, 0 released, 2474803200 free
2025-01-12T19:18:33.245-0500 [DEBUG] [org.gradle.process.internal.health.memory.DefaultMemoryManager] 3352202444 physical memory requested, 2427305984 free
2025-01-12T19:18:33.245-0500 [DEBUG] [org.gradle.workers.internal.WorkerDaemonExpiration] Will attempt to release 3196 of memory
2025-01-12T19:18:33.245-0500 [DEBUG] [org.gradle.process.internal.health.memory.DefaultMemoryManager] 3352202444 physical memory requested, 0 released, 2427305984 free
2025-01-12T19:18:35.725-0500 [DEBUG] [org.gradle.cache.internal.DefaultFileLockManager] Waiting to acquire shared lock on daemon addresses registry.
2025-01-12T19:18:35.725-0500 [DEBUG] [org.gradle.cache.internal.DefaultFileLockManager] Lock acquired on daemon addresses registry.
2025-01-12T19:18:35.725-0500 [DEBUG] [org.gradle.cache.internal.DefaultFileLockManager] Releasing lock on daemon addresses registry.
2025-01-12T19:18:35.726-0500 [DEBUG] [org.gradle.cache.internal.DefaultFileLockManager] Waiting to acquire shared lock on daemon addresses registry.
2025-01-12T19:18:35.727-0500 [DEBUG] [org.gradle.cache.internal.DefaultFileLockManager] Lock acquired on daemon addresses registry.
2025-01-12T19:18:35.727-0500 [DEBUG] [org.gradle.cache.internal.DefaultFileLockManager] Releasing lock on daemon addresses registry.
2025-01-12T19:18:35.727-0500 [DEBUG] [org.gradle.cache.internal.DefaultFileLockManager] Waiting to acquire shared lock on daemon addresses registry.
2025-01-12T19:18:35.728-0500 [DEBUG] [org.gradle.cache.internal.DefaultFileLockManager] Lock acquired on daemon addresses registry.
2025-01-12T19:18:35.728-0500 [DEBUG] [org.gradle.cache.internal.DefaultFileLockManager] Releasing lock on daemon addresses registry.
2025-01-12T19:18:38.239-0500 [DEBUG] [org.gradle.process.internal.health.memory.DefaultMemoryManager] 3352202444 physical memory requested, 2227429376 free
2025-01-12T19:18:38.239-0500 [DEBUG] [org.gradle.workers.internal.WorkerDaemonExpiration] Will attempt to release 3196 of memory
2025-01-12T19:18:38.240-0500 [DEBUG] [org.gradle.process.internal.health.memory.DefaultMemoryManager] 3352202444 physical memory requested, 0 released, 2227429376 free
2025-01-12T19:18:43.239-0500 [DEBUG] [org.gradle.process.internal.health.memory.DefaultMemoryManager] 3352202444 physical memory requested, 2478342144 free
2025-01-12T19:18:43.239-0500 [DEBUG] [org.gradle.workers.internal.WorkerDaemonExpiration] Will attempt to release 3196 of memory
2025-01-12T19:18:43.239-0500 [DEBUG] [org.gradle.process.internal.health.memory.DefaultMemoryManager] 3352202444 physical memory requested, 0 released, 2478342144 free
2025-01-12T19:18:45.722-0500 [DEBUG] [org.gradle.cache.internal.DefaultFileLockManager] Waiting to acquire shared lock on daemon addresses registry.
2025-01-12T19:18:45.722-0500 [DEBUG] [org.gradle.cache.internal.DefaultFileLockManager] Lock acquired on daemon addresses registry.
2025-01-12T19:18:45.723-0500 [DEBUG] [org.gradle.cache.internal.DefaultFileLockManager] Releasing lock on daemon addresses registry.
2025-01-12T19:18:45.724-0500 [DEBUG] [org.gradle.cache.internal.DefaultFileLockManager] Waiting to acquire shared lock on daemon addresses registry.
2025-01-12T19:18:45.724-0500 [DEBUG] [org.gradle.cache.internal.DefaultFileLockManager] Lock acquired on daemon addresses registry.
2025-01-12T19:18:45.724-0500 [DEBUG] [org.gradle.cache.internal.DefaultFileLockManager] Releasing lock on daemon addresses registry.
2025-01-12T19:18:45.725-0500 [DEBUG] [org.gradle.cache.internal.DefaultFileLockManager] Waiting to acquire shared lock on daemon addresses registry.
2025-01-12T19:18:45.725-0500 [DEBUG] [org.gradle.cache.internal.DefaultFileLockManager] Lock acquired on daemon addresses registry.
2025-01-12T19:18:45.725-0500 [DEBUG] [org.gradle.cache.internal.DefaultFileLockManager] Releasing lock on daemon addresses registry.
2025-01-12T19:18:48.248-0500 [DEBUG] [org.gradle.process.internal.health.memory.DefaultMemoryManager] 3352202444 physical memory requested, 2488578048 free
2025-01-12T19:18:48.248-0500 [DEBUG] [org.gradle.workers.internal.WorkerDaemonExpiration] Will attempt to release 3196 of memory
2025-01-12T19:18:48.248-0500 [DEBUG] [org.gradle.process.internal.health.memory.DefaultMemoryManager] 3352202444 physical memory requested, 0 released, 2488578048 free
2025-01-12T19:18:53.249-0500 [DEBUG] [org.gradle.process.internal.health.memory.DefaultMemoryManager] 3352202444 physical memory requested, 2504634368 free
2025-01-12T19:18:53.249-0500 [DEBUG] [org.gradle.workers.internal.WorkerDaemonExpiration] Will attempt to release 3196 of memory
2025-01-12T19:18:53.250-0500 [DEBUG] [org.gradle.process.internal.health.memory.DefaultMemoryManager] 3352202444 physical memory requested, 0 released, 2504634368 free
2025-01-12T19:18:55.727-0500 [DEBUG] [org.gradle.cache.internal.DefaultFileLockManager] Waiting to acquire shared lock on daemon addresses registry.
2025-01-12T19:18:55.727-0500 [DEBUG] [org.gradle.cache.internal.DefaultFileLockManager] Lock acquired on daemon addresses registry.
2025-01-12T19:18:55.727-0500 [DEBUG] [org.gradle.cache.internal.DefaultFileLockManager] Releasing lock on daemon addresses registry.
2025-01-12T19:18:55.728-0500 [DEBUG] [org.gradle.cache.internal.DefaultFileLockManager] Waiting to acquire shared lock on daemon addresses registry.
2025-01-12T19:18:55.728-0500 [DEBUG] [org.gradle.cache.internal.DefaultFileLockManager] Lock acquired on daemon addresses registry.
2025-01-12T19:18:55.728-0500 [DEBUG] [org.gradle.cache.internal.DefaultFileLockManager] Releasing lock on daemon addresses registry.
2025-01-12T19:18:55.728-0500 [DEBUG] [org.gradle.cache.internal.DefaultFileLockManager] Waiting to acquire shared lock on daemon addresses registry.
2025-01-12T19:18:55.728-0500 [DEBUG] [org.gradle.cache.internal.DefaultFileLockManager] Lock acquired on daemon addresses registry.
2025-01-12T19:18:55.729-0500 [DEBUG] [org.gradle.cache.internal.DefaultFileLockManager] Releasing lock on daemon addresses registry.
2025-01-12T19:18:58.255-0500 [DEBUG] [org.gradle.process.internal.health.memory.DefaultMemoryManager] 3352202444 physical memory requested, 2527461376 free
2025-01-12T19:18:58.255-0500 [DEBUG] [org.gradle.workers.internal.WorkerDaemonExpiration] Will attempt to release 3196 of memory
2025-01-12T19:18:58.255-0500 [DEBUG] [org.gradle.process.internal.health.memory.DefaultMemoryManager] 3352202444 physical memory requested, 0 released, 2527461376 free
2025-01-12T19:19:03.250-0500 [DEBUG] [org.gradle.process.internal.health.memory.DefaultMemoryManager] 3352202444 physical memory requested, 2537336832 free
2025-01-12T19:19:03.250-0500 [DEBUG] [org.gradle.workers.internal.WorkerDaemonExpiration] Will attempt to release 3196 of memory
2025-01-12T19:19:03.250-0500 [DEBUG] [org.gradle.process.internal.health.memory.DefaultMemoryManager] 3352202444 physical memory requested, 0 released, 2537336832 free
2025-01-12T19:19:05.725-0500 [DEBUG] [org.gradle.cache.internal.DefaultFileLockManager] Waiting to acquire shared lock on daemon addresses registry.
2025-01-12T19:19:05.725-0500 [DEBUG] [org.gradle.cache.internal.DefaultFileLockManager] Lock acquired on daemon addresses registry.
2025-01-12T19:19:05.725-0500 [DEBUG] [org.gradle.cache.internal.DefaultFileLockManager] Releasing lock on daemon addresses registry.
2025-01-12T19:19:05.726-0500 [DEBUG] [org.gradle.cache.internal.DefaultFileLockManager] Waiting to acquire shared lock on daemon addresses registry.
2025-01-12T19:19:05.726-0500 [DEBUG] [org.gradle.cache.internal.DefaultFileLockManager] Lock acquired on daemon addresses registry.
2025-01-12T19:19:05.726-0500 [DEBUG] [org.gradle.cache.internal.DefaultFileLockManager] Releasing lock on daemon addresses registry.
2025-01-12T19:19:05.726-0500 [DEBUG] [org.gradle.cache.internal.DefaultFileLockManager] Waiting to acquire shared lock on daemon addresses registry.
2025-01-12T19:19:05.726-0500 [DEBUG] [org.gradle.cache.internal.DefaultFileLockManager] Lock acquired on daemon addresses registry.
2025-01-12T19:19:05.727-0500 [DEBUG] [org.gradle.cache.internal.DefaultFileLockManager] Releasing lock on daemon addresses registry.
2025-01-12T19:19:08.249-0500 [DEBUG] [org.gradle.process.internal.health.memory.DefaultMemoryManager] 3352202444 physical memory requested, 2549911552 free
2025-01-12T19:19:08.249-0500 [DEBUG] [org.gradle.workers.internal.WorkerDaemonExpiration] Will attempt to release 3196 of memory
2025-01-12T19:19:08.249-0500 [DEBUG] [org.gradle.process.internal.health.memory.DefaultMemoryManager] 3352202444 physical memory requested, 0 released, 2549911552 free
2025-01-12T19:19:13.250-0500 [DEBUG] [org.gradle.process.internal.health.memory.DefaultMemoryManager] 3352202444 physical memory requested, 2576609280 free
2025-01-12T19:19:13.250-0500 [DEBUG] [org.gradle.workers.internal.WorkerDaemonExpiration] Will attempt to release 3196 of memory
2025-01-12T19:19:13.250-0500 [DEBUG] [org.gradle.process.internal.health.memory.DefaultMemoryManager] 3352202444 physical memory requested, 0 released, 2576609280 free
2025-01-12T19:19:15.716-0500 [DEBUG] [org.gradle.cache.internal.DefaultFileLockManager] Waiting to acquire shared lock on daemon addresses registry.
2025-01-12T19:19:15.716-0500 [DEBUG] [org.gradle.cache.internal.DefaultFileLockManager] Lock acquired on daemon addresses registry.
2025-01-12T19:19:15.716-0500 [DEBUG] [org.gradle.cache.internal.DefaultFileLockManager] Releasing lock on daemon addresses registry.
2025-01-12T19:19:15.716-0500 [DEBUG] [org.gradle.cache.internal.DefaultFileLockManager] Waiting to acquire shared lock on daemon addresses registry.
2025-01-12T19:19:15.716-0500 [DEBUG] [org.gradle.cache.internal.DefaultFileLockManager] Lock acquired on daemon addresses registry.
2025-01-12T19:19:15.717-0500 [DEBUG] [org.gradle.cache.internal.DefaultFileLockManager] Releasing lock on daemon addresses registry.
2025-01-12T19:19:15.718-0500 [DEBUG] [org.gradle.cache.internal.DefaultFileLockManager] Waiting to acquire shared lock on daemon addresses registry.
2025-01-12T19:19:15.718-0500 [DEBUG] [org.gradle.cache.internal.DefaultFileLockManager] Lock acquired on daemon addresses registry.
2025-01-12T19:19:15.718-0500 [DEBUG] [org.gradle.cache.internal.DefaultFileLockManager] Releasing lock on daemon addresses registry.
2025-01-12T19:19:18.245-0500 [DEBUG] [org.gradle.process.internal.health.memory.DefaultMemoryManager] 3352202444 physical memory requested, 2615808000 free
2025-01-12T19:19:18.245-0500 [DEBUG] [org.gradle.workers.internal.WorkerDaemonExpiration] Will attempt to release 3196 of memory
2025-01-12T19:19:18.245-0500 [DEBUG] [org.gradle.process.internal.health.memory.DefaultMemoryManager] 3352202444 physical memory requested, 0 released, 2615808000 free
2025-01-12T19:19:23.244-0500 [DEBUG] [org.gradle.process.internal.health.memory.DefaultMemoryManager] 3352202444 physical memory requested, 2582290432 free
2025-01-12T19:19:23.244-0500 [DEBUG] [org.gradle.workers.internal.WorkerDaemonExpiration] Will attempt to release 3196 of memory
2025-01-12T19:19:23.244-0500 [DEBUG] [org.gradle.process.internal.health.memory.DefaultMemoryManager] 3352202444 physical memory requested, 0 released, 2582290432 free
2025-01-12T19:19:25.722-0500 [DEBUG] [org.gradle.cache.internal.DefaultFileLockManager] Waiting to acquire shared lock on daemon addresses registry.
2025-01-12T19:19:25.722-0500 [DEBUG] [org.gradle.cache.internal.DefaultFileLockManager] Lock acquired on daemon addresses registry.
2025-01-12T19:19:25.722-0500 [DEBUG] [org.gradle.cache.internal.DefaultFileLockManager] Releasing lock on daemon addresses registry.
2025-01-12T19:19:25.723-0500 [DEBUG] [org.gradle.cache.internal.DefaultFileLockManager] Waiting to acquire shared lock on daemon addresses registry.
2025-01-12T19:19:25.723-0500 [DEBUG] [org.gradle.cache.internal.DefaultFileLockManager] Lock acquired on daemon addresses registry.
2025-01-12T19:19:25.723-0500 [DEBUG] [org.gradle.cache.internal.DefaultFileLockManager] Releasing lock on daemon addresses registry.
2025-01-12T19:19:25.724-0500 [DEBUG] [org.gradle.cache.internal.DefaultFileLockManager] Waiting to acquire shared lock on daemon addresses registry.
2025-01-12T19:19:25.724-0500 [DEBUG] [org.gradle.cache.internal.DefaultFileLockManager] Lock acquired on daemon addresses registry.
2025-01-12T19:19:25.724-0500 [DEBUG] [org.gradle.cache.internal.DefaultFileLockManager] Releasing lock on daemon addresses registry.
2025-01-12T19:19:28.246-0500 [DEBUG] [org.gradle.process.internal.health.memory.DefaultMemoryManager] 3352202444 physical memory requested, 2570641408 free
2025-01-12T19:19:28.246-0500 [DEBUG] [org.gradle.workers.internal.WorkerDaemonExpiration] Will attempt to release 3196 of memory
2025-01-12T19:19:28.246-0500 [DEBUG] [org.gradle.process.internal.health.memory.DefaultMemoryManager] 3352202444 physical memory requested, 0 released, 2570641408 free
2025-01-12T19:19:33.240-0500 [DEBUG] [org.gradle.process.internal.health.memory.DefaultMemoryManager] 3352202444 physical memory requested, 2307231744 free
2025-01-12T19:19:33.240-0500 [DEBUG] [org.gradle.workers.internal.WorkerDaemonExpiration] Will attempt to release 3196 of memory
2025-01-12T19:19:33.240-0500 [DEBUG] [org.gradle.process.internal.health.memory.DefaultMemoryManager] 3352202444 physical memory requested, 0 released, 2307231744 free
2025-01-12T19:19:35.725-0500 [DEBUG] [org.gradle.cache.internal.DefaultFileLockManager] Waiting to acquire shared lock on daemon addresses registry.
2025-01-12T19:19:35.725-0500 [DEBUG] [org.gradle.cache.internal.DefaultFileLockManager] Lock acquired on daemon addresses registry.
2025-01-12T19:19:35.725-0500 [DEBUG] [org.gradle.cache.internal.DefaultFileLockManager] Releasing lock on daemon addresses registry.
2025-01-12T19:19:35.726-0500 [DEBUG] [org.gradle.cache.internal.DefaultFileLockManager] Waiting to acquire shared lock on daemon addresses registry.
2025-01-12T19:19:35.726-0500 [DEBUG] [org.gradle.cache.internal.DefaultFileLockManager] Lock acquired on daemon addresses registry.
2025-01-12T19:19:35.726-0500 [DEBUG] [org.gradle.cache.internal.DefaultFileLockManager] Releasing lock on daemon addresses registry.
2025-01-12T19:19:35.727-0500 [DEBUG] [org.gradle.cache.internal.DefaultFileLockManager] Waiting to acquire shared lock on daemon addresses registry.
2025-01-12T19:19:35.727-0500 [DEBUG] [org.gradle.cache.internal.DefaultFileLockManager] Lock acquired on daemon addresses registry.
2025-01-12T19:19:35.727-0500 [DEBUG] [org.gradle.cache.internal.DefaultFileLockManager] Releasing lock on daemon addresses registry.
2025-01-12T19:19:38.239-0500 [DEBUG] [org.gradle.process.internal.health.memory.DefaultMemoryManager] 3352202444 physical memory requested, 2015735808 free
2025-01-12T19:19:38.239-0500 [DEBUG] [org.gradle.workers.internal.WorkerDaemonExpiration] Will attempt to release 3196 of memory
2025-01-12T19:19:38.239-0500 [DEBUG] [org.gradle.process.internal.health.memory.DefaultMemoryManager] 3352202444 physical memory requested, 0 released, 2015735808 free
2025-01-12T19:19:43.254-0500 [DEBUG] [org.gradle.process.internal.health.memory.DefaultMemoryManager] 3352202444 physical memory requested, 2020638720 free
2025-01-12T19:19:43.255-0500 [DEBUG] [org.gradle.workers.internal.WorkerDaemonExpiration] Will attempt to release 3196 of memory
2025-01-12T19:19:43.255-0500 [DEBUG] [org.gradle.process.internal.health.memory.DefaultMemoryManager] 3352202444 physical memory requested, 0 released, 2020638720 free
2025-01-12T19:19:45.721-0500 [DEBUG] [org.gradle.cache.internal.DefaultFileLockManager] Waiting to acquire shared lock on daemon addresses registry.
2025-01-12T19:19:45.721-0500 [DEBUG] [org.gradle.cache.internal.DefaultFileLockManager] Lock acquired on daemon addresses registry.
2025-01-12T19:19:45.721-0500 [DEBUG] [org.gradle.cache.internal.DefaultFileLockManager] Releasing lock on daemon addresses registry.
2025-01-12T19:19:45.723-0500 [DEBUG] [org.gradle.cache.internal.DefaultFileLockManager] Waiting to acquire shared lock on daemon addresses registry.
2025-01-12T19:19:45.723-0500 [DEBUG] [org.gradle.cache.internal.DefaultFileLockManager] Lock acquired on daemon addresses registry.
2025-01-12T19:19:45.723-0500 [DEBUG] [org.gradle.cache.internal.DefaultFileLockManager] Releasing lock on daemon addresses registry.
2025-01-12T19:19:45.724-0500 [DEBUG] [org.gradle.cache.internal.DefaultFileLockManager] Waiting to acquire shared lock on daemon addresses registry.
2025-01-12T19:19:45.724-0500 [DEBUG] [org.gradle.cache.internal.DefaultFileLockManager] Lock acquired on daemon addresses registry.
2025-01-12T19:19:45.724-0500 [DEBUG] [org.gradle.cache.internal.DefaultFileLockManager] Releasing lock on daemon addresses registry.
2025-01-12T19:19:48.252-0500 [DEBUG] [org.gradle.process.internal.health.memory.DefaultMemoryManager] 3352202444 physical memory requested, 2071240704 free
2025-01-12T19:19:48.252-0500 [DEBUG] [org.gradle.workers.internal.WorkerDaemonExpiration] Will attempt to release 3196 of memory
2025-01-12T19:19:48.252-0500 [DEBUG] [org.gradle.process.internal.health.memory.DefaultMemoryManager] 3352202444 physical memory requested, 0 released, 2071240704 free
2025-01-12T19:19:53.242-0500 [DEBUG] [org.gradle.process.internal.health.memory.DefaultMemoryManager] 3352202444 physical memory requested, 2071863296 free
2025-01-12T19:19:53.242-0500 [DEBUG] [org.gradle.workers.internal.WorkerDaemonExpiration] Will attempt to release 3196 of memory
2025-01-12T19:19:53.242-0500 [DEBUG] [org.gradle.process.internal.health.memory.DefaultMemoryManager] 3352202444 physical memory requested, 0 released, 2071863296 free
2025-01-12T19:19:55.722-0500 [DEBUG] [org.gradle.cache.internal.DefaultFileLockManager] Waiting to acquire shared lock on daemon addresses registry.
2025-01-12T19:19:55.722-0500 [DEBUG] [org.gradle.cache.internal.DefaultFileLockManager] Lock acquired on daemon addresses registry.
2025-01-12T19:19:55.722-0500 [DEBUG] [org.gradle.cache.internal.DefaultFileLockManager] Releasing lock on daemon addresses registry.
2025-01-12T19:19:55.723-0500 [DEBUG] [org.gradle.cache.internal.DefaultFileLockManager] Waiting to acquire shared lock on daemon addresses registry.
2025-01-12T19:19:55.723-0500 [DEBUG] [org.gradle.cache.internal.DefaultFileLockManager] Lock acquired on daemon addresses registry.
2025-01-12T19:19:55.723-0500 [DEBUG] [org.gradle.cache.internal.DefaultFileLockManager] Releasing lock on daemon addresses registry.
2025-01-12T19:19:55.724-0500 [DEBUG] [org.gradle.cache.internal.DefaultFileLockManager] Waiting to acquire shared lock on daemon addresses registry.
2025-01-12T19:19:55.724-0500 [DEBUG] [org.gradle.cache.internal.DefaultFileLockManager] Lock acquired on daemon addresses registry.
2025-01-12T19:19:55.724-0500 [DEBUG] [org.gradle.cache.internal.DefaultFileLockManager] Releasing lock on daemon addresses registry.
2025-01-12T19:19:58.258-0500 [DEBUG] [org.gradle.process.internal.health.memory.DefaultMemoryManager] 3352202444 physical memory requested, 2068828160 free
2025-01-12T19:19:58.258-0500 [DEBUG] [org.gradle.workers.internal.WorkerDaemonExpiration] Will attempt to release 3196 of memory
2025-01-12T19:19:58.258-0500 [DEBUG] [org.gradle.process.internal.health.memory.DefaultMemoryManager] 3352202444 physical memory requested, 0 released, 2068828160 free
2025-01-12T19:20:03.239-0500 [DEBUG] [org.gradle.process.internal.health.memory.DefaultMemoryManager] 3352202444 physical memory requested, 2051788800 free
2025-01-12T19:20:03.239-0500 [DEBUG] [org.gradle.workers.internal.WorkerDaemonExpiration] Will attempt to release 3196 of memory
2025-01-12T19:20:03.239-0500 [DEBUG] [org.gradle.process.internal.health.memory.DefaultMemoryManager] 3352202444 physical memory requested, 0 released, 2051788800 free
2025-01-12T19:20:05.725-0500 [DEBUG] [org.gradle.cache.internal.DefaultFileLockManager] Waiting to acquire shared lock on daemon addresses registry.
2025-01-12T19:20:05.725-0500 [DEBUG] [org.gradle.cache.internal.DefaultFileLockManager] Lock acquired on daemon addresses registry.
2025-01-12T19:20:05.725-0500 [DEBUG] [org.gradle.cache.internal.DefaultFileLockManager] Releasing lock on daemon addresses registry.
2025-01-12T19:20:05.725-0500 [DEBUG] [org.gradle.cache.internal.DefaultFileLockManager] Waiting to acquire shared lock on daemon addresses registry.
2025-01-12T19:20:05.726-0500 [DEBUG] [org.gradle.cache.internal.DefaultFileLockManager] Lock acquired on daemon addresses registry.
2025-01-12T19:20:05.726-0500 [DEBUG] [org.gradle.cache.internal.DefaultFileLockManager] Releasing lock on daemon addresses registry.
2025-01-12T19:20:05.726-0500 [DEBUG] [org.gradle.cache.internal.DefaultFileLockManager] Waiting to acquire shared lock on daemon addresses registry.
2025-01-12T19:20:05.726-0500 [DEBUG] [org.gradle.cache.internal.DefaultFileLockManager] Lock acquired on daemon addresses registry.
2025-01-12T19:20:05.726-0500 [DEBUG] [org.gradle.cache.internal.DefaultFileLockManager] Releasing lock on daemon addresses registry.
2025-01-12T19:20:08.246-0500 [DEBUG] [org.gradle.process.internal.health.memory.DefaultMemoryManager] 3352202444 physical memory requested, 1976262656 free
2025-01-12T19:20:08.246-0500 [DEBUG] [org.gradle.workers.internal.WorkerDaemonExpiration] Will attempt to release 3196 of memory
2025-01-12T19:20:08.246-0500 [DEBUG] [org.gradle.process.internal.health.memory.DefaultMemoryManager] 3352202444 physical memory requested, 0 released, 1976262656 free
2025-01-12T19:20:13.240-0500 [DEBUG] [org.gradle.process.internal.health.memory.DefaultMemoryManager] 3352202444 physical memory requested, 1923584000 free
2025-01-12T19:20:13.240-0500 [DEBUG] [org.gradle.workers.internal.WorkerDaemonExpiration] Will attempt to release 3196 of memory
2025-01-12T19:20:13.240-0500 [DEBUG] [org.gradle.process.internal.health.memory.DefaultMemoryManager] 3352202444 physical memory requested, 0 released, 1923584000 free
2025-01-12T19:20:15.723-0500 [DEBUG] [org.gradle.cache.internal.DefaultFileLockManager] Waiting to acquire shared lock on daemon addresses registry.
2025-01-12T19:20:15.723-0500 [DEBUG] [org.gradle.cache.internal.DefaultFileLockManager] Lock acquired on daemon addresses registry.
2025-01-12T19:20:15.723-0500 [DEBUG] [org.gradle.cache.internal.DefaultFileLockManager] Releasing lock on daemon addresses registry.
2025-01-12T19:20:15.724-0500 [DEBUG] [org.gradle.cache.internal.DefaultFileLockManager] Waiting to acquire shared lock on daemon addresses registry.
2025-01-12T19:20:15.724-0500 [DEBUG] [org.gradle.cache.internal.DefaultFileLockManager] Lock acquired on daemon addresses registry.
2025-01-12T19:20:15.724-0500 [DEBUG] [org.gradle.cache.internal.DefaultFileLockManager] Releasing lock on daemon addresses registry.
2025-01-12T19:20:15.724-0500 [DEBUG] [org.gradle.cache.internal.DefaultFileLockManager] Waiting to acquire shared lock on daemon addresses registry.
2025-01-12T19:20:15.724-0500 [DEBUG] [org.gradle.cache.internal.DefaultFileLockManager] Lock acquired on daemon addresses registry.
2025-01-12T19:20:15.725-0500 [DEBUG] [org.gradle.cache.internal.DefaultFileLockManager] Releasing lock on daemon addresses registry.
2025-01-12T19:20:18.243-0500 [DEBUG] [org.gradle.process.internal.health.memory.DefaultMemoryManager] 3352202444 physical memory requested, 1826881536 free
2025-01-12T19:20:18.244-0500 [DEBUG] [org.gradle.workers.internal.WorkerDaemonExpiration] Will attempt to release 3196 of memory
2025-01-12T19:20:18.244-0500 [DEBUG] [org.gradle.process.internal.health.memory.DefaultMemoryManager] 3352202444 physical memory requested, 0 released, 1826881536 free
2025-01-12T19:20:23.251-0500 [DEBUG] [org.gradle.process.internal.health.memory.DefaultMemoryManager] 3352202444 physical memory requested, 1582006272 free
2025-01-12T19:20:23.251-0500 [DEBUG] [org.gradle.workers.internal.WorkerDaemonExpiration] Will attempt to release 3196 of memory
2025-01-12T19:20:23.251-0500 [DEBUG] [org.gradle.process.internal.health.memory.DefaultMemoryManager] 3352202444 physical memory requested, 0 released, 1582006272 free
2025-01-12T19:20:25.725-0500 [DEBUG] [org.gradle.cache.internal.DefaultFileLockManager] Waiting to acquire shared lock on daemon addresses registry.
2025-01-12T19:20:25.725-0500 [DEBUG] [org.gradle.cache.internal.DefaultFileLockManager] Lock acquired on daemon addresses registry.
2025-01-12T19:20:25.725-0500 [DEBUG] [org.gradle.cache.internal.DefaultFileLockManager] Releasing lock on daemon addresses registry.
2025-01-12T19:20:25.725-0500 [DEBUG] [org.gradle.cache.internal.DefaultFileLockManager] Waiting to acquire shared lock on daemon addresses registry.
2025-01-12T19:20:25.726-0500 [DEBUG] [org.gradle.cache.internal.DefaultFileLockManager] Lock acquired on daemon addresses registry.
2025-01-12T19:20:25.726-0500 [DEBUG] [org.gradle.cache.internal.DefaultFileLockManager] Releasing lock on daemon addresses registry.
2025-01-12T19:20:25.726-0500 [DEBUG] [org.gradle.cache.internal.DefaultFileLockManager] Waiting to acquire shared lock on daemon addresses registry.
2025-01-12T19:20:25.726-0500 [DEBUG] [org.gradle.cache.internal.DefaultFileLockManager] Lock acquired on daemon addresses registry.
2025-01-12T19:20:25.726-0500 [DEBUG] [org.gradle.cache.internal.DefaultFileLockManager] Releasing lock on daemon addresses registry.
2025-01-12T19:20:28.254-0500 [DEBUG] [org.gradle.process.internal.health.memory.DefaultMemoryManager] 3352202444 physical memory requested, 1732800512 free
2025-01-12T19:20:28.254-0500 [DEBUG] [org.gradle.workers.internal.WorkerDaemonExpiration] Will attempt to release 3196 of memory
2025-01-12T19:20:28.254-0500 [DEBUG] [org.gradle.process.internal.health.memory.DefaultMemoryManager] 3352202444 physical memory requested, 0 released, 1732800512 free
2025-01-12T19:20:33.243-0500 [DEBUG] [org.gradle.process.internal.health.memory.DefaultMemoryManager] 3352202444 physical memory requested, 1316163584 free
2025-01-12T19:20:33.244-0500 [DEBUG] [org.gradle.workers.internal.WorkerDaemonExpiration] Will attempt to release 3196 of memory
2025-01-12T19:20:33.244-0500 [DEBUG] [org.gradle.process.internal.health.memory.DefaultMemoryManager] 3352202444 physical memory requested, 0 released, 1316163584 free
2025-01-12T19:20:35.721-0500 [DEBUG] [org.gradle.cache.internal.DefaultFileLockManager] Waiting to acquire shared lock on daemon addresses registry.
2025-01-12T19:20:35.721-0500 [DEBUG] [org.gradle.cache.internal.DefaultFileLockManager] Lock acquired on daemon addresses registry.
2025-01-12T19:20:35.721-0500 [DEBUG] [org.gradle.cache.internal.DefaultFileLockManager] Releasing lock on daemon addresses registry.
2025-01-12T19:20:35.722-0500 [DEBUG] [org.gradle.cache.internal.DefaultFileLockManager] Waiting to acquire shared lock on daemon addresses registry.
2025-01-12T19:20:35.722-0500 [DEBUG] [org.gradle.cache.internal.DefaultFileLockManager] Lock acquired on daemon addresses registry.
2025-01-12T19:20:35.722-0500 [DEBUG] [org.gradle.cache.internal.DefaultFileLockManager] Releasing lock on daemon addresses registry.
2025-01-12T19:20:35.723-0500 [DEBUG] [org.gradle.cache.internal.DefaultFileLockManager] Waiting to acquire shared lock on daemon addresses registry.
2025-01-12T19:20:35.723-0500 [DEBUG] [org.gradle.cache.internal.DefaultFileLockManager] Lock acquired on daemon addresses registry.
2025-01-12T19:20:35.723-0500 [DEBUG] [org.gradle.cache.internal.DefaultFileLockManager] Releasing lock on daemon addresses registry.
2025-01-12T19:20:38.249-0500 [DEBUG] [org.gradle.process.internal.health.memory.DefaultMemoryManager] 3352202444 physical memory requested, 1324548096 free
2025-01-12T19:20:38.249-0500 [DEBUG] [org.gradle.workers.internal.WorkerDaemonExpiration] Will attempt to release 3196 of memory
2025-01-12T19:20:38.249-0500 [DEBUG] [org.gradle.process.internal.health.memory.DefaultMemoryManager] 3352202444 physical memory requested, 0 released, 1324548096 free
2025-01-12T19:20:43.239-0500 [DEBUG] [org.gradle.process.internal.health.memory.DefaultMemoryManager] 3352202444 physical memory requested, 1323171840 free
2025-01-12T19:20:43.239-0500 [DEBUG] [org.gradle.workers.internal.WorkerDaemonExpiration] Will attempt to release 3196 of memory
2025-01-12T19:20:43.239-0500 [DEBUG] [org.gradle.process.internal.health.memory.DefaultMemoryManager] 3352202444 physical memory requested, 0 released, 1323171840 free
2025-01-12T19:20:45.724-0500 [DEBUG] [org.gradle.cache.internal.DefaultFileLockManager] Waiting to acquire shared lock on daemon addresses registry.
2025-01-12T19:20:45.724-0500 [DEBUG] [org.gradle.cache.internal.DefaultFileLockManager] Lock acquired on daemon addresses registry.
2025-01-12T19:20:45.724-0500 [DEBUG] [org.gradle.cache.internal.DefaultFileLockManager] Releasing lock on daemon addresses registry.
2025-01-12T19:20:45.725-0500 [DEBUG] [org.gradle.cache.internal.DefaultFileLockManager] Waiting to acquire shared lock on daemon addresses registry.
2025-01-12T19:20:45.725-0500 [DEBUG] [org.gradle.cache.internal.DefaultFileLockManager] Lock acquired on daemon addresses registry.
2025-01-12T19:20:45.725-0500 [DEBUG] [org.gradle.cache.internal.DefaultFileLockManager] Releasing lock on daemon addresses registry.
2025-01-12T19:20:45.726-0500 [DEBUG] [org.gradle.cache.internal.DefaultFileLockManager] Waiting to acquire shared lock on daemon addresses registry.
2025-01-12T19:20:45.726-0500 [DEBUG] [org.gradle.cache.internal.DefaultFileLockManager] Lock acquired on daemon addresses registry.
2025-01-12T19:20:45.726-0500 [DEBUG] [org.gradle.cache.internal.DefaultFileLockManager] Releasing lock on daemon addresses registry.
2025-01-12T19:20:48.251-0500 [DEBUG] [org.gradle.process.internal.health.memory.DefaultMemoryManager] 3352202444 physical memory requested, 1313456128 free
2025-01-12T19:20:48.251-0500 [DEBUG] [org.gradle.workers.internal.WorkerDaemonExpiration] Will attempt to release 3196 of memory
2025-01-12T19:20:48.251-0500 [DEBUG] [org.gradle.process.internal.health.memory.DefaultMemoryManager] 3352202444 physical memory requested, 0 released, 1313456128 free
2025-01-12T19:20:53.244-0500 [DEBUG] [org.gradle.process.internal.health.memory.DefaultMemoryManager] 3352202444 physical memory requested, 1409802240 free
2025-01-12T19:20:53.244-0500 [DEBUG] [org.gradle.workers.internal.WorkerDaemonExpiration] Will attempt to release 3196 of memory
2025-01-12T19:20:53.244-0500 [DEBUG] [org.gradle.process.internal.health.memory.DefaultMemoryManager] 3352202444 physical memory requested, 0 released, 1409802240 free
2025-01-12T19:20:55.731-0500 [DEBUG] [org.gradle.cache.internal.DefaultFileLockManager] Waiting to acquire shared lock on daemon addresses registry.
2025-01-12T19:20:55.731-0500 [DEBUG] [org.gradle.cache.internal.DefaultFileLockManager] Lock acquired on daemon addresses registry.
2025-01-12T19:20:55.731-0500 [DEBUG] [org.gradle.cache.internal.DefaultFileLockManager] Releasing lock on daemon addresses registry.
2025-01-12T19:20:55.732-0500 [DEBUG] [org.gradle.cache.internal.DefaultFileLockManager] Waiting to acquire shared lock on daemon addresses registry.
2025-01-12T19:20:55.732-0500 [DEBUG] [org.gradle.cache.internal.DefaultFileLockManager] Lock acquired on daemon addresses registry.
2025-01-12T19:20:55.732-0500 [DEBUG] [org.gradle.cache.internal.DefaultFileLockManager] Releasing lock on daemon addresses registry.
2025-01-12T19:20:55.732-0500 [DEBUG] [org.gradle.cache.internal.DefaultFileLockManager] Waiting to acquire shared lock on daemon addresses registry.
2025-01-12T19:20:55.732-0500 [DEBUG] [org.gradle.cache.internal.DefaultFileLockManager] Lock acquired on daemon addresses registry.
2025-01-12T19:20:55.732-0500 [DEBUG] [org.gradle.cache.internal.DefaultFileLockManager] Releasing lock on daemon addresses registry.
2025-01-12T19:20:58.251-0500 [DEBUG] [org.gradle.process.internal.health.memory.DefaultMemoryManager] 3352202444 physical memory requested, 1431302144 free
2025-01-12T19:20:58.251-0500 [DEBUG] [org.gradle.workers.internal.WorkerDaemonExpiration] Will attempt to release 3196 of memory
2025-01-12T19:20:58.251-0500 [DEBUG] [org.gradle.process.internal.health.memory.DefaultMemoryManager] 3352202444 physical memory requested, 0 released, 1431302144 free
2025-01-12T19:21:03.245-0500 [DEBUG] [org.gradle.process.internal.health.memory.DefaultMemoryManager] 3352202444 physical memory requested, 1467383808 free
2025-01-12T19:21:03.245-0500 [DEBUG] [org.gradle.workers.internal.WorkerDaemonExpiration] Will attempt to release 3196 of memory
2025-01-12T19:21:03.245-0500 [DEBUG] [org.gradle.process.internal.health.memory.DefaultMemoryManager] 3352202444 physical memory requested, 0 released, 1467383808 free
2025-01-12T19:21:05.725-0500 [DEBUG] [org.gradle.cache.internal.DefaultFileLockManager] Waiting to acquire shared lock on daemon addresses registry.
2025-01-12T19:21:05.725-0500 [DEBUG] [org.gradle.cache.internal.DefaultFileLockManager] Lock acquired on daemon addresses registry.
2025-01-12T19:21:05.725-0500 [DEBUG] [org.gradle.cache.internal.DefaultFileLockManager] Releasing lock on daemon addresses registry.
2025-01-12T19:21:05.726-0500 [DEBUG] [org.gradle.cache.internal.DefaultFileLockManager] Waiting to acquire shared lock on daemon addresses registry.
2025-01-12T19:21:05.726-0500 [DEBUG] [org.gradle.cache.internal.DefaultFileLockManager] Lock acquired on daemon addresses registry.
2025-01-12T19:21:05.726-0500 [DEBUG] [org.gradle.cache.internal.DefaultFileLockManager] Releasing lock on daemon addresses registry.
2025-01-12T19:21:05.727-0500 [DEBUG] [org.gradle.cache.internal.DefaultFileLockManager] Waiting to acquire shared lock on daemon addresses registry.
2025-01-12T19:21:05.727-0500 [DEBUG] [org.gradle.cache.internal.DefaultFileLockManager] Lock acquired on daemon addresses registry.
2025-01-12T19:21:05.727-0500 [DEBUG] [org.gradle.cache.internal.DefaultFileLockManager] Releasing lock on daemon addresses registry.
2025-01-12T19:21:08.252-0500 [DEBUG] [org.gradle.process.internal.health.memory.DefaultMemoryManager] 3352202444 physical memory requested, 1485328384 free
2025-01-12T19:21:08.253-0500 [DEBUG] [org.gradle.workers.internal.WorkerDaemonExpiration] Will attempt to release 3196 of memory
2025-01-12T19:21:08.253-0500 [DEBUG] [org.gradle.process.internal.health.memory.DefaultMemoryManager] 3352202444 physical memory requested, 0 released, 1485328384 free
2025-01-12T19:21:13.252-0500 [DEBUG] [org.gradle.process.internal.health.memory.DefaultMemoryManager] 3352202444 physical memory requested, 1489944576 free
2025-01-12T19:21:13.252-0500 [DEBUG] [org.gradle.workers.internal.WorkerDaemonExpiration] Will attempt to release 3196 of memory
2025-01-12T19:21:13.252-0500 [DEBUG] [org.gradle.process.internal.health.memory.DefaultMemoryManager] 3352202444 physical memory requested, 0 released, 1489944576 free
2025-01-12T19:21:15.727-0500 [DEBUG] [org.gradle.cache.internal.DefaultFileLockManager] Waiting to acquire shared lock on daemon addresses registry.
2025-01-12T19:21:15.727-0500 [DEBUG] [org.gradle.cache.internal.DefaultFileLockManager] Lock acquired on daemon addresses registry.
2025-01-12T19:21:15.727-0500 [DEBUG] [org.gradle.cache.internal.DefaultFileLockManager] Releasing lock on daemon addresses registry.
2025-01-12T19:21:15.728-0500 [DEBUG] [org.gradle.cache.internal.DefaultFileLockManager] Waiting to acquire shared lock on daemon addresses registry.
2025-01-12T19:21:15.728-0500 [DEBUG] [org.gradle.cache.internal.DefaultFileLockManager] Lock acquired on daemon addresses registry.
2025-01-12T19:21:15.728-0500 [DEBUG] [org.gradle.cache.internal.DefaultFileLockManager] Releasing lock on daemon addresses registry.
2025-01-12T19:21:15.729-0500 [DEBUG] [org.gradle.cache.internal.DefaultFileLockManager] Waiting to acquire shared lock on daemon addresses registry.
2025-01-12T19:21:15.729-0500 [DEBUG] [org.gradle.cache.internal.DefaultFileLockManager] Lock acquired on daemon addresses registry.
2025-01-12T19:21:15.729-0500 [DEBUG] [org.gradle.cache.internal.DefaultFileLockManager] Releasing lock on daemon addresses registry.
2025-01-12T19:21:18.244-0500 [DEBUG] [org.gradle.process.internal.health.memory.DefaultMemoryManager] 3352202444 physical memory requested, 1497096192 free
2025-01-12T19:21:18.244-0500 [DEBUG] [org.gradle.workers.internal.WorkerDaemonExpiration] Will attempt to release 3196 of memory
2025-01-12T19:21:18.244-0500 [DEBUG] [org.gradle.process.internal.health.memory.DefaultMemoryManager] 3352202444 physical memory requested, 0 released, 1497096192 free
2025-01-12T19:21:23.243-0500 [DEBUG] [org.gradle.process.internal.health.memory.DefaultMemoryManager] 3352202444 physical memory requested, 1465851904 free
2025-01-12T19:21:23.243-0500 [DEBUG] [org.gradle.workers.internal.WorkerDaemonExpiration] Will attempt to release 3196 of memory
2025-01-12T19:21:23.244-0500 [DEBUG] [org.gradle.process.internal.health.memory.DefaultMemoryManager] 3352202444 physical memory requested, 0 released, 1465851904 free
2025-01-12T19:21:25.727-0500 [DEBUG] [org.gradle.cache.internal.DefaultFileLockManager] Waiting to acquire shared lock on daemon addresses registry.
2025-01-12T19:21:25.728-0500 [DEBUG] [org.gradle.cache.internal.DefaultFileLockManager] Lock acquired on daemon addresses registry.
2025-01-12T19:21:25.728-0500 [DEBUG] [org.gradle.cache.internal.DefaultFileLockManager] Releasing lock on daemon addresses registry.
2025-01-12T19:21:25.728-0500 [DEBUG] [org.gradle.cache.internal.DefaultFileLockManager] Waiting to acquire shared lock on daemon addresses registry.
2025-01-12T19:21:25.729-0500 [DEBUG] [org.gradle.cache.internal.DefaultFileLockManager] Lock acquired on daemon addresses registry.
2025-01-12T19:21:25.729-0500 [DEBUG] [org.gradle.cache.internal.DefaultFileLockManager] Releasing lock on daemon addresses registry.
2025-01-12T19:21:25.729-0500 [DEBUG] [org.gradle.cache.internal.DefaultFileLockManager] Waiting to acquire shared lock on daemon addresses registry.
2025-01-12T19:21:25.729-0500 [DEBUG] [org.gradle.cache.internal.DefaultFileLockManager] Lock acquired on daemon addresses registry.
2025-01-12T19:21:25.730-0500 [DEBUG] [org.gradle.cache.internal.DefaultFileLockManager] Releasing lock on daemon addresses registry.
2025-01-12T19:21:28.241-0500 [DEBUG] [org.gradle.process.internal.health.memory.DefaultMemoryManager] 3352202444 physical memory requested, 1476173824 free
2025-01-12T19:21:28.241-0500 [DEBUG] [org.gradle.workers.internal.WorkerDaemonExpiration] Will attempt to release 3196 of memory
2025-01-12T19:21:28.241-0500 [DEBUG] [org.gradle.process.internal.health.memory.DefaultMemoryManager] 3352202444 physical memory requested, 0 released, 1476173824 free
2025-01-12T19:21:33.238-0500 [DEBUG] [org.gradle.process.internal.health.memory.DefaultMemoryManager] 3352202444 physical memory requested, 1268056064 free
2025-01-12T19:21:33.238-0500 [DEBUG] [org.gradle.workers.internal.WorkerDaemonExpiration] Will attempt to release 3196 of memory
2025-01-12T19:21:33.238-0500 [DEBUG] [org.gradle.process.internal.health.memory.DefaultMemoryManager] 3352202444 physical memory requested, 0 released, 1268056064 free
2025-01-12T19:21:35.090-0500 [DEBUG] [org.gradle.internal.watch.vfs.impl.WatchingVirtualFileSystem] Handling VFS change MODIFIED C:\Users\zemer\OneDrive - Drexel University\STAR Scholars\UnderWatch\Under Watch\gradlew.bat
2025-01-12T19:21:35.097-0500 [DEBUG] [org.gradle.internal.watch.vfs.impl.WatchingVirtualFileSystem] Handling VFS change MODIFIED C:\Users\zemer\OneDrive - Drexel University\STAR Scholars\UnderWatch\Under Watch\gradlew
2025-01-12T19:21:35.117-0500 [DEBUG] [org.gradle.internal.watch.registry.impl.DefaultFileWatcherProbeRegistry] Triggering watch probe for C:\Users\zemer\OneDrive - Drexel University\STAR Scholars\UnderWatch\Under Watch
2025-01-12T19:21:35.169-0500 [DEBUG] [org.gradle.internal.watch.vfs.impl.WatchingVirtualFileSystem] Handling VFS change MODIFIED C:\Users\zemer\OneDrive - Drexel University\STAR Scholars\UnderWatch\Under Watch\gradle\wrapper\gradle-wrapper.properties
2025-01-12T19:21:35.175-0500 [DEBUG] [org.gradle.internal.watch.vfs.impl.WatchingVirtualFileSystem] Handling VFS change MODIFIED C:\Users\zemer\OneDrive - Drexel University\STAR Scholars\UnderWatch\Under Watch\gradle\wrapper\gradle-wrapper.jar
2025-01-12T19:21:35.717-0500 [DEBUG] [org.gradle.cache.internal.DefaultFileLockManager] Waiting to acquire shared lock on daemon addresses registry.
2025-01-12T19:21:35.717-0500 [DEBUG] [org.gradle.cache.internal.DefaultFileLockManager] Lock acquired on daemon addresses registry.
2025-01-12T19:21:35.717-0500 [DEBUG] [org.gradle.cache.internal.DefaultFileLockManager] Releasing lock on daemon addresses registry.
2025-01-12T19:21:35.718-0500 [DEBUG] [org.gradle.cache.internal.DefaultFileLockManager] Waiting to acquire shared lock on daemon addresses registry.
2025-01-12T19:21:35.718-0500 [DEBUG] [org.gradle.cache.internal.DefaultFileLockManager] Lock acquired on daemon addresses registry.
2025-01-12T19:21:35.719-0500 [DEBUG] [org.gradle.cache.internal.DefaultFileLockManager] Releasing lock on daemon addresses registry.
2025-01-12T19:21:35.719-0500 [DEBUG] [org.gradle.cache.internal.DefaultFileLockManager] Waiting to acquire shared lock on daemon addresses registry.
2025-01-12T19:21:35.719-0500 [DEBUG] [org.gradle.cache.internal.DefaultFileLockManager] Lock acquired on daemon addresses registry.
2025-01-12T19:21:35.720-0500 [DEBUG] [org.gradle.cache.internal.DefaultFileLockManager] Releasing lock on daemon addresses registry.
2025-01-12T19:21:38.254-0500 [DEBUG] [org.gradle.process.internal.health.memory.DefaultMemoryManager] 3352202444 physical memory requested, 1177096192 free
2025-01-12T19:21:38.254-0500 [DEBUG] [org.gradle.workers.internal.WorkerDaemonExpiration] Will attempt to release 3196 of memory
2025-01-12T19:21:38.254-0500 [DEBUG] [org.gradle.process.internal.health.memory.DefaultMemoryManager] 3352202444 physical memory requested, 0 released, 1177096192 free
2025-01-12T19:21:43.244-0500 [DEBUG] [org.gradle.process.internal.health.memory.DefaultMemoryManager] 3352202444 physical memory requested, 1127841792 free
2025-01-12T19:21:43.244-0500 [DEBUG] [org.gradle.workers.internal.WorkerDaemonExpiration] Will attempt to release 3196 of memory
2025-01-12T19:21:43.244-0500 [DEBUG] [org.gradle.process.internal.health.memory.DefaultMemoryManager] 3352202444 physical memory requested, 0 released, 1127841792 free
2025-01-12T19:21:45.725-0500 [DEBUG] [org.gradle.cache.internal.DefaultFileLockManager] Waiting to acquire shared lock on daemon addresses registry.
2025-01-12T19:21:45.725-0500 [DEBUG] [org.gradle.cache.internal.DefaultFileLockManager] Lock acquired on daemon addresses registry.
2025-01-12T19:21:45.725-0500 [DEBUG] [org.gradle.cache.internal.DefaultFileLockManager] Releasing lock on daemon addresses registry.
2025-01-12T19:21:45.726-0500 [DEBUG] [org.gradle.cache.internal.DefaultFileLockManager] Waiting to acquire shared lock on daemon addresses registry.
2025-01-12T19:21:45.726-0500 [DEBUG] [org.gradle.cache.internal.DefaultFileLockManager] Lock acquired on daemon addresses registry.
2025-01-12T19:21:45.726-0500 [DEBUG] [org.gradle.cache.internal.DefaultFileLockManager] Releasing lock on daemon addresses registry.
2025-01-12T19:21:45.727-0500 [DEBUG] [org.gradle.cache.internal.DefaultFileLockManager] Waiting to acquire shared lock on daemon addresses registry.
2025-01-12T19:21:45.727-0500 [DEBUG] [org.gradle.cache.internal.DefaultFileLockManager] Lock acquired on daemon addresses registry.
2025-01-12T19:21:45.727-0500 [DEBUG] [org.gradle.cache.internal.DefaultFileLockManager] Releasing lock on daemon addresses registry.
2025-01-12T19:21:48.255-0500 [DEBUG] [org.gradle.process.internal.health.memory.DefaultMemoryManager] 3352202444 physical memory requested, 1299607552 free
2025-01-12T19:21:48.255-0500 [DEBUG] [org.gradle.workers.internal.WorkerDaemonExpiration] Will attempt to release 3196 of memory
2025-01-12T19:21:48.255-0500 [DEBUG] [org.gradle.process.internal.health.memory.DefaultMemoryManager] 3352202444 physical memory requested, 0 released, 1299607552 free
2025-01-12T19:21:53.249-0500 [DEBUG] [org.gradle.process.internal.health.memory.DefaultMemoryManager] 3352202444 physical memory requested, 1314996224 free
2025-01-12T19:21:53.249-0500 [DEBUG] [org.gradle.workers.internal.WorkerDaemonExpiration] Will attempt to release 3196 of memory
2025-01-12T19:21:53.249-0500 [DEBUG] [org.gradle.process.internal.health.memory.DefaultMemoryManager] 3352202444 physical memory requested, 0 released, 1314996224 free
2025-01-12T19:21:55.717-0500 [DEBUG] [org.gradle.cache.internal.DefaultFileLockManager] Waiting to acquire shared lock on daemon addresses registry.
2025-01-12T19:21:55.718-0500 [DEBUG] [org.gradle.cache.internal.DefaultFileLockManager] Lock acquired on daemon addresses registry.
2025-01-12T19:21:55.718-0500 [DEBUG] [org.gradle.cache.internal.DefaultFileLockManager] Releasing lock on daemon addresses registry.
2025-01-12T19:21:55.718-0500 [DEBUG] [org.gradle.cache.internal.DefaultFileLockManager] Waiting to acquire shared lock on daemon addresses registry.
2025-01-12T19:21:55.718-0500 [DEBUG] [org.gradle.cache.internal.DefaultFileLockManager] Lock acquired on daemon addresses registry.
2025-01-12T19:21:55.719-0500 [DEBUG] [org.gradle.cache.internal.DefaultFileLockManager] Releasing lock on daemon addresses registry.
2025-01-12T19:21:55.719-0500 [DEBUG] [org.gradle.cache.internal.DefaultFileLockManager] Waiting to acquire shared lock on daemon addresses registry.
2025-01-12T19:21:55.719-0500 [DEBUG] [org.gradle.cache.internal.DefaultFileLockManager] Lock acquired on daemon addresses registry.
2025-01-12T19:21:55.719-0500 [DEBUG] [org.gradle.cache.internal.DefaultFileLockManager] Releasing lock on daemon addresses registry.
2025-01-12T19:21:58.256-0500 [DEBUG] [org.gradle.process.internal.health.memory.DefaultMemoryManager] 3352202444 physical memory requested, 1336340480 free
2025-01-12T19:21:58.256-0500 [DEBUG] [org.gradle.workers.internal.WorkerDaemonExpiration] Will attempt to release 3196 of memory
2025-01-12T19:21:58.257-0500 [DEBUG] [org.gradle.process.internal.health.memory.DefaultMemoryManager] 3352202444 physical memory requested, 0 released, 1336340480 free
2025-01-12T19:22:03.249-0500 [DEBUG] [org.gradle.process.internal.health.memory.DefaultMemoryManager] 3352202444 physical memory requested, 1376067584 free
2025-01-12T19:22:03.249-0500 [DEBUG] [org.gradle.workers.internal.WorkerDaemonExpiration] Will attempt to release 3196 of memory
2025-01-12T19:22:03.249-0500 [DEBUG] [org.gradle.process.internal.health.memory.DefaultMemoryManager] 3352202444 physical memory requested, 0 released, 1376067584 free
2025-01-12T19:22:05.730-0500 [DEBUG] [org.gradle.cache.internal.DefaultFileLockManager] Waiting to acquire shared lock on daemon addresses registry.
2025-01-12T19:22:05.730-0500 [DEBUG] [org.gradle.cache.internal.DefaultFileLockManager] Lock acquired on daemon addresses registry.
2025-01-12T19:22:05.730-0500 [DEBUG] [org.gradle.cache.internal.DefaultFileLockManager] Releasing lock on daemon addresses registry.
2025-01-12T19:22:05.730-0500 [DEBUG] [org.gradle.cache.internal.DefaultFileLockManager] Waiting to acquire shared lock on daemon addresses registry.
2025-01-12T19:22:05.730-0500 [DEBUG] [org.gradle.cache.internal.DefaultFileLockManager] Lock acquired on daemon addresses registry.
2025-01-12T19:22:05.731-0500 [DEBUG] [org.gradle.cache.internal.DefaultFileLockManager] Releasing lock on daemon addresses registry.
2025-01-12T19:22:05.731-0500 [DEBUG] [org.gradle.cache.internal.DefaultFileLockManager] Waiting to acquire shared lock on daemon addresses registry.
2025-01-12T19:22:05.731-0500 [DEBUG] [org.gradle.cache.internal.DefaultFileLockManager] Lock acquired on daemon addresses registry.
2025-01-12T19:22:05.731-0500 [DEBUG] [org.gradle.cache.internal.DefaultFileLockManager] Releasing lock on daemon addresses registry.
2025-01-12T19:22:08.240-0500 [DEBUG] [org.gradle.process.internal.health.memory.DefaultMemoryManager] 3352202444 physical memory requested, 1379704832 free
2025-01-12T19:22:08.240-0500 [DEBUG] [org.gradle.workers.internal.WorkerDaemonExpiration] Will attempt to release 3196 of memory
2025-01-12T19:22:08.240-0500 [DEBUG] [org.gradle.process.internal.health.memory.DefaultMemoryManager] 3352202444 physical memory requested, 0 released, 1379704832 free
2025-01-12T19:22:13.243-0500 [DEBUG] [org.gradle.process.internal.health.memory.DefaultMemoryManager] 3352202444 physical memory requested, 1354485760 free
2025-01-12T19:22:13.243-0500 [DEBUG] [org.gradle.workers.internal.WorkerDaemonExpiration] Will attempt to release 3196 of memory
2025-01-12T19:22:13.243-0500 [DEBUG] [org.gradle.process.internal.health.memory.DefaultMemoryManager] 3352202444 physical memory requested, 0 released, 1354485760 free
2025-01-12T19:22:15.721-0500 [DEBUG] [org.gradle.cache.internal.DefaultFileLockManager] Waiting to acquire shared lock on daemon addresses registry.
2025-01-12T19:22:15.721-0500 [DEBUG] [org.gradle.cache.internal.DefaultFileLockManager] Lock acquired on daemon addresses registry.
2025-01-12T19:22:15.721-0500 [DEBUG] [org.gradle.cache.internal.DefaultFileLockManager] Releasing lock on daemon addresses registry.
2025-01-12T19:22:15.722-0500 [DEBUG] [org.gradle.cache.internal.DefaultFileLockManager] Waiting to acquire shared lock on daemon addresses registry.
2025-01-12T19:22:15.722-0500 [DEBUG] [org.gradle.cache.internal.DefaultFileLockManager] Lock acquired on daemon addresses registry.
2025-01-12T19:22:15.723-0500 [DEBUG] [org.gradle.cache.internal.DefaultFileLockManager] Releasing lock on daemon addresses registry.
2025-01-12T19:22:15.723-0500 [DEBUG] [org.gradle.cache.internal.DefaultFileLockManager] Waiting to acquire shared lock on daemon addresses registry.
2025-01-12T19:22:15.723-0500 [DEBUG] [org.gradle.cache.internal.DefaultFileLockManager] Lock acquired on daemon addresses registry.
2025-01-12T19:22:15.723-0500 [DEBUG] [org.gradle.cache.internal.DefaultFileLockManager] Releasing lock on daemon addresses registry.
2025-01-12T19:22:18.252-0500 [DEBUG] [org.gradle.process.internal.health.memory.DefaultMemoryManager] 3352202444 physical memory requested, 1400254464 free
2025-01-12T19:22:18.252-0500 [DEBUG] [org.gradle.workers.internal.WorkerDaemonExpiration] Will attempt to release 3196 of memory
2025-01-12T19:22:18.252-0500 [DEBUG] [org.gradle.process.internal.health.memory.DefaultMemoryManager] 3352202444 physical memory requested, 0 released, 1400254464 free
2025-01-12T19:22:23.249-0500 [DEBUG] [org.gradle.process.internal.health.memory.DefaultMemoryManager] 3352202444 physical memory requested, 1381228544 free
2025-01-12T19:22:23.249-0500 [DEBUG] [org.gradle.workers.internal.WorkerDaemonExpiration] Will attempt to release 3196 of memory
2025-01-12T19:22:23.249-0500 [DEBUG] [org.gradle.process.internal.health.memory.DefaultMemoryManager] 3352202444 physical memory requested, 0 released, 1381228544 free
2025-01-12T19:22:25.719-0500 [DEBUG] [org.gradle.cache.internal.DefaultFileLockManager] Waiting to acquire shared lock on daemon addresses registry.
2025-01-12T19:22:25.719-0500 [DEBUG] [org.gradle.cache.internal.DefaultFileLockManager] Lock acquired on daemon addresses registry.
2025-01-12T19:22:25.719-0500 [DEBUG] [org.gradle.cache.internal.DefaultFileLockManager] Releasing lock on daemon addresses registry.
2025-01-12T19:22:25.720-0500 [DEBUG] [org.gradle.cache.internal.DefaultFileLockManager] Waiting to acquire shared lock on daemon addresses registry.
2025-01-12T19:22:25.720-0500 [DEBUG] [org.gradle.cache.internal.DefaultFileLockManager] Lock acquired on daemon addresses registry.
2025-01-12T19:22:25.720-0500 [DEBUG] [org.gradle.cache.internal.DefaultFileLockManager] Releasing lock on daemon addresses registry.
2025-01-12T19:22:25.721-0500 [DEBUG] [org.gradle.cache.internal.DefaultFileLockManager] Waiting to acquire shared lock on daemon addresses registry.
2025-01-12T19:22:25.721-0500 [DEBUG] [org.gradle.cache.internal.DefaultFileLockManager] Lock acquired on daemon addresses registry.
2025-01-12T19:22:25.721-0500 [DEBUG] [org.gradle.cache.internal.DefaultFileLockManager] Releasing lock on daemon addresses registry.
2025-01-12T19:22:28.247-0500 [DEBUG] [org.gradle.process.internal.health.memory.DefaultMemoryManager] 3352202444 physical memory requested, 1385914368 free
2025-01-12T19:22:28.247-0500 [DEBUG] [org.gradle.workers.internal.WorkerDaemonExpiration] Will attempt to release 3196 of memory
2025-01-12T19:22:28.247-0500 [DEBUG] [org.gradle.process.internal.health.memory.DefaultMemoryManager] 3352202444 physical memory requested, 0 released, 1385914368 free
2025-01-12T19:22:33.241-0500 [DEBUG] [org.gradle.process.internal.health.memory.DefaultMemoryManager] 3352202444 physical memory requested, 1377980416 free
2025-01-12T19:22:33.241-0500 [DEBUG] [org.gradle.workers.internal.WorkerDaemonExpiration] Will attempt to release 3196 of memory
2025-01-12T19:22:33.241-0500 [DEBUG] [org.gradle.process.internal.health.memory.DefaultMemoryManager] 3352202444 physical memory requested, 0 released, 1377980416 free
2025-01-12T19:22:35.714-0500 [DEBUG] [org.gradle.cache.internal.DefaultFileLockManager] Waiting to acquire shared lock on daemon addresses registry.
2025-01-12T19:22:35.715-0500 [DEBUG] [org.gradle.cache.internal.DefaultFileLockManager] Lock acquired on daemon addresses registry.
2025-01-12T19:22:35.715-0500 [DEBUG] [org.gradle.cache.internal.DefaultFileLockManager] Releasing lock on daemon addresses registry.
2025-01-12T19:22:35.716-0500 [DEBUG] [org.gradle.cache.internal.DefaultFileLockManager] Waiting to acquire shared lock on daemon addresses registry.
2025-01-12T19:22:35.716-0500 [DEBUG] [org.gradle.cache.internal.DefaultFileLockManager] Lock acquired on daemon addresses registry.
2025-01-12T19:22:35.716-0500 [DEBUG] [org.gradle.cache.internal.DefaultFileLockManager] Releasing lock on daemon addresses registry.
2025-01-12T19:22:35.717-0500 [DEBUG] [org.gradle.cache.internal.DefaultFileLockManager] Waiting to acquire shared lock on daemon addresses registry.
2025-01-12T19:22:35.717-0500 [DEBUG] [org.gradle.cache.internal.DefaultFileLockManager] Lock acquired on daemon addresses registry.
2025-01-12T19:22:35.717-0500 [DEBUG] [org.gradle.cache.internal.DefaultFileLockManager] Releasing lock on daemon addresses registry.
2025-01-12T19:22:38.251-0500 [DEBUG] [org.gradle.process.internal.health.memory.DefaultMemoryManager] 3352202444 physical memory requested, 1363316736 free
2025-01-12T19:22:38.251-0500 [DEBUG] [org.gradle.workers.internal.WorkerDaemonExpiration] Will attempt to release 3196 of memory
2025-01-12T19:22:38.251-0500 [DEBUG] [org.gradle.process.internal.health.memory.DefaultMemoryManager] 3352202444 physical memory requested, 0 released, 1363316736 free
2025-01-12T19:22:43.265-0500 [DEBUG] [org.gradle.process.internal.health.memory.DefaultMemoryManager] 3352202444 physical memory requested, 1347895296 free
2025-01-12T19:22:43.265-0500 [DEBUG] [org.gradle.workers.internal.WorkerDaemonExpiration] Will attempt to release 3196 of memory
2025-01-12T19:22:43.265-0500 [DEBUG] [org.gradle.process.internal.health.memory.DefaultMemoryManager] 3352202444 physical memory requested, 0 released, 1347895296 free
2025-01-12T19:22:45.728-0500 [DEBUG] [org.gradle.cache.internal.DefaultFileLockManager] Waiting to acquire shared lock on daemon addresses registry.
2025-01-12T19:22:45.728-0500 [DEBUG] [org.gradle.cache.internal.DefaultFileLockManager] Lock acquired on daemon addresses registry.
2025-01-12T19:22:45.728-0500 [DEBUG] [org.gradle.cache.internal.DefaultFileLockManager] Releasing lock on daemon addresses registry.
2025-01-12T19:22:45.729-0500 [DEBUG] [org.gradle.cache.internal.DefaultFileLockManager] Waiting to acquire shared lock on daemon addresses registry.
2025-01-12T19:22:45.729-0500 [DEBUG] [org.gradle.cache.internal.DefaultFileLockManager] Lock acquired on daemon addresses registry.
2025-01-12T19:22:45.729-0500 [DEBUG] [org.gradle.cache.internal.DefaultFileLockManager] Releasing lock on daemon addresses registry.
2025-01-12T19:22:45.729-0500 [DEBUG] [org.gradle.cache.internal.DefaultFileLockManager] Waiting to acquire shared lock on daemon addresses registry.
2025-01-12T19:22:45.729-0500 [DEBUG] [org.gradle.cache.internal.DefaultFileLockManager] Lock acquired on daemon addresses registry.
2025-01-12T19:22:45.730-0500 [DEBUG] [org.gradle.cache.internal.DefaultFileLockManager] Releasing lock on daemon addresses registry.
2025-01-12T19:22:48.240-0500 [DEBUG] [org.gradle.process.internal.health.memory.DefaultMemoryManager] 3352202444 physical memory requested, 1321803776 free
2025-01-12T19:22:48.240-0500 [DEBUG] [org.gradle.workers.internal.WorkerDaemonExpiration] Will attempt to release 3196 of memory
2025-01-12T19:22:48.240-0500 [DEBUG] [org.gradle.process.internal.health.memory.DefaultMemoryManager] 3352202444 physical memory requested, 0 released, 1321803776 free
2025-01-12T19:22:53.240-0500 [DEBUG] [org.gradle.process.internal.health.memory.DefaultMemoryManager] 3352202444 physical memory requested, 1312813056 free
2025-01-12T19:22:53.240-0500 [DEBUG] [org.gradle.workers.internal.WorkerDaemonExpiration] Will attempt to release 3196 of memory
2025-01-12T19:22:53.240-0500 [DEBUG] [org.gradle.process.internal.health.memory.DefaultMemoryManager] 3352202444 physical memory requested, 0 released, 1312813056 free
2025-01-12T19:22:55.716-0500 [DEBUG] [org.gradle.cache.internal.DefaultFileLockManager] Waiting to acquire shared lock on daemon addresses registry.
2025-01-12T19:22:55.716-0500 [DEBUG] [org.gradle.cache.internal.DefaultFileLockManager] Lock acquired on daemon addresses registry.
2025-01-12T19:22:55.716-0500 [DEBUG] [org.gradle.cache.internal.DefaultFileLockManager] Releasing lock on daemon addresses registry.
2025-01-12T19:22:55.717-0500 [DEBUG] [org.gradle.cache.internal.DefaultFileLockManager] Waiting to acquire shared lock on daemon addresses registry.
2025-01-12T19:22:55.717-0500 [DEBUG] [org.gradle.cache.internal.DefaultFileLockManager] Lock acquired on daemon addresses registry.
2025-01-12T19:22:55.717-0500 [DEBUG] [org.gradle.cache.internal.DefaultFileLockManager] Releasing lock on daemon addresses registry.
2025-01-12T19:22:55.718-0500 [DEBUG] [org.gradle.cache.internal.DefaultFileLockManager] Waiting to acquire shared lock on daemon addresses registry.
2025-01-12T19:22:55.718-0500 [DEBUG] [org.gradle.cache.internal.DefaultFileLockManager] Lock acquired on daemon addresses registry.
2025-01-12T19:22:55.718-0500 [DEBUG] [org.gradle.cache.internal.DefaultFileLockManager] Releasing lock on daemon addresses registry.
2025-01-12T19:22:58.278-0500 [DEBUG] [org.gradle.process.internal.health.memory.DefaultMemoryManager] 3352202444 physical memory requested, 1262899200 free
2025-01-12T19:22:58.278-0500 [DEBUG] [org.gradle.workers.internal.WorkerDaemonExpiration] Will attempt to release 3196 of memory
2025-01-12T19:22:58.278-0500 [DEBUG] [org.gradle.process.internal.health.memory.DefaultMemoryManager] 3352202444 physical memory requested, 0 released, 1262899200 free
2025-01-12T19:23:03.242-0500 [DEBUG] [org.gradle.process.internal.health.memory.DefaultMemoryManager] 3352202444 physical memory requested, 1275969536 free
2025-01-12T19:23:03.242-0500 [DEBUG] [org.gradle.workers.internal.WorkerDaemonExpiration] Will attempt to release 3196 of memory
2025-01-12T19:23:03.242-0500 [DEBUG] [org.gradle.process.internal.health.memory.DefaultMemoryManager] 3352202444 physical memory requested, 0 released, 1275969536 free
2025-01-12T19:23:05.717-0500 [DEBUG] [org.gradle.cache.internal.DefaultFileLockManager] Waiting to acquire shared lock on daemon addresses registry.
2025-01-12T19:23:05.717-0500 [DEBUG] [org.gradle.cache.internal.DefaultFileLockManager] Lock acquired on daemon addresses registry.
2025-01-12T19:23:05.717-0500 [DEBUG] [org.gradle.cache.internal.DefaultFileLockManager] Releasing lock on daemon addresses registry.
2025-01-12T19:23:05.718-0500 [DEBUG] [org.gradle.cache.internal.DefaultFileLockManager] Waiting to acquire shared lock on daemon addresses registry.
2025-01-12T19:23:05.718-0500 [DEBUG] [org.gradle.cache.internal.DefaultFileLockManager] Lock acquired on daemon addresses registry.
2025-01-12T19:23:05.718-0500 [DEBUG] [org.gradle.cache.internal.DefaultFileLockManager] Releasing lock on daemon addresses registry.
2025-01-12T19:23:05.719-0500 [DEBUG] [org.gradle.cache.internal.DefaultFileLockManager] Waiting to acquire shared lock on daemon addresses registry.
2025-01-12T19:23:05.719-0500 [DEBUG] [org.gradle.cache.internal.DefaultFileLockManager] Lock acquired on daemon addresses registry.
2025-01-12T19:23:05.719-0500 [DEBUG] [org.gradle.cache.internal.DefaultFileLockManager] Releasing lock on daemon addresses registry.
2025-01-12T19:23:08.242-0500 [DEBUG] [org.gradle.process.internal.health.memory.DefaultMemoryManager] 3352202444 physical memory requested, 1233395712 free
2025-01-12T19:23:08.242-0500 [DEBUG] [org.gradle.workers.internal.WorkerDaemonExpiration] Will attempt to release 3196 of memory
2025-01-12T19:23:08.242-0500 [DEBUG] [org.gradle.process.internal.health.memory.DefaultMemoryManager] 3352202444 physical memory requested, 0 released, 1233395712 free
2025-01-12T19:23:13.244-0500 [DEBUG] [org.gradle.process.internal.health.memory.DefaultMemoryManager] 3352202444 physical memory requested, 1214275584 free
2025-01-12T19:23:13.245-0500 [DEBUG] [org.gradle.workers.internal.WorkerDaemonExpiration] Will attempt to release 3196 of memory
2025-01-12T19:23:13.245-0500 [DEBUG] [org.gradle.process.internal.health.memory.DefaultMemoryManager] 3352202444 physical memory requested, 0 released, 1214275584 free
2025-01-12T19:23:15.725-0500 [DEBUG] [org.gradle.cache.internal.DefaultFileLockManager] Waiting to acquire shared lock on daemon addresses registry.
2025-01-12T19:23:15.725-0500 [DEBUG] [org.gradle.cache.internal.DefaultFileLockManager] Lock acquired on daemon addresses registry.
2025-01-12T19:23:15.725-0500 [DEBUG] [org.gradle.cache.internal.DefaultFileLockManager] Releasing lock on daemon addresses registry.
2025-01-12T19:23:15.726-0500 [DEBUG] [org.gradle.cache.internal.DefaultFileLockManager] Waiting to acquire shared lock on daemon addresses registry.
2025-01-12T19:23:15.726-0500 [DEBUG] [org.gradle.cache.internal.DefaultFileLockManager] Lock acquired on daemon addresses registry.
2025-01-12T19:23:15.726-0500 [DEBUG] [org.gradle.cache.internal.DefaultFileLockManager] Releasing lock on daemon addresses registry.
2025-01-12T19:23:15.727-0500 [DEBUG] [org.gradle.cache.internal.DefaultFileLockManager] Waiting to acquire shared lock on daemon addresses registry.
2025-01-12T19:23:15.727-0500 [DEBUG] [org.gradle.cache.internal.DefaultFileLockManager] Lock acquired on daemon addresses registry.
2025-01-12T19:23:15.727-0500 [DEBUG] [org.gradle.cache.internal.DefaultFileLockManager] Releasing lock on daemon addresses registry.
2025-01-12T19:23:18.244-0500 [DEBUG] [org.gradle.process.internal.health.memory.DefaultMemoryManager] 3352202444 physical memory requested, 1292800000 free
2025-01-12T19:23:18.244-0500 [DEBUG] [org.gradle.workers.internal.WorkerDaemonExpiration] Will attempt to release 3196 of memory
2025-01-12T19:23:18.244-0500 [DEBUG] [org.gradle.process.internal.health.memory.DefaultMemoryManager] 3352202444 physical memory requested, 0 released, 1292800000 free
2025-01-12T19:23:23.249-0500 [DEBUG] [org.gradle.process.internal.health.memory.DefaultMemoryManager] 3352202444 physical memory requested, 1263988736 free
2025-01-12T19:23:23.249-0500 [DEBUG] [org.gradle.workers.internal.WorkerDaemonExpiration] Will attempt to release 3196 of memory
2025-01-12T19:23:23.249-0500 [DEBUG] [org.gradle.process.internal.health.memory.DefaultMemoryManager] 3352202444 physical memory requested, 0 released, 1263988736 free
2025-01-12T19:23:25.715-0500 [DEBUG] [org.gradle.cache.internal.DefaultFileLockManager] Waiting to acquire shared lock on daemon addresses registry.
2025-01-12T19:23:25.715-0500 [DEBUG] [org.gradle.cache.internal.DefaultFileLockManager] Lock acquired on daemon addresses registry.
2025-01-12T19:23:25.716-0500 [DEBUG] [org.gradle.cache.internal.DefaultFileLockManager] Releasing lock on daemon addresses registry.
2025-01-12T19:23:25.716-0500 [DEBUG] [org.gradle.cache.internal.DefaultFileLockManager] Waiting to acquire shared lock on daemon addresses registry.
2025-01-12T19:23:25.716-0500 [DEBUG] [org.gradle.cache.internal.DefaultFileLockManager] Lock acquired on daemon addresses registry.
2025-01-12T19:23:25.717-0500 [DEBUG] [org.gradle.cache.internal.DefaultFileLockManager] Releasing lock on daemon addresses registry.
2025-01-12T19:23:25.717-0500 [DEBUG] [org.gradle.cache.internal.DefaultFileLockManager] Waiting to acquire shared lock on daemon addresses registry.
2025-01-12T19:23:25.717-0500 [DEBUG] [org.gradle.cache.internal.DefaultFileLockManager] Lock acquired on daemon addresses registry.
2025-01-12T19:23:25.717-0500 [DEBUG] [org.gradle.cache.internal.DefaultFileLockManager] Releasing lock on daemon addresses registry.
2025-01-12T19:23:28.257-0500 [DEBUG] [org.gradle.process.internal.health.memory.DefaultMemoryManager] 3352202444 physical memory requested, 1242361856 free
2025-01-12T19:23:28.257-0500 [DEBUG] [org.gradle.workers.internal.WorkerDaemonExpiration] Will attempt to release 3196 of memory
2025-01-12T19:23:28.257-0500 [DEBUG] [org.gradle.process.internal.health.memory.DefaultMemoryManager] 3352202444 physical memory requested, 0 released, 1242361856 free
2025-01-12T19:23:33.246-0500 [DEBUG] [org.gradle.process.internal.health.memory.DefaultMemoryManager] 3352202444 physical memory requested, 1178374144 free
2025-01-12T19:23:33.246-0500 [DEBUG] [org.gradle.workers.internal.WorkerDaemonExpiration] Will attempt to release 3196 of memory
2025-01-12T19:23:33.246-0500 [DEBUG] [org.gradle.process.internal.health.memory.DefaultMemoryManager] 3352202444 physical memory requested, 0 released, 1178374144 free
2025-01-12T19:23:35.722-0500 [DEBUG] [org.gradle.cache.internal.DefaultFileLockManager] Waiting to acquire shared lock on daemon addresses registry.
2025-01-12T19:23:35.722-0500 [DEBUG] [org.gradle.cache.internal.DefaultFileLockManager] Lock acquired on daemon addresses registry.
2025-01-12T19:23:35.722-0500 [DEBUG] [org.gradle.cache.internal.DefaultFileLockManager] Releasing lock on daemon addresses registry.
2025-01-12T19:23:35.723-0500 [DEBUG] [org.gradle.cache.internal.DefaultFileLockManager] Waiting to acquire shared lock on daemon addresses registry.
2025-01-12T19:23:35.723-0500 [DEBUG] [org.gradle.cache.internal.DefaultFileLockManager] Lock acquired on daemon addresses registry.
2025-01-12T19:23:35.723-0500 [DEBUG] [org.gradle.cache.internal.DefaultFileLockManager] Releasing lock on daemon addresses registry.
2025-01-12T19:23:35.725-0500 [DEBUG] [org.gradle.cache.internal.DefaultFileLockManager] Waiting to acquire shared lock on daemon addresses registry.
2025-01-12T19:23:35.725-0500 [DEBUG] [org.gradle.cache.internal.DefaultFileLockManager] Lock acquired on daemon addresses registry.
2025-01-12T19:23:35.725-0500 [DEBUG] [org.gradle.cache.internal.DefaultFileLockManager] Releasing lock on daemon addresses registry.
2025-01-12T19:23:38.252-0500 [DEBUG] [org.gradle.process.internal.health.memory.DefaultMemoryManager] 3352202444 physical memory requested, 1177071616 free
2025-01-12T19:23:38.252-0500 [DEBUG] [org.gradle.workers.internal.WorkerDaemonExpiration] Will attempt to release 3196 of memory
2025-01-12T19:23:38.252-0500 [DEBUG] [org.gradle.process.internal.health.memory.DefaultMemoryManager] 3352202444 physical memory requested, 0 released, 1177071616 free
2025-01-12T19:23:43.251-0500 [DEBUG] [org.gradle.process.internal.health.memory.DefaultMemoryManager] 3352202444 physical memory requested, 968167424 free
2025-01-12T19:23:43.251-0500 [DEBUG] [org.gradle.workers.internal.WorkerDaemonExpiration] Will attempt to release 3196 of memory
2025-01-12T19:23:43.251-0500 [DEBUG] [org.gradle.process.internal.health.memory.DefaultMemoryManager] 3352202444 physical memory requested, 0 released, 968167424 free
2025-01-12T19:23:45.721-0500 [DEBUG] [org.gradle.cache.internal.DefaultFileLockManager] Waiting to acquire shared lock on daemon addresses registry.
2025-01-12T19:23:45.721-0500 [DEBUG] [org.gradle.cache.internal.DefaultFileLockManager] Lock acquired on daemon addresses registry.
2025-01-12T19:23:45.721-0500 [DEBUG] [org.gradle.cache.internal.DefaultFileLockManager] Releasing lock on daemon addresses registry.
2025-01-12T19:23:45.721-0500 [DEBUG] [org.gradle.cache.internal.DefaultFileLockManager] Waiting to acquire shared lock on daemon addresses registry.
2025-01-12T19:23:45.721-0500 [DEBUG] [org.gradle.cache.internal.DefaultFileLockManager] Lock acquired on daemon addresses registry.
2025-01-12T19:23:45.722-0500 [DEBUG] [org.gradle.cache.internal.DefaultFileLockManager] Releasing lock on daemon addresses registry.
2025-01-12T19:23:45.722-0500 [DEBUG] [org.gradle.cache.internal.DefaultFileLockManager] Waiting to acquire shared lock on daemon addresses registry.
2025-01-12T19:23:45.722-0500 [DEBUG] [org.gradle.cache.internal.DefaultFileLockManager] Lock acquired on daemon addresses registry.
2025-01-12T19:23:45.722-0500 [DEBUG] [org.gradle.cache.internal.DefaultFileLockManager] Releasing lock on daemon addresses registry.
2025-01-12T19:23:48.239-0500 [DEBUG] [org.gradle.process.internal.health.memory.DefaultMemoryManager] 3352202444 physical memory requested, 1020063744 free
2025-01-12T19:23:48.239-0500 [DEBUG] [org.gradle.workers.internal.WorkerDaemonExpiration] Will attempt to release 3196 of memory
2025-01-12T19:23:48.239-0500 [DEBUG] [org.gradle.process.internal.health.memory.DefaultMemoryManager] 3352202444 physical memory requested, 0 released, 1020063744 free
2025-01-12T19:23:53.249-0500 [DEBUG] [org.gradle.process.internal.health.memory.DefaultMemoryManager] 3352202444 physical memory requested, 1037201408 free
2025-01-12T19:23:53.250-0500 [DEBUG] [org.gradle.workers.internal.WorkerDaemonExpiration] Will attempt to release 3196 of memory
2025-01-12T19:23:53.250-0500 [DEBUG] [org.gradle.process.internal.health.memory.DefaultMemoryManager] 3352202444 physical memory requested, 0 released, 1037201408 free
2025-01-12T19:23:55.726-0500 [DEBUG] [org.gradle.cache.internal.DefaultFileLockManager] Waiting to acquire shared lock on daemon addresses registry.
2025-01-12T19:23:55.726-0500 [DEBUG] [org.gradle.cache.internal.DefaultFileLockManager] Lock acquired on daemon addresses registry.
2025-01-12T19:23:55.726-0500 [DEBUG] [org.gradle.cache.internal.DefaultFileLockManager] Releasing lock on daemon addresses registry.
2025-01-12T19:23:55.727-0500 [DEBUG] [org.gradle.cache.internal.DefaultFileLockManager] Waiting to acquire shared lock on daemon addresses registry.
2025-01-12T19:23:55.727-0500 [DEBUG] [org.gradle.cache.internal.DefaultFileLockManager] Lock acquired on daemon addresses registry.
2025-01-12T19:23:55.727-0500 [DEBUG] [org.gradle.cache.internal.DefaultFileLockManager] Releasing lock on daemon addresses registry.
2025-01-12T19:23:55.728-0500 [DEBUG] [org.gradle.cache.internal.DefaultFileLockManager] Waiting to acquire shared lock on daemon addresses registry.
2025-01-12T19:23:55.728-0500 [DEBUG] [org.gradle.cache.internal.DefaultFileLockManager] Lock acquired on daemon addresses registry.
2025-01-12T19:23:55.728-0500 [DEBUG] [org.gradle.cache.internal.DefaultFileLockManager] Releasing lock on daemon addresses registry.
2025-01-12T19:23:58.239-0500 [DEBUG] [org.gradle.process.internal.health.memory.DefaultMemoryManager] 3352202444 physical memory requested, 1058316288 free
2025-01-12T19:23:58.239-0500 [DEBUG] [org.gradle.workers.internal.WorkerDaemonExpiration] Will attempt to release 3196 of memory
2025-01-12T19:23:58.239-0500 [DEBUG] [org.gradle.process.internal.health.memory.DefaultMemoryManager] 3352202444 physical memory requested, 0 released, 1058316288 free
2025-01-12T19:24:03.250-0500 [DEBUG] [org.gradle.process.internal.health.memory.DefaultMemoryManager] 3352202444 physical memory requested, 963563520 free
2025-01-12T19:24:03.250-0500 [DEBUG] [org.gradle.workers.internal.WorkerDaemonExpiration] Will attempt to release 3196 of memory
2025-01-12T19:24:03.250-0500 [DEBUG] [org.gradle.process.internal.health.memory.DefaultMemoryManager] 3352202444 physical memory requested, 0 released, 963563520 free
2025-01-12T19:24:05.719-0500 [DEBUG] [org.gradle.cache.internal.DefaultFileLockManager] Waiting to acquire shared lock on daemon addresses registry.
2025-01-12T19:24:05.719-0500 [DEBUG] [org.gradle.cache.internal.DefaultFileLockManager] Lock acquired on daemon addresses registry.
2025-01-12T19:24:05.719-0500 [DEBUG] [org.gradle.cache.internal.DefaultFileLockManager] Releasing lock on daemon addresses registry.
2025-01-12T19:24:05.720-0500 [DEBUG] [org.gradle.cache.internal.DefaultFileLockManager] Waiting to acquire shared lock on daemon addresses registry.
2025-01-12T19:24:05.720-0500 [DEBUG] [org.gradle.cache.internal.DefaultFileLockManager] Lock acquired on daemon addresses registry.
2025-01-12T19:24:05.720-0500 [DEBUG] [org.gradle.cache.internal.DefaultFileLockManager] Releasing lock on daemon addresses registry.
2025-01-12T19:24:05.721-0500 [DEBUG] [org.gradle.cache.internal.DefaultFileLockManager] Waiting to acquire shared lock on daemon addresses registry.
2025-01-12T19:24:05.721-0500 [DEBUG] [org.gradle.cache.internal.DefaultFileLockManager] Lock acquired on daemon addresses registry.
2025-01-12T19:24:05.722-0500 [DEBUG] [org.gradle.cache.internal.DefaultFileLockManager] Releasing lock on daemon addresses registry.
2025-01-12T19:24:08.247-0500 [DEBUG] [org.gradle.process.internal.health.memory.DefaultMemoryManager] 3352202444 physical memory requested, 971165696 free
2025-01-12T19:24:08.247-0500 [DEBUG] [org.gradle.workers.internal.WorkerDaemonExpiration] Will attempt to release 3196 of memory
2025-01-12T19:24:08.247-0500 [DEBUG] [org.gradle.process.internal.health.memory.DefaultMemoryManager] 3352202444 physical memory requested, 0 released, 971165696 free
2025-01-12T19:24:13.255-0500 [DEBUG] [org.gradle.process.internal.health.memory.DefaultMemoryManager] 3352202444 physical memory requested, 944148480 free
2025-01-12T19:24:13.255-0500 [DEBUG] [org.gradle.workers.internal.WorkerDaemonExpiration] Will attempt to release 3196 of memory
2025-01-12T19:24:13.255-0500 [DEBUG] [org.gradle.process.internal.health.memory.DefaultMemoryManager] 3352202444 physical memory requested, 0 released, 944148480 free
2025-01-12T19:24:15.728-0500 [DEBUG] [org.gradle.cache.internal.DefaultFileLockManager] Waiting to acquire shared lock on daemon addresses registry.
2025-01-12T19:24:15.728-0500 [DEBUG] [org.gradle.cache.internal.DefaultFileLockManager] Lock acquired on daemon addresses registry.
2025-01-12T19:24:15.729-0500 [DEBUG] [org.gradle.cache.internal.DefaultFileLockManager] Releasing lock on daemon addresses registry.
2025-01-12T19:24:15.730-0500 [DEBUG] [org.gradle.cache.internal.DefaultFileLockManager] Waiting to acquire shared lock on daemon addresses registry.
2025-01-12T19:24:15.730-0500 [DEBUG] [org.gradle.cache.internal.DefaultFileLockManager] Lock acquired on daemon addresses registry.
2025-01-12T19:24:15.730-0500 [DEBUG] [org.gradle.cache.internal.DefaultFileLockManager] Releasing lock on daemon addresses registry.
2025-01-12T19:24:15.731-0500 [DEBUG] [org.gradle.cache.internal.DefaultFileLockManager] Waiting to acquire shared lock on daemon addresses registry.
2025-01-12T19:24:15.731-0500 [DEBUG] [org.gradle.cache.internal.DefaultFileLockManager] Lock acquired on daemon addresses registry.
2025-01-12T19:24:15.731-0500 [DEBUG] [org.gradle.cache.internal.DefaultFileLockManager] Releasing lock on daemon addresses registry.
2025-01-12T19:24:18.242-0500 [DEBUG] [org.gradle.process.internal.health.memory.DefaultMemoryManager] 3352202444 physical memory requested, 933076992 free
2025-01-12T19:24:18.242-0500 [DEBUG] [org.gradle.workers.internal.WorkerDaemonExpiration] Will attempt to release 3196 of memory
2025-01-12T19:24:18.242-0500 [DEBUG] [org.gradle.process.internal.health.memory.DefaultMemoryManager] 3352202444 physical memory requested, 0 released, 933076992 free
2025-01-12T19:24:23.247-0500 [DEBUG] [org.gradle.process.internal.health.memory.DefaultMemoryManager] 3352202444 physical memory requested, 985321472 free
2025-01-12T19:24:23.247-0500 [DEBUG] [org.gradle.workers.internal.WorkerDaemonExpiration] Will attempt to release 3196 of memory
2025-01-12T19:24:23.247-0500 [DEBUG] [org.gradle.process.internal.health.memory.DefaultMemoryManager] 3352202444 physical memory requested, 0 released, 985321472 free
2025-01-12T19:24:25.726-0500 [DEBUG] [org.gradle.cache.internal.DefaultFileLockManager] Waiting to acquire shared lock on daemon addresses registry.
2025-01-12T19:24:25.726-0500 [DEBUG] [org.gradle.cache.internal.DefaultFileLockManager] Lock acquired on daemon addresses registry.
2025-01-12T19:24:25.727-0500 [DEBUG] [org.gradle.cache.internal.DefaultFileLockManager] Releasing lock on daemon addresses registry.
2025-01-12T19:24:25.727-0500 [DEBUG] [org.gradle.cache.internal.DefaultFileLockManager] Waiting to acquire shared lock on daemon addresses registry.
2025-01-12T19:24:25.728-0500 [DEBUG] [org.gradle.cache.internal.DefaultFileLockManager] Lock acquired on daemon addresses registry.
2025-01-12T19:24:25.728-0500 [DEBUG] [org.gradle.cache.internal.DefaultFileLockManager] Releasing lock on daemon addresses registry.
2025-01-12T19:24:25.728-0500 [DEBUG] [org.gradle.cache.internal.DefaultFileLockManager] Waiting to acquire shared lock on daemon addresses registry.
2025-01-12T19:24:25.728-0500 [DEBUG] [org.gradle.cache.internal.DefaultFileLockManager] Lock acquired on daemon addresses registry.
2025-01-12T19:24:25.728-0500 [DEBUG] [org.gradle.cache.internal.DefaultFileLockManager] Releasing lock on daemon addresses registry.
2025-01-12T19:24:28.252-0500 [DEBUG] [org.gradle.process.internal.health.memory.DefaultMemoryManager] 3352202444 physical memory requested, 969076736 free
2025-01-12T19:24:28.252-0500 [DEBUG] [org.gradle.workers.internal.WorkerDaemonExpiration] Will attempt to release 3196 of memory
2025-01-12T19:24:28.252-0500 [DEBUG] [org.gradle.process.internal.health.memory.DefaultMemoryManager] 3352202444 physical memory requested, 0 released, 969076736 free
2025-01-12T19:24:33.250-0500 [DEBUG] [org.gradle.process.internal.health.memory.DefaultMemoryManager] 3352202444 physical memory requested, 1022947328 free
2025-01-12T19:24:33.250-0500 [DEBUG] [org.gradle.workers.internal.WorkerDaemonExpiration] Will attempt to release 3196 of memory
2025-01-12T19:24:33.250-0500 [DEBUG] [org.gradle.process.internal.health.memory.DefaultMemoryManager] 3352202444 physical memory requested, 0 released, 1022947328 free
2025-01-12T19:24:35.728-0500 [DEBUG] [org.gradle.cache.internal.DefaultFileLockManager] Waiting to acquire shared lock on daemon addresses registry.
2025-01-12T19:24:35.728-0500 [DEBUG] [org.gradle.cache.internal.DefaultFileLockManager] Lock acquired on daemon addresses registry.
2025-01-12T19:24:35.728-0500 [DEBUG] [org.gradle.cache.internal.DefaultFileLockManager] Releasing lock on daemon addresses registry.
2025-01-12T19:24:35.729-0500 [DEBUG] [org.gradle.cache.internal.DefaultFileLockManager] Waiting to acquire shared lock on daemon addresses registry.
2025-01-12T19:24:35.729-0500 [DEBUG] [org.gradle.cache.internal.DefaultFileLockManager] Lock acquired on daemon addresses registry.
2025-01-12T19:24:35.729-0500 [DEBUG] [org.gradle.cache.internal.DefaultFileLockManager] Releasing lock on daemon addresses registry.
2025-01-12T19:24:35.730-0500 [DEBUG] [org.gradle.cache.internal.DefaultFileLockManager] Waiting to acquire shared lock on daemon addresses registry.
2025-01-12T19:24:35.730-0500 [DEBUG] [org.gradle.cache.internal.DefaultFileLockManager] Lock acquired on daemon addresses registry.
2025-01-12T19:24:35.730-0500 [DEBUG] [org.gradle.cache.internal.DefaultFileLockManager] Releasing lock on daemon addresses registry.
2025-01-12T19:24:38.239-0500 [DEBUG] [org.gradle.process.internal.health.memory.DefaultMemoryManager] 3352202444 physical memory requested, 1026908160 free
2025-01-12T19:24:38.239-0500 [DEBUG] [org.gradle.workers.internal.WorkerDaemonExpiration] Will attempt to release 3196 of memory
2025-01-12T19:24:38.239-0500 [DEBUG] [org.gradle.process.internal.health.memory.DefaultMemoryManager] 3352202444 physical memory requested, 0 released, 1026908160 free
2025-01-12T19:24:43.251-0500 [DEBUG] [org.gradle.process.internal.health.memory.DefaultMemoryManager] 3352202444 physical memory requested, 1003507712 free
2025-01-12T19:24:43.252-0500 [DEBUG] [org.gradle.workers.internal.WorkerDaemonExpiration] Will attempt to release 3196 of memory
2025-01-12T19:24:43.252-0500 [DEBUG] [org.gradle.process.internal.health.memory.DefaultMemoryManager] 3352202444 physical memory requested, 0 released, 1003507712 free
2025-01-12T19:24:45.722-0500 [DEBUG] [org.gradle.cache.internal.DefaultFileLockManager] Waiting to acquire shared lock on daemon addresses registry.
2025-01-12T19:24:45.722-0500 [DEBUG] [org.gradle.cache.internal.DefaultFileLockManager] Lock acquired on daemon addresses registry.
2025-01-12T19:24:45.722-0500 [DEBUG] [org.gradle.cache.internal.DefaultFileLockManager] Releasing lock on daemon addresses registry.
2025-01-12T19:24:45.723-0500 [DEBUG] [org.gradle.cache.internal.DefaultFileLockManager] Waiting to acquire shared lock on daemon addresses registry.
2025-01-12T19:24:45.723-0500 [DEBUG] [org.gradle.cache.internal.DefaultFileLockManager] Lock acquired on daemon addresses registry.
2025-01-12T19:24:45.723-0500 [DEBUG] [org.gradle.cache.internal.DefaultFileLockManager] Releasing lock on daemon addresses registry.
2025-01-12T19:24:45.724-0500 [DEBUG] [org.gradle.cache.internal.DefaultFileLockManager] Waiting to acquire shared lock on daemon addresses registry.
2025-01-12T19:24:45.724-0500 [DEBUG] [org.gradle.cache.internal.DefaultFileLockManager] Lock acquired on daemon addresses registry.
2025-01-12T19:24:45.724-0500 [DEBUG] [org.gradle.cache.internal.DefaultFileLockManager] Releasing lock on daemon addresses registry.
2025-01-12T19:24:48.251-0500 [DEBUG] [org.gradle.process.internal.health.memory.DefaultMemoryManager] 3352202444 physical memory requested, 1033138176 free
2025-01-12T19:24:48.252-0500 [DEBUG] [org.gradle.workers.internal.WorkerDaemonExpiration] Will attempt to release 3196 of memory
2025-01-12T19:24:48.252-0500 [DEBUG] [org.gradle.process.internal.health.memory.DefaultMemoryManager] 3352202444 physical memory requested, 0 released, 1033138176 free
2025-01-12T19:24:53.241-0500 [DEBUG] [org.gradle.process.internal.health.memory.DefaultMemoryManager] 3352202444 physical memory requested, 1069195264 free
2025-01-12T19:24:53.241-0500 [DEBUG] [org.gradle.workers.internal.WorkerDaemonExpiration] Will attempt to release 3196 of memory
2025-01-12T19:24:53.241-0500 [DEBUG] [org.gradle.process.internal.health.memory.DefaultMemoryManager] 3352202444 physical memory requested, 0 released, 1069195264 free
2025-01-12T19:24:55.724-0500 [DEBUG] [org.gradle.cache.internal.DefaultFileLockManager] Waiting to acquire shared lock on daemon addresses registry.
2025-01-12T19:24:55.724-0500 [DEBUG] [org.gradle.cache.internal.DefaultFileLockManager] Lock acquired on daemon addresses registry.
2025-01-12T19:24:55.724-0500 [DEBUG] [org.gradle.cache.internal.DefaultFileLockManager] Releasing lock on daemon addresses registry.
2025-01-12T19:24:55.725-0500 [DEBUG] [org.gradle.cache.internal.DefaultFileLockManager] Waiting to acquire shared lock on daemon addresses registry.
2025-01-12T19:24:55.725-0500 [DEBUG] [org.gradle.cache.internal.DefaultFileLockManager] Lock acquired on daemon addresses registry.
2025-01-12T19:24:55.725-0500 [DEBUG] [org.gradle.cache.internal.DefaultFileLockManager] Releasing lock on daemon addresses registry.
2025-01-12T19:24:55.725-0500 [DEBUG] [org.gradle.cache.internal.DefaultFileLockManager] Waiting to acquire shared lock on daemon addresses registry.
2025-01-12T19:24:55.725-0500 [DEBUG] [org.gradle.cache.internal.DefaultFileLockManager] Lock acquired on daemon addresses registry.
2025-01-12T19:24:55.726-0500 [DEBUG] [org.gradle.cache.internal.DefaultFileLockManager] Releasing lock on daemon addresses registry.
2025-01-12T19:24:58.254-0500 [DEBUG] [org.gradle.process.internal.health.memory.DefaultMemoryManager] 3352202444 physical memory requested, 1060704256 free
2025-01-12T19:24:58.254-0500 [DEBUG] [org.gradle.workers.internal.WorkerDaemonExpiration] Will attempt to release 3196 of memory
2025-01-12T19:24:58.254-0500 [DEBUG] [org.gradle.process.internal.health.memory.DefaultMemoryManager] 3352202444 physical memory requested, 0 released, 1060704256 free
2025-01-12T19:25:03.243-0500 [DEBUG] [org.gradle.process.internal.health.memory.DefaultMemoryManager] 3352202444 physical memory requested, 1065648128 free
2025-01-12T19:25:03.243-0500 [DEBUG] [org.gradle.workers.internal.WorkerDaemonExpiration] Will attempt to release 3196 of memory
2025-01-12T19:25:03.243-0500 [DEBUG] [org.gradle.process.internal.health.memory.DefaultMemoryManager] 3352202444 physical memory requested, 0 released, 1065648128 free
2025-01-12T19:25:05.721-0500 [DEBUG] [org.gradle.cache.internal.DefaultFileLockManager] Waiting to acquire shared lock on daemon addresses registry.
2025-01-12T19:25:05.721-0500 [DEBUG] [org.gradle.cache.internal.DefaultFileLockManager] Lock acquired on daemon addresses registry.
2025-01-12T19:25:05.721-0500 [DEBUG] [org.gradle.cache.internal.DefaultFileLockManager] Releasing lock on daemon addresses registry.
2025-01-12T19:25:05.722-0500 [DEBUG] [org.gradle.cache.internal.DefaultFileLockManager] Waiting to acquire shared lock on daemon addresses registry.
2025-01-12T19:25:05.722-0500 [DEBUG] [org.gradle.cache.internal.DefaultFileLockManager] Lock acquired on daemon addresses registry.
2025-01-12T19:25:05.722-0500 [DEBUG] [org.gradle.cache.internal.DefaultFileLockManager] Releasing lock on daemon addresses registry.
2025-01-12T19:25:05.722-0500 [DEBUG] [org.gradle.cache.internal.DefaultFileLockManager] Waiting to acquire shared lock on daemon addresses registry.
2025-01-12T19:25:05.722-0500 [DEBUG] [org.gradle.cache.internal.DefaultFileLockManager] Lock acquired on daemon addresses registry.
2025-01-12T19:25:05.722-0500 [DEBUG] [org.gradle.cache.internal.DefaultFileLockManager] Releasing lock on daemon addresses registry.
2025-01-12T19:25:08.248-0500 [DEBUG] [org.gradle.process.internal.health.memory.DefaultMemoryManager] 3352202444 physical memory requested, 1052868608 free
2025-01-12T19:25:08.248-0500 [DEBUG] [org.gradle.workers.internal.WorkerDaemonExpiration] Will attempt to release 3196 of memory
2025-01-12T19:25:08.248-0500 [DEBUG] [org.gradle.process.internal.health.memory.DefaultMemoryManager] 3352202444 physical memory requested, 0 released, 1052868608 free
2025-01-12T19:25:13.241-0500 [DEBUG] [org.gradle.process.internal.health.memory.DefaultMemoryManager] 3352202444 physical memory requested, 1058160640 free
2025-01-12T19:25:13.241-0500 [DEBUG] [org.gradle.workers.internal.WorkerDaemonExpiration] Will attempt to release 3196 of memory
2025-01-12T19:25:13.241-0500 [DEBUG] [org.gradle.process.internal.health.memory.DefaultMemoryManager] 3352202444 physical memory requested, 0 released, 1058160640 free
2025-01-12T19:25:15.725-0500 [DEBUG] [org.gradle.cache.internal.DefaultFileLockManager] Waiting to acquire shared lock on daemon addresses registry.
2025-01-12T19:25:15.725-0500 [DEBUG] [org.gradle.cache.internal.DefaultFileLockManager] Lock acquired on daemon addresses registry.
2025-01-12T19:25:15.726-0500 [DEBUG] [org.gradle.cache.internal.DefaultFileLockManager] Releasing lock on daemon addresses registry.
2025-01-12T19:25:15.726-0500 [DEBUG] [org.gradle.cache.internal.DefaultFileLockManager] Waiting to acquire shared lock on daemon addresses registry.
2025-01-12T19:25:15.726-0500 [DEBUG] [org.gradle.cache.internal.DefaultFileLockManager] Lock acquired on daemon addresses registry.
2025-01-12T19:25:15.727-0500 [DEBUG] [org.gradle.cache.internal.DefaultFileLockManager] Releasing lock on daemon addresses registry.
2025-01-12T19:25:15.727-0500 [DEBUG] [org.gradle.cache.internal.DefaultFileLockManager] Waiting to acquire shared lock on daemon addresses registry.
2025-01-12T19:25:15.727-0500 [DEBUG] [org.gradle.cache.internal.DefaultFileLockManager] Lock acquired on daemon addresses registry.
2025-01-12T19:25:15.727-0500 [DEBUG] [org.gradle.cache.internal.DefaultFileLockManager] Releasing lock on daemon addresses registry.
2025-01-12T19:25:18.241-0500 [DEBUG] [org.gradle.process.internal.health.memory.DefaultMemoryManager] 3352202444 physical memory requested, 1048002560 free
2025-01-12T19:25:18.241-0500 [DEBUG] [org.gradle.workers.internal.WorkerDaemonExpiration] Will attempt to release 3196 of memory
2025-01-12T19:25:18.241-0500 [DEBUG] [org.gradle.process.internal.health.memory.DefaultMemoryManager] 3352202444 physical memory requested, 0 released, 1048002560 free
2025-01-12T19:25:23.248-0500 [DEBUG] [org.gradle.process.internal.health.memory.DefaultMemoryManager] 3352202444 physical memory requested, 1013723136 free
2025-01-12T19:25:23.248-0500 [DEBUG] [org.gradle.workers.internal.WorkerDaemonExpiration] Will attempt to release 3196 of memory
2025-01-12T19:25:23.248-0500 [DEBUG] [org.gradle.process.internal.health.memory.DefaultMemoryManager] 3352202444 physical memory requested, 0 released, 1013723136 free
2025-01-12T19:25:25.726-0500 [DEBUG] [org.gradle.cache.internal.DefaultFileLockManager] Waiting to acquire shared lock on daemon addresses registry.
2025-01-12T19:25:25.727-0500 [DEBUG] [org.gradle.cache.internal.DefaultFileLockManager] Lock acquired on daemon addresses registry.
2025-01-12T19:25:25.727-0500 [DEBUG] [org.gradle.cache.internal.DefaultFileLockManager] Releasing lock on daemon addresses registry.
2025-01-12T19:25:25.728-0500 [DEBUG] [org.gradle.cache.internal.DefaultFileLockManager] Waiting to acquire shared lock on daemon addresses registry.
2025-01-12T19:25:25.728-0500 [DEBUG] [org.gradle.cache.internal.DefaultFileLockManager] Lock acquired on daemon addresses registry.
2025-01-12T19:25:25.728-0500 [DEBUG] [org.gradle.cache.internal.DefaultFileLockManager] Releasing lock on daemon addresses registry.
2025-01-12T19:25:25.729-0500 [DEBUG] [org.gradle.cache.internal.DefaultFileLockManager] Waiting to acquire shared lock on daemon addresses registry.
2025-01-12T19:25:25.729-0500 [DEBUG] [org.gradle.cache.internal.DefaultFileLockManager] Lock acquired on daemon addresses registry.
2025-01-12T19:25:25.729-0500 [DEBUG] [org.gradle.cache.internal.DefaultFileLockManager] Releasing lock on daemon addresses registry.
2025-01-12T19:25:28.242-0500 [DEBUG] [org.gradle.process.internal.health.memory.DefaultMemoryManager] 3352202444 physical memory requested, 1165905920 free
2025-01-12T19:25:28.242-0500 [DEBUG] [org.gradle.workers.internal.WorkerDaemonExpiration] Will attempt to release 3196 of memory
2025-01-12T19:25:28.242-0500 [DEBUG] [org.gradle.process.internal.health.memory.DefaultMemoryManager] 3352202444 physical memory requested, 0 released, 1165905920 free
2025-01-12T19:25:33.251-0500 [DEBUG] [org.gradle.process.internal.health.memory.DefaultMemoryManager] 3352202444 physical memory requested, 1016193024 free
2025-01-12T19:25:33.251-0500 [DEBUG] [org.gradle.workers.internal.WorkerDaemonExpiration] Will attempt to release 3196 of memory
2025-01-12T19:25:33.251-0500 [DEBUG] [org.gradle.process.internal.health.memory.DefaultMemoryManager] 3352202444 physical memory requested, 0 released, 1016193024 free
2025-01-12T19:25:33.439-0500 [DEBUG] [org.gradle.internal.watch.vfs.impl.WatchingVirtualFileSystem] Handling VFS change MODIFIED C:\Users\zemer\OneDrive - Drexel University\STAR Scholars\UnderWatch\Under Watch\caches\8.5\scripts\8x9nd0y6tm0qomwbc4lyd7zcf\init\_BuildScript_.class
2025-01-12T19:25:33.500-0500 [DEBUG] [org.gradle.internal.watch.vfs.impl.WatchingVirtualFileSystem] Handling VFS change MODIFIED C:\Users\zemer\OneDrive - Drexel University\STAR Scholars\UnderWatch\Under Watch\caches\8.5\scripts\8x9nd0y6tm0qomwbc4lyd7zcf\init\_BuildScript_$_run_closure1.class
2025-01-12T19:25:33.552-0500 [DEBUG] [org.gradle.internal.watch.vfs.impl.WatchingVirtualFileSystem] Handling VFS change MODIFIED C:\Users\zemer\OneDrive - Drexel University\STAR Scholars\UnderWatch\Under Watch\caches\8.5\scripts\8x9nd0y6tm0qomwbc4lyd7zcf\init\_BuildScript_$_run_closure1$_closure2.class
2025-01-12T19:25:33.604-0500 [DEBUG] [org.gradle.internal.watch.vfs.impl.WatchingVirtualFileSystem] Handling VFS change MODIFIED C:\Users\zemer\OneDrive - Drexel University\STAR Scholars\UnderWatch\Under Watch\caches\8.5\scripts\8x9nd0y6tm0qomwbc4lyd7zcf\init\_BuildScript_$1.class
2025-01-12T19:25:33.641-0500 [DEBUG] [org.gradle.internal.watch.vfs.impl.WatchingVirtualFileSystem] Handling VFS change MODIFIED C:\Users\zemer\OneDrive - Drexel University\STAR Scholars\UnderWatch\Under Watch\caches\8.5\scripts\8x9nd0y6tm0qomwbc4lyd7zcf\init\_BuildScript_$1$_asArguments_closure1.class
2025-01-12T19:25:33.707-0500 [DEBUG] [org.gradle.internal.watch.vfs.impl.WatchingVirtualFileSystem] Handling VFS change MODIFIED C:\Users\zemer\OneDrive - Drexel University\STAR Scholars\UnderWatch\Under Watch\caches\8.5\scripts\8x9nd0y6tm0qomwbc4lyd7zcf\init\SetupUtpTestResultListenerAction.class
2025-01-12T19:25:33.758-0500 [DEBUG] [org.gradle.internal.watch.vfs.impl.WatchingVirtualFileSystem] Handling VFS change MODIFIED C:\Users\zemer\OneDrive - Drexel University\STAR Scholars\UnderWatch\Under Watch\caches\8.5\scripts\8x9nd0y6tm0qomwbc4lyd7zcf\init\SetupUtpTestResultListenerAction$_execute_closure1$_closure2.class
2025-01-12T19:25:33.793-0500 [DEBUG] [org.gradle.internal.watch.vfs.impl.WatchingVirtualFileSystem] Handling VFS change MODIFIED C:\Users\zemer\OneDrive - Drexel University\STAR Scholars\UnderWatch\Under Watch\caches\8.5\scripts\8x9nd0y6tm0qomwbc4lyd7zcf\init\SetupUtpTestResultListenerAction$_execute_closure1.class
2025-01-12T19:25:33.826-0500 [DEBUG] [org.gradle.internal.watch.vfs.impl.WatchingVirtualFileSystem] Handling VFS change MODIFIED C:\Users\zemer\OneDrive - Drexel University\STAR Scholars\UnderWatch\Under Watch\caches\8.5\scripts\8x9nd0y6tm0qomwbc4lyd7zcf\init\KotlinMppTestLogger.class
2025-01-12T19:25:33.867-0500 [DEBUG] [org.gradle.internal.watch.vfs.impl.WatchingVirtualFileSystem] Handling VFS change MODIFIED C:\Users\zemer\OneDrive - Drexel University\STAR Scholars\UnderWatch\Under Watch\caches\8.5\scripts\8x9nd0y6tm0qomwbc4lyd7zcf\init\KotlinMppTestLogger$_logTestEvent_closure1.class
2025-01-12T19:25:33.910-0500 [DEBUG] [org.gradle.internal.watch.vfs.impl.WatchingVirtualFileSystem] Handling VFS change MODIFIED C:\Users\zemer\OneDrive - Drexel University\STAR Scholars\UnderWatch\Under Watch\caches\8.5\scripts\8x9nd0y6tm0qomwbc4lyd7zcf\init\KotlinMppTestLogger$_logTestEvent_closure1$_closure3.class
2025-01-12T19:25:33.952-0500 [DEBUG] [org.gradle.internal.watch.vfs.impl.WatchingVirtualFileSystem] Handling VFS change MODIFIED C:\Users\zemer\OneDrive - Drexel University\STAR Scholars\UnderWatch\Under Watch\caches\8.5\scripts\8x9nd0y6tm0qomwbc4lyd7zcf\init\KotlinMppTestLogger$_logTestEvent_closure1$_closure3$_closure5.class
2025-01-12T19:25:34.002-0500 [DEBUG] [org.gradle.internal.watch.vfs.impl.WatchingVirtualFileSystem] Handling VFS change MODIFIED C:\Users\zemer\OneDrive - Drexel University\STAR Scholars\UnderWatch\Under Watch\caches\8.5\scripts\8x9nd0y6tm0qomwbc4lyd7zcf\init\KotlinMppTestLogger$_logConfigurationError_closure2.class
2025-01-12T19:25:34.036-0500 [DEBUG] [org.gradle.internal.watch.vfs.impl.WatchingVirtualFileSystem] Handling VFS change MODIFIED C:\Users\zemer\OneDrive - Drexel University\STAR Scholars\UnderWatch\Under Watch\caches\8.5\scripts\8x9nd0y6tm0qomwbc4lyd7zcf\init\KotlinMppTestLogger$_logTestEvent_closure1$_closure3$_closure4.class
2025-01-12T19:25:34.045-0500 [DEBUG] [org.gradle.internal.watch.vfs.impl.WatchingVirtualFileSystem] Handling VFS change MODIFIED C:\Users\zemer\OneDrive - Drexel University\STAR Scholars\UnderWatch\Under Watch\caches\8.5\scripts\8x9nd0y6tm0qomwbc4lyd7zcf\init\KotlinMppTestLogger$2.class
2025-01-12T19:25:34.070-0500 [DEBUG] [org.gradle.internal.watch.vfs.impl.WatchingVirtualFileSystem] Handling VFS change MODIFIED C:\Users\zemer\OneDrive - Drexel University\STAR Scholars\UnderWatch\Under Watch\caches\8.5\scripts\8x9nd0y6tm0qomwbc4lyd7zcf\init\KotlinMppTestLogger$1.class
2025-01-12T19:25:34.310-0500 [DEBUG] [org.gradle.internal.watch.vfs.impl.WatchingVirtualFileSystem] Handling VFS change MODIFIED C:\Users\zemer\OneDrive - Drexel University\STAR Scholars\UnderWatch\Under Watch\caches\8.5\scripts\eyphh91bre7qc5n14mvywv0ac\init\_BuildScript_.class
2025-01-12T19:25:34.373-0500 [DEBUG] [org.gradle.internal.watch.vfs.impl.WatchingVirtualFileSystem] Handling VFS change MODIFIED C:\Users\zemer\OneDrive - Drexel University\STAR Scholars\UnderWatch\Under Watch\caches\8.5\scripts\eyphh91bre7qc5n14mvywv0ac\init\_BuildScript_$_run_closure1.class
2025-01-12T19:25:35.726-0500 [DEBUG] [org.gradle.cache.internal.DefaultFileLockManager] Waiting to acquire shared lock on daemon addresses registry.
2025-01-12T19:25:35.726-0500 [DEBUG] [org.gradle.cache.internal.DefaultFileLockManager] Lock acquired on daemon addresses registry.
2025-01-12T19:25:35.726-0500 [DEBUG] [org.gradle.cache.internal.DefaultFileLockManager] Releasing lock on daemon addresses registry.
2025-01-12T19:25:35.727-0500 [DEBUG] [org.gradle.cache.internal.DefaultFileLockManager] Waiting to acquire shared lock on daemon addresses registry.
2025-01-12T19:25:35.727-0500 [DEBUG] [org.gradle.cache.internal.DefaultFileLockManager] Lock acquired on daemon addresses registry.
2025-01-12T19:25:35.727-0500 [DEBUG] [org.gradle.cache.internal.DefaultFileLockManager] Releasing lock on daemon addresses registry.
2025-01-12T19:25:35.728-0500 [DEBUG] [org.gradle.cache.internal.DefaultFileLockManager] Waiting to acquire shared lock on daemon addresses registry.
2025-01-12T19:25:35.728-0500 [DEBUG] [org.gradle.cache.internal.DefaultFileLockManager] Lock acquired on daemon addresses registry.
2025-01-12T19:25:35.728-0500 [DEBUG] [org.gradle.cache.internal.DefaultFileLockManager] Releasing lock on daemon addresses registry.
2025-01-12T19:25:38.292-0500 [DEBUG] [org.gradle.process.internal.health.memory.DefaultMemoryManager] 3352202444 physical memory requested, 1006383104 free
2025-01-12T19:25:38.292-0500 [DEBUG] [org.gradle.workers.internal.WorkerDaemonExpiration] Will attempt to release 3196 of memory
2025-01-12T19:25:38.292-0500 [DEBUG] [org.gradle.process.internal.health.memory.DefaultMemoryManager] 3352202444 physical memory requested, 0 released, 1006383104 free
2025-01-12T19:25:43.244-0500 [DEBUG] [org.gradle.process.internal.health.memory.DefaultMemoryManager] 3352202444 physical memory requested, 1010438144 free
2025-01-12T19:25:43.244-0500 [DEBUG] [org.gradle.workers.internal.WorkerDaemonExpiration] Will attempt to release 3196 of memory
2025-01-12T19:25:43.244-0500 [DEBUG] [org.gradle.process.internal.health.memory.DefaultMemoryManager] 3352202444 physical memory requested, 0 released, 1010438144 free
2025-01-12T19:25:45.727-0500 [DEBUG] [org.gradle.cache.internal.DefaultFileLockManager] Waiting to acquire shared lock on daemon addresses registry.
2025-01-12T19:25:45.727-0500 [DEBUG] [org.gradle.cache.internal.DefaultFileLockManager] Lock acquired on daemon addresses registry.
2025-01-12T19:25:45.727-0500 [DEBUG] [org.gradle.cache.internal.DefaultFileLockManager] Releasing lock on daemon addresses registry.
2025-01-12T19:25:45.728-0500 [DEBUG] [org.gradle.cache.internal.DefaultFileLockManager] Waiting to acquire shared lock on daemon addresses registry.
2025-01-12T19:25:45.728-0500 [DEBUG] [org.gradle.cache.internal.DefaultFileLockManager] Lock acquired on daemon addresses registry.
2025-01-12T19:25:45.728-0500 [DEBUG] [org.gradle.cache.internal.DefaultFileLockManager] Releasing lock on daemon addresses registry.
2025-01-12T19:25:45.728-0500 [DEBUG] [org.gradle.cache.internal.DefaultFileLockManager] Waiting to acquire shared lock on daemon addresses registry.
2025-01-12T19:25:45.728-0500 [DEBUG] [org.gradle.cache.internal.DefaultFileLockManager] Lock acquired on daemon addresses registry.
2025-01-12T19:25:45.728-0500 [DEBUG] [org.gradle.cache.internal.DefaultFileLockManager] Releasing lock on daemon addresses registry.
2025-01-12T19:25:48.240-0500 [DEBUG] [org.gradle.process.internal.health.memory.DefaultMemoryManager] 3352202444 physical memory requested, 1027309568 free
2025-01-12T19:25:48.240-0500 [DEBUG] [org.gradle.workers.internal.WorkerDaemonExpiration] Will attempt to release 3196 of memory
2025-01-12T19:25:48.240-0500 [DEBUG] [org.gradle.process.internal.health.memory.DefaultMemoryManager] 3352202444 physical memory requested, 0 released, 1027309568 free
2025-01-12T19:25:53.250-0500 [DEBUG] [org.gradle.process.internal.health.memory.DefaultMemoryManager] 3352202444 physical memory requested, 1033740288 free
2025-01-12T19:25:53.250-0500 [DEBUG] [org.gradle.workers.internal.WorkerDaemonExpiration] Will attempt to release 3196 of memory
2025-01-12T19:25:53.250-0500 [DEBUG] [org.gradle.process.internal.health.memory.DefaultMemoryManager] 3352202444 physical memory requested, 0 released, 1033740288 free
2025-01-12T19:25:55.715-0500 [DEBUG] [org.gradle.cache.internal.DefaultFileLockManager] Waiting to acquire shared lock on daemon addresses registry.
2025-01-12T19:25:55.715-0500 [DEBUG] [org.gradle.cache.internal.DefaultFileLockManager] Lock acquired on daemon addresses registry.
2025-01-12T19:25:55.715-0500 [DEBUG] [org.gradle.cache.internal.DefaultFileLockManager] Releasing lock on daemon addresses registry.
2025-01-12T19:25:55.716-0500 [DEBUG] [org.gradle.cache.internal.DefaultFileLockManager] Waiting to acquire shared lock on daemon addresses registry.
2025-01-12T19:25:55.716-0500 [DEBUG] [org.gradle.cache.internal.DefaultFileLockManager] Lock acquired on daemon addresses registry.
2025-01-12T19:25:55.716-0500 [DEBUG] [org.gradle.cache.internal.DefaultFileLockManager] Releasing lock on daemon addresses registry.
2025-01-12T19:25:55.717-0500 [DEBUG] [org.gradle.cache.internal.DefaultFileLockManager] Waiting to acquire shared lock on daemon addresses registry.
2025-01-12T19:25:55.717-0500 [DEBUG] [org.gradle.cache.internal.DefaultFileLockManager] Lock acquired on daemon addresses registry.
2025-01-12T19:25:55.717-0500 [DEBUG] [org.gradle.cache.internal.DefaultFileLockManager] Releasing lock on daemon addresses registry.
2025-01-12T19:25:58.238-0500 [DEBUG] [org.gradle.process.internal.health.memory.DefaultMemoryManager] 3352202444 physical memory requested, 1052864512 free
2025-01-12T19:25:58.238-0500 [DEBUG] [org.gradle.workers.internal.WorkerDaemonExpiration] Will attempt to release 3196 of memory
2025-01-12T19:25:58.238-0500 [DEBUG] [org.gradle.process.internal.health.memory.DefaultMemoryManager] 3352202444 physical memory requested, 0 released, 1052864512 free
2025-01-12T19:26:03.249-0500 [DEBUG] [org.gradle.process.internal.health.memory.DefaultMemoryManager] 3352202444 physical memory requested, 1104150528 free
2025-01-12T19:26:03.249-0500 [DEBUG] [org.gradle.workers.internal.WorkerDaemonExpiration] Will attempt to release 3196 of memory
2025-01-12T19:26:03.249-0500 [DEBUG] [org.gradle.process.internal.health.memory.DefaultMemoryManager] 3352202444 physical memory requested, 0 released, 1104150528 free
2025-01-12T19:26:05.717-0500 [DEBUG] [org.gradle.cache.internal.DefaultFileLockManager] Waiting to acquire shared lock on daemon addresses registry.
2025-01-12T19:26:05.717-0500 [DEBUG] [org.gradle.cache.internal.DefaultFileLockManager] Lock acquired on daemon addresses registry.
2025-01-12T19:26:05.717-0500 [DEBUG] [org.gradle.cache.internal.DefaultFileLockManager] Releasing lock on daemon addresses registry.
2025-01-12T19:26:05.718-0500 [DEBUG] [org.gradle.cache.internal.DefaultFileLockManager] Waiting to acquire shared lock on daemon addresses registry.
2025-01-12T19:26:05.718-0500 [DEBUG] [org.gradle.cache.internal.DefaultFileLockManager] Lock acquired on daemon addresses registry.
2025-01-12T19:26:05.718-0500 [DEBUG] [org.gradle.cache.internal.DefaultFileLockManager] Releasing lock on daemon addresses registry.
2025-01-12T19:26:05.718-0500 [DEBUG] [org.gradle.cache.internal.DefaultFileLockManager] Waiting to acquire shared lock on daemon addresses registry.
2025-01-12T19:26:05.719-0500 [DEBUG] [org.gradle.cache.internal.DefaultFileLockManager] Lock acquired on daemon addresses registry.
2025-01-12T19:26:05.719-0500 [DEBUG] [org.gradle.cache.internal.DefaultFileLockManager] Releasing lock on daemon addresses registry.
2025-01-12T19:26:08.247-0500 [DEBUG] [org.gradle.process.internal.health.memory.DefaultMemoryManager] 3352202444 physical memory requested, 1085353984 free
2025-01-12T19:26:08.247-0500 [DEBUG] [org.gradle.workers.internal.WorkerDaemonExpiration] Will attempt to release 3196 of memory
2025-01-12T19:26:08.247-0500 [DEBUG] [org.gradle.process.internal.health.memory.DefaultMemoryManager] 3352202444 physical memory requested, 0 released, 1085353984 free
2025-01-12T19:26:13.242-0500 [DEBUG] [org.gradle.process.internal.health.memory.DefaultMemoryManager] 3352202444 physical memory requested, 971632640 free
2025-01-12T19:26:13.242-0500 [DEBUG] [org.gradle.workers.internal.WorkerDaemonExpiration] Will attempt to release 3196 of memory
2025-01-12T19:26:13.242-0500 [DEBUG] [org.gradle.process.internal.health.memory.DefaultMemoryManager] 3352202444 physical memory requested, 0 released, 971632640 free
2025-01-12T19:26:15.717-0500 [DEBUG] [org.gradle.cache.internal.DefaultFileLockManager] Waiting to acquire shared lock on daemon addresses registry.
2025-01-12T19:26:15.718-0500 [DEBUG] [org.gradle.cache.internal.DefaultFileLockManager] Lock acquired on daemon addresses registry.
2025-01-12T19:26:15.718-0500 [DEBUG] [org.gradle.cache.internal.DefaultFileLockManager] Releasing lock on daemon addresses registry.
2025-01-12T19:26:15.718-0500 [DEBUG] [org.gradle.cache.internal.DefaultFileLockManager] Waiting to acquire shared lock on daemon addresses registry.
2025-01-12T19:26:15.718-0500 [DEBUG] [org.gradle.cache.internal.DefaultFileLockManager] Lock acquired on daemon addresses registry.
2025-01-12T19:26:15.719-0500 [DEBUG] [org.gradle.cache.internal.DefaultFileLockManager] Releasing lock on daemon addresses registry.
2025-01-12T19:26:15.719-0500 [DEBUG] [org.gradle.cache.internal.DefaultFileLockManager] Waiting to acquire shared lock on daemon addresses registry.
2025-01-12T19:26:15.719-0500 [DEBUG] [org.gradle.cache.internal.DefaultFileLockManager] Lock acquired on daemon addresses registry.
2025-01-12T19:26:15.719-0500 [DEBUG] [org.gradle.cache.internal.DefaultFileLockManager] Releasing lock on daemon addresses registry.
2025-01-12T19:26:18.244-0500 [DEBUG] [org.gradle.process.internal.health.memory.DefaultMemoryManager] 3352202444 physical memory requested, 926240768 free
2025-01-12T19:26:18.244-0500 [DEBUG] [org.gradle.workers.internal.WorkerDaemonExpiration] Will attempt to release 3196 of memory
2025-01-12T19:26:18.244-0500 [DEBUG] [org.gradle.process.internal.health.memory.DefaultMemoryManager] 3352202444 physical memory requested, 0 released, 926240768 free
2025-01-12T19:26:23.241-0500 [DEBUG] [org.gradle.process.internal.health.memory.DefaultMemoryManager] 3352202444 physical memory requested, 977338368 free
2025-01-12T19:26:23.241-0500 [DEBUG] [org.gradle.workers.internal.WorkerDaemonExpiration] Will attempt to release 3196 of memory
2025-01-12T19:26:23.241-0500 [DEBUG] [org.gradle.process.internal.health.memory.DefaultMemoryManager] 3352202444 physical memory requested, 0 released, 977338368 free
2025-01-12T19:26:25.717-0500 [DEBUG] [org.gradle.cache.internal.DefaultFileLockManager] Waiting to acquire shared lock on daemon addresses registry.
2025-01-12T19:26:25.717-0500 [DEBUG] [org.gradle.cache.internal.DefaultFileLockManager] Lock acquired on daemon addresses registry.
2025-01-12T19:26:25.717-0500 [DEBUG] [org.gradle.cache.internal.DefaultFileLockManager] Releasing lock on daemon addresses registry.
2025-01-12T19:26:25.718-0500 [DEBUG] [org.gradle.cache.internal.DefaultFileLockManager] Waiting to acquire shared lock on daemon addresses registry.
2025-01-12T19:26:25.718-0500 [DEBUG] [org.gradle.cache.internal.DefaultFileLockManager] Lock acquired on daemon addresses registry.
2025-01-12T19:26:25.718-0500 [DEBUG] [org.gradle.cache.internal.DefaultFileLockManager] Releasing lock on daemon addresses registry.
2025-01-12T19:26:25.719-0500 [DEBUG] [org.gradle.cache.internal.DefaultFileLockManager] Waiting to acquire shared lock on daemon addresses registry.
2025-01-12T19:26:25.719-0500 [DEBUG] [org.gradle.cache.internal.DefaultFileLockManager] Lock acquired on daemon addresses registry.
2025-01-12T19:26:25.719-0500 [DEBUG] [org.gradle.cache.internal.DefaultFileLockManager] Releasing lock on daemon addresses registry.
2025-01-12T19:26:28.282-0500 [DEBUG] [org.gradle.process.internal.health.memory.DefaultMemoryManager] 3352202444 physical memory requested, 921923584 free
2025-01-12T19:26:28.282-0500 [DEBUG] [org.gradle.workers.internal.WorkerDaemonExpiration] Will attempt to release 3196 of memory
2025-01-12T19:26:28.282-0500 [DEBUG] [org.gradle.process.internal.health.memory.DefaultMemoryManager] 3352202444 physical memory requested, 0 released, 921923584 free
2025-01-12T19:26:33.250-0500 [DEBUG] [org.gradle.process.internal.health.memory.DefaultMemoryManager] 3352202444 physical memory requested, 887885824 free
2025-01-12T19:26:33.250-0500 [DEBUG] [org.gradle.workers.internal.WorkerDaemonExpiration] Will attempt to release 3196 of memory
2025-01-12T19:26:33.250-0500 [DEBUG] [org.gradle.process.internal.health.memory.DefaultMemoryManager] 3352202444 physical memory requested, 0 released, 887885824 free
2025-01-12T19:26:35.724-0500 [DEBUG] [org.gradle.cache.internal.DefaultFileLockManager] Waiting to acquire shared lock on daemon addresses registry.
2025-01-12T19:26:35.724-0500 [DEBUG] [org.gradle.cache.internal.DefaultFileLockManager] Lock acquired on daemon addresses registry.
2025-01-12T19:26:35.724-0500 [DEBUG] [org.gradle.cache.internal.DefaultFileLockManager] Releasing lock on daemon addresses registry.
2025-01-12T19:26:35.725-0500 [DEBUG] [org.gradle.cache.internal.DefaultFileLockManager] Waiting to acquire shared lock on daemon addresses registry.
2025-01-12T19:26:35.725-0500 [DEBUG] [org.gradle.cache.internal.DefaultFileLockManager] Lock acquired on daemon addresses registry.
2025-01-12T19:26:35.725-0500 [DEBUG] [org.gradle.cache.internal.DefaultFileLockManager] Releasing lock on daemon addresses registry.
2025-01-12T19:26:35.726-0500 [DEBUG] [org.gradle.cache.internal.DefaultFileLockManager] Waiting to acquire shared lock on daemon addresses registry.
2025-01-12T19:26:35.726-0500 [DEBUG] [org.gradle.cache.internal.DefaultFileLockManager] Lock acquired on daemon addresses registry.
2025-01-12T19:26:35.726-0500 [DEBUG] [org.gradle.cache.internal.DefaultFileLockManager] Releasing lock on daemon addresses registry.
2025-01-12T19:26:38.250-0500 [DEBUG] [org.gradle.process.internal.health.memory.DefaultMemoryManager] 3352202444 physical memory requested, 1001480192 free
2025-01-12T19:26:38.250-0500 [DEBUG] [org.gradle.workers.internal.WorkerDaemonExpiration] Will attempt to release 3196 of memory
2025-01-12T19:26:38.250-0500 [DEBUG] [org.gradle.process.internal.health.memory.DefaultMemoryManager] 3352202444 physical memory requested, 0 released, 1001480192 free
2025-01-12T19:26:43.247-0500 [DEBUG] [org.gradle.process.internal.health.memory.DefaultMemoryManager] 3352202444 physical memory requested, 1255108608 free
2025-01-12T19:26:43.247-0500 [DEBUG] [org.gradle.workers.internal.WorkerDaemonExpiration] Will attempt to release 3196 of memory
2025-01-12T19:26:43.247-0500 [DEBUG] [org.gradle.process.internal.health.memory.DefaultMemoryManager] 3352202444 physical memory requested, 0 released, 1255108608 free
2025-01-12T19:26:45.723-0500 [DEBUG] [org.gradle.cache.internal.DefaultFileLockManager] Waiting to acquire shared lock on daemon addresses registry.
2025-01-12T19:26:45.723-0500 [DEBUG] [org.gradle.cache.internal.DefaultFileLockManager] Lock acquired on daemon addresses registry.
2025-01-12T19:26:45.723-0500 [DEBUG] [org.gradle.cache.internal.DefaultFileLockManager] Releasing lock on daemon addresses registry.
2025-01-12T19:26:45.724-0500 [DEBUG] [org.gradle.cache.internal.DefaultFileLockManager] Waiting to acquire shared lock on daemon addresses registry.
2025-01-12T19:26:45.724-0500 [DEBUG] [org.gradle.cache.internal.DefaultFileLockManager] Lock acquired on daemon addresses registry.
2025-01-12T19:26:45.724-0500 [DEBUG] [org.gradle.cache.internal.DefaultFileLockManager] Releasing lock on daemon addresses registry.
2025-01-12T19:26:45.725-0500 [DEBUG] [org.gradle.cache.internal.DefaultFileLockManager] Waiting to acquire shared lock on daemon addresses registry.
2025-01-12T19:26:45.725-0500 [DEBUG] [org.gradle.cache.internal.DefaultFileLockManager] Lock acquired on daemon addresses registry.
2025-01-12T19:26:45.725-0500 [DEBUG] [org.gradle.cache.internal.DefaultFileLockManager] Releasing lock on daemon addresses registry.
2025-01-12T19:26:48.241-0500 [DEBUG] [org.gradle.process.internal.health.memory.DefaultMemoryManager] 3352202444 physical memory requested, 1319936000 free
2025-01-12T19:26:48.242-0500 [DEBUG] [org.gradle.workers.internal.WorkerDaemonExpiration] Will attempt to release 3196 of memory
2025-01-12T19:26:48.242-0500 [DEBUG] [org.gradle.process.internal.health.memory.DefaultMemoryManager] 3352202444 physical memory requested, 0 released, 1319936000 free
2025-01-12T19:26:53.247-0500 [DEBUG] [org.gradle.process.internal.health.memory.DefaultMemoryManager] 3352202444 physical memory requested, 1311055872 free
2025-01-12T19:26:53.247-0500 [DEBUG] [org.gradle.workers.internal.WorkerDaemonExpiration] Will attempt to release 3196 of memory
2025-01-12T19:26:53.247-0500 [DEBUG] [org.gradle.process.internal.health.memory.DefaultMemoryManager] 3352202444 physical memory requested, 0 released, 1311055872 free
2025-01-12T19:26:55.718-0500 [DEBUG] [org.gradle.cache.internal.DefaultFileLockManager] Waiting to acquire shared lock on daemon addresses registry.
2025-01-12T19:26:55.718-0500 [DEBUG] [org.gradle.cache.internal.DefaultFileLockManager] Lock acquired on daemon addresses registry.
2025-01-12T19:26:55.718-0500 [DEBUG] [org.gradle.cache.internal.DefaultFileLockManager] Releasing lock on daemon addresses registry.
2025-01-12T19:26:55.719-0500 [DEBUG] [org.gradle.cache.internal.DefaultFileLockManager] Waiting to acquire shared lock on daemon addresses registry.
2025-01-12T19:26:55.719-0500 [DEBUG] [org.gradle.cache.internal.DefaultFileLockManager] Lock acquired on daemon addresses registry.
2025-01-12T19:26:55.719-0500 [DEBUG] [org.gradle.cache.internal.DefaultFileLockManager] Releasing lock on daemon addresses registry.
2025-01-12T19:26:55.720-0500 [DEBUG] [org.gradle.cache.internal.DefaultFileLockManager] Waiting to acquire shared lock on daemon addresses registry.
2025-01-12T19:26:55.720-0500 [DEBUG] [org.gradle.cache.internal.DefaultFileLockManager] Lock acquired on daemon addresses registry.
2025-01-12T19:26:55.721-0500 [DEBUG] [org.gradle.cache.internal.DefaultFileLockManager] Releasing lock on daemon addresses registry.
2025-01-12T19:26:58.253-0500 [DEBUG] [org.gradle.process.internal.health.memory.DefaultMemoryManager] 3352202444 physical memory requested, 1118851072 free
2025-01-12T19:26:58.253-0500 [DEBUG] [org.gradle.workers.internal.WorkerDaemonExpiration] Will attempt to release 3196 of memory
2025-01-12T19:26:58.253-0500 [DEBUG] [org.gradle.process.internal.health.memory.DefaultMemoryManager] 3352202444 physical memory requested, 0 released, 1118851072 free
2025-01-12T19:27:03.248-0500 [DEBUG] [org.gradle.process.internal.health.memory.DefaultMemoryManager] 3352202444 physical memory requested, 979021824 free
2025-01-12T19:27:03.248-0500 [DEBUG] [org.gradle.workers.internal.WorkerDaemonExpiration] Will attempt to release 3196 of memory
2025-01-12T19:27:03.248-0500 [DEBUG] [org.gradle.process.internal.health.memory.DefaultMemoryManager] 3352202444 physical memory requested, 0 released, 979021824 free
2025-01-12T19:27:05.725-0500 [DEBUG] [org.gradle.cache.internal.DefaultFileLockManager] Waiting to acquire shared lock on daemon addresses registry.
2025-01-12T19:27:05.725-0500 [DEBUG] [org.gradle.cache.internal.DefaultFileLockManager] Lock acquired on daemon addresses registry.
2025-01-12T19:27:05.725-0500 [DEBUG] [org.gradle.cache.internal.DefaultFileLockManager] Releasing lock on daemon addresses registry.
2025-01-12T19:27:05.726-0500 [DEBUG] [org.gradle.cache.internal.DefaultFileLockManager] Waiting to acquire shared lock on daemon addresses registry.
2025-01-12T19:27:05.726-0500 [DEBUG] [org.gradle.cache.internal.DefaultFileLockManager] Lock acquired on daemon addresses registry.
2025-01-12T19:27:05.726-0500 [DEBUG] [org.gradle.cache.internal.DefaultFileLockManager] Releasing lock on daemon addresses registry.
2025-01-12T19:27:05.727-0500 [DEBUG] [org.gradle.cache.internal.DefaultFileLockManager] Waiting to acquire shared lock on daemon addresses registry.
2025-01-12T19:27:05.727-0500 [DEBUG] [org.gradle.cache.internal.DefaultFileLockManager] Lock acquired on daemon addresses registry.
2025-01-12T19:27:05.727-0500 [DEBUG] [org.gradle.cache.internal.DefaultFileLockManager] Releasing lock on daemon addresses registry.
2025-01-12T19:27:08.240-0500 [DEBUG] [org.gradle.process.internal.health.memory.DefaultMemoryManager] 3352202444 physical memory requested, 889409536 free
2025-01-12T19:27:08.240-0500 [DEBUG] [org.gradle.workers.internal.WorkerDaemonExpiration] Will attempt to release 3196 of memory
2025-01-12T19:27:08.240-0500 [DEBUG] [org.gradle.process.internal.health.memory.DefaultMemoryManager] 3352202444 physical memory requested, 0 released, 889409536 free
2025-01-12T19:27:13.249-0500 [DEBUG] [org.gradle.process.internal.health.memory.DefaultMemoryManager] 3352202444 physical memory requested, 955576320 free
2025-01-12T19:27:13.249-0500 [DEBUG] [org.gradle.workers.internal.WorkerDaemonExpiration] Will attempt to release 3196 of memory
2025-01-12T19:27:13.249-0500 [DEBUG] [org.gradle.process.internal.health.memory.DefaultMemoryManager] 3352202444 physical memory requested, 0 released, 955576320 free
2025-01-12T19:27:15.726-0500 [DEBUG] [org.gradle.cache.internal.DefaultFileLockManager] Waiting to acquire shared lock on daemon addresses registry.
2025-01-12T19:27:15.726-0500 [DEBUG] [org.gradle.cache.internal.DefaultFileLockManager] Lock acquired on daemon addresses registry.
2025-01-12T19:27:15.726-0500 [DEBUG] [org.gradle.cache.internal.DefaultFileLockManager] Releasing lock on daemon addresses registry.
2025-01-12T19:27:15.727-0500 [DEBUG] [org.gradle.cache.internal.DefaultFileLockManager] Waiting to acquire shared lock on daemon addresses registry.
2025-01-12T19:27:15.727-0500 [DEBUG] [org.gradle.cache.internal.DefaultFileLockManager] Lock acquired on daemon addresses registry.
2025-01-12T19:27:15.727-0500 [DEBUG] [org.gradle.cache.internal.DefaultFileLockManager] Releasing lock on daemon addresses registry.
2025-01-12T19:27:15.728-0500 [DEBUG] [org.gradle.cache.internal.DefaultFileLockManager] Waiting to acquire shared lock on daemon addresses registry.
2025-01-12T19:27:15.728-0500 [DEBUG] [org.gradle.cache.internal.DefaultFileLockManager] Lock acquired on daemon addresses registry.
2025-01-12T19:27:15.728-0500 [DEBUG] [org.gradle.cache.internal.DefaultFileLockManager] Releasing lock on daemon addresses registry.
2025-01-12T19:27:18.240-0500 [DEBUG] [org.gradle.process.internal.health.memory.DefaultMemoryManager] 3352202444 physical memory requested, 1009913856 free
2025-01-12T19:27:18.240-0500 [DEBUG] [org.gradle.workers.internal.WorkerDaemonExpiration] Will attempt to release 3196 of memory
2025-01-12T19:27:18.240-0500 [DEBUG] [org.gradle.process.internal.health.memory.DefaultMemoryManager] 3352202444 physical memory requested, 0 released, 1009913856 free
2025-01-12T19:27:23.246-0500 [DEBUG] [org.gradle.process.internal.health.memory.DefaultMemoryManager] 3352202444 physical memory requested, 1000988672 free
2025-01-12T19:27:23.246-0500 [DEBUG] [org.gradle.workers.internal.WorkerDaemonExpiration] Will attempt to release 3196 of memory
2025-01-12T19:27:23.246-0500 [DEBUG] [org.gradle.process.internal.health.memory.DefaultMemoryManager] 3352202444 physical memory requested, 0 released, 1000988672 free
2025-01-12T19:27:25.718-0500 [DEBUG] [org.gradle.cache.internal.DefaultFileLockManager] Waiting to acquire shared lock on daemon addresses registry.
2025-01-12T19:27:25.718-0500 [DEBUG] [org.gradle.cache.internal.DefaultFileLockManager] Lock acquired on daemon addresses registry.
2025-01-12T19:27:25.718-0500 [DEBUG] [org.gradle.cache.internal.DefaultFileLockManager] Releasing lock on daemon addresses registry.
2025-01-12T19:27:25.719-0500 [DEBUG] [org.gradle.cache.internal.DefaultFileLockManager] Waiting to acquire shared lock on daemon addresses registry.
2025-01-12T19:27:25.719-0500 [DEBUG] [org.gradle.cache.internal.DefaultFileLockManager] Lock acquired on daemon addresses registry.
2025-01-12T19:27:25.719-0500 [DEBUG] [org.gradle.cache.internal.DefaultFileLockManager] Releasing lock on daemon addresses registry.
2025-01-12T19:27:25.720-0500 [DEBUG] [org.gradle.cache.internal.DefaultFileLockManager] Waiting to acquire shared lock on daemon addresses registry.
2025-01-12T19:27:25.720-0500 [DEBUG] [org.gradle.cache.internal.DefaultFileLockManager] Lock acquired on daemon addresses registry.
2025-01-12T19:27:25.720-0500 [DEBUG] [org.gradle.cache.internal.DefaultFileLockManager] Releasing lock on daemon addresses registry.
2025-01-12T19:27:28.259-0500 [DEBUG] [org.gradle.process.internal.health.memory.DefaultMemoryManager] 3352202444 physical memory requested, 872685568 free
2025-01-12T19:27:28.259-0500 [DEBUG] [org.gradle.workers.internal.WorkerDaemonExpiration] Will attempt to release 3196 of memory
2025-01-12T19:27:28.259-0500 [DEBUG] [org.gradle.process.internal.health.memory.DefaultMemoryManager] 3352202444 physical memory requested, 0 released, 872685568 free
2025-01-12T19:27:33.241-0500 [DEBUG] [org.gradle.process.internal.health.memory.DefaultMemoryManager] 3352202444 physical memory requested, 858533888 free
2025-01-12T19:27:33.241-0500 [DEBUG] [org.gradle.workers.internal.WorkerDaemonExpiration] Will attempt to release 3196 of memory
2025-01-12T19:27:33.241-0500 [DEBUG] [org.gradle.process.internal.health.memory.DefaultMemoryManager] 3352202444 physical memory requested, 0 released, 858533888 free
2025-01-12T19:27:35.718-0500 [DEBUG] [org.gradle.cache.internal.DefaultFileLockManager] Waiting to acquire shared lock on daemon addresses registry.
2025-01-12T19:27:35.719-0500 [DEBUG] [org.gradle.cache.internal.DefaultFileLockManager] Lock acquired on daemon addresses registry.
2025-01-12T19:27:35.719-0500 [DEBUG] [org.gradle.cache.internal.DefaultFileLockManager] Releasing lock on daemon addresses registry.
2025-01-12T19:27:35.719-0500 [DEBUG] [org.gradle.cache.internal.DefaultFileLockManager] Waiting to acquire shared lock on daemon addresses registry.
2025-01-12T19:27:35.719-0500 [DEBUG] [org.gradle.cache.internal.DefaultFileLockManager] Lock acquired on daemon addresses registry.
2025-01-12T19:27:35.720-0500 [DEBUG] [org.gradle.cache.internal.DefaultFileLockManager] Releasing lock on daemon addresses registry.
2025-01-12T19:27:35.720-0500 [DEBUG] [org.gradle.cache.internal.DefaultFileLockManager] Waiting to acquire shared lock on daemon addresses registry.
2025-01-12T19:27:35.720-0500 [DEBUG] [org.gradle.cache.internal.DefaultFileLockManager] Lock acquired on daemon addresses registry.
2025-01-12T19:27:35.720-0500 [DEBUG] [org.gradle.cache.internal.DefaultFileLockManager] Releasing lock on daemon addresses registry.
2025-01-12T19:27:38.246-0500 [DEBUG] [org.gradle.process.internal.health.memory.DefaultMemoryManager] 3352202444 physical memory requested, 995536896 free
2025-01-12T19:27:38.246-0500 [DEBUG] [org.gradle.workers.internal.WorkerDaemonExpiration] Will attempt to release 3196 of memory
2025-01-12T19:27:38.246-0500 [DEBUG] [org.gradle.process.internal.health.memory.DefaultMemoryManager] 3352202444 physical memory requested, 0 released, 995536896 free
2025-01-12T19:27:43.248-0500 [DEBUG] [org.gradle.process.internal.health.memory.DefaultMemoryManager] 3352202444 physical memory requested, 1017475072 free
2025-01-12T19:27:43.248-0500 [DEBUG] [org.gradle.workers.internal.WorkerDaemonExpiration] Will attempt to release 3196 of memory
2025-01-12T19:27:43.248-0500 [DEBUG] [org.gradle.process.internal.health.memory.DefaultMemoryManager] 3352202444 physical memory requested, 0 released, 1017475072 free
2025-01-12T19:27:45.715-0500 [DEBUG] [org.gradle.cache.internal.DefaultFileLockManager] Waiting to acquire shared lock on daemon addresses registry.
2025-01-12T19:27:45.715-0500 [DEBUG] [org.gradle.cache.internal.DefaultFileLockManager] Lock acquired on daemon addresses registry.
2025-01-12T19:27:45.715-0500 [DEBUG] [org.gradle.cache.internal.DefaultFileLockManager] Releasing lock on daemon addresses registry.
2025-01-12T19:27:45.716-0500 [DEBUG] [org.gradle.cache.internal.DefaultFileLockManager] Waiting to acquire shared lock on daemon addresses registry.
2025-01-12T19:27:45.716-0500 [DEBUG] [org.gradle.cache.internal.DefaultFileLockManager] Lock acquired on daemon addresses registry.
2025-01-12T19:27:45.716-0500 [DEBUG] [org.gradle.cache.internal.DefaultFileLockManager] Releasing lock on daemon addresses registry.
2025-01-12T19:27:45.717-0500 [DEBUG] [org.gradle.cache.internal.DefaultFileLockManager] Waiting to acquire shared lock on daemon addresses registry.
2025-01-12T19:27:45.717-0500 [DEBUG] [org.gradle.cache.internal.DefaultFileLockManager] Lock acquired on daemon addresses registry.
2025-01-12T19:27:45.717-0500 [DEBUG] [org.gradle.cache.internal.DefaultFileLockManager] Releasing lock on daemon addresses registry.
2025-01-12T19:27:48.253-0500 [DEBUG] [org.gradle.process.internal.health.memory.DefaultMemoryManager] 3352202444 physical memory requested, 1026039808 free
2025-01-12T19:27:48.253-0500 [DEBUG] [org.gradle.workers.internal.WorkerDaemonExpiration] Will attempt to release 3196 of memory
2025-01-12T19:27:48.253-0500 [DEBUG] [org.gradle.process.internal.health.memory.DefaultMemoryManager] 3352202444 physical memory requested, 0 released, 1026039808 free
2025-01-12T19:27:53.242-0500 [DEBUG] [org.gradle.process.internal.health.memory.DefaultMemoryManager] 3352202444 physical memory requested, 1039900672 free
2025-01-12T19:27:53.242-0500 [DEBUG] [org.gradle.workers.internal.WorkerDaemonExpiration] Will attempt to release 3196 of memory
2025-01-12T19:27:53.242-0500 [DEBUG] [org.gradle.process.internal.health.memory.DefaultMemoryManager] 3352202444 physical memory requested, 0 released, 1039900672 free
2025-01-12T19:27:55.724-0500 [DEBUG] [org.gradle.cache.internal.DefaultFileLockManager] Waiting to acquire shared lock on daemon addresses registry.
2025-01-12T19:27:55.724-0500 [DEBUG] [org.gradle.cache.internal.DefaultFileLockManager] Lock acquired on daemon addresses registry.
2025-01-12T19:27:55.724-0500 [DEBUG] [org.gradle.cache.internal.DefaultFileLockManager] Releasing lock on daemon addresses registry.
2025-01-12T19:27:55.725-0500 [DEBUG] [org.gradle.cache.internal.DefaultFileLockManager] Waiting to acquire shared lock on daemon addresses registry.
2025-01-12T19:27:55.725-0500 [DEBUG] [org.gradle.cache.internal.DefaultFileLockManager] Lock acquired on daemon addresses registry.
2025-01-12T19:27:55.725-0500 [DEBUG] [org.gradle.cache.internal.DefaultFileLockManager] Releasing lock on daemon addresses registry.
2025-01-12T19:27:55.726-0500 [DEBUG] [org.gradle.cache.internal.DefaultFileLockManager] Waiting to acquire shared lock on daemon addresses registry.
2025-01-12T19:27:55.726-0500 [DEBUG] [org.gradle.cache.internal.DefaultFileLockManager] Lock acquired on daemon addresses registry.
2025-01-12T19:27:55.726-0500 [DEBUG] [org.gradle.cache.internal.DefaultFileLockManager] Releasing lock on daemon addresses registry.
2025-01-12T19:27:58.243-0500 [DEBUG] [org.gradle.process.internal.health.memory.DefaultMemoryManager] 3352202444 physical memory requested, 1038692352 free
2025-01-12T19:27:58.243-0500 [DEBUG] [org.gradle.workers.internal.WorkerDaemonExpiration] Will attempt to release 3196 of memory
2025-01-12T19:27:58.243-0500 [DEBUG] [org.gradle.process.internal.health.memory.DefaultMemoryManager] 3352202444 physical memory requested, 0 released, 1038692352 free
2025-01-12T19:28:03.247-0500 [DEBUG] [org.gradle.process.internal.health.memory.DefaultMemoryManager] 3352202444 physical memory requested, 1008168960 free
2025-01-12T19:28:03.247-0500 [DEBUG] [org.gradle.workers.internal.WorkerDaemonExpiration] Will attempt to release 3196 of memory
2025-01-12T19:28:03.247-0500 [DEBUG] [org.gradle.process.internal.health.memory.DefaultMemoryManager] 3352202444 physical memory requested, 0 released, 1008168960 free
2025-01-12T19:28:05.720-0500 [DEBUG] [org.gradle.cache.internal.DefaultFileLockManager] Waiting to acquire shared lock on daemon addresses registry.
2025-01-12T19:28:05.720-0500 [DEBUG] [org.gradle.cache.internal.DefaultFileLockManager] Lock acquired on daemon addresses registry.
2025-01-12T19:28:05.721-0500 [DEBUG] [org.gradle.cache.internal.DefaultFileLockManager] Releasing lock on daemon addresses registry.
2025-01-12T19:28:05.721-0500 [DEBUG] [org.gradle.cache.internal.DefaultFileLockManager] Waiting to acquire shared lock on daemon addresses registry.
2025-01-12T19:28:05.721-0500 [DEBUG] [org.gradle.cache.internal.DefaultFileLockManager] Lock acquired on daemon addresses registry.
2025-01-12T19:28:05.721-0500 [DEBUG] [org.gradle.cache.internal.DefaultFileLockManager] Releasing lock on daemon addresses registry.
2025-01-12T19:28:05.722-0500 [DEBUG] [org.gradle.cache.internal.DefaultFileLockManager] Waiting to acquire shared lock on daemon addresses registry.
2025-01-12T19:28:05.722-0500 [DEBUG] [org.gradle.cache.internal.DefaultFileLockManager] Lock acquired on daemon addresses registry.
2025-01-12T19:28:05.722-0500 [DEBUG] [org.gradle.cache.internal.DefaultFileLockManager] Releasing lock on daemon addresses registry.
2025-01-12T19:28:08.254-0500 [DEBUG] [org.gradle.process.internal.health.memory.DefaultMemoryManager] 3352202444 physical memory requested, 1049432064 free
2025-01-12T19:28:08.254-0500 [DEBUG] [org.gradle.workers.internal.WorkerDaemonExpiration] Will attempt to release 3196 of memory
2025-01-12T19:28:08.254-0500 [DEBUG] [org.gradle.process.internal.health.memory.DefaultMemoryManager] 3352202444 physical memory requested, 0 released, 1049432064 free
2025-01-12T19:28:13.250-0500 [DEBUG] [org.gradle.process.internal.health.memory.DefaultMemoryManager] 3352202444 physical memory requested, 1006452736 free
2025-01-12T19:28:13.250-0500 [DEBUG] [org.gradle.workers.internal.WorkerDaemonExpiration] Will attempt to release 3196 of memory
2025-01-12T19:28:13.250-0500 [DEBUG] [org.gradle.process.internal.health.memory.DefaultMemoryManager] 3352202444 physical memory requested, 0 released, 1006452736 free
2025-01-12T19:28:15.727-0500 [DEBUG] [org.gradle.cache.internal.DefaultFileLockManager] Waiting to acquire shared lock on daemon addresses registry.
2025-01-12T19:28:15.727-0500 [DEBUG] [org.gradle.cache.internal.DefaultFileLockManager] Lock acquired on daemon addresses registry.
2025-01-12T19:28:15.728-0500 [DEBUG] [org.gradle.cache.internal.DefaultFileLockManager] Releasing lock on daemon addresses registry.
2025-01-12T19:28:15.728-0500 [DEBUG] [org.gradle.cache.internal.DefaultFileLockManager] Waiting to acquire shared lock on daemon addresses registry.
2025-01-12T19:28:15.728-0500 [DEBUG] [org.gradle.cache.internal.DefaultFileLockManager] Lock acquired on daemon addresses registry.
2025-01-12T19:28:15.729-0500 [DEBUG] [org.gradle.cache.internal.DefaultFileLockManager] Releasing lock on daemon addresses registry.
2025-01-12T19:28:15.729-0500 [DEBUG] [org.gradle.cache.internal.DefaultFileLockManager] Waiting to acquire shared lock on daemon addresses registry.
2025-01-12T19:28:15.729-0500 [DEBUG] [org.gradle.cache.internal.DefaultFileLockManager] Lock acquired on daemon addresses registry.
2025-01-12T19:28:15.729-0500 [DEBUG] [org.gradle.cache.internal.DefaultFileLockManager] Releasing lock on daemon addresses registry.
2025-01-12T19:28:18.246-0500 [DEBUG] [org.gradle.process.internal.health.memory.DefaultMemoryManager] 3352202444 physical memory requested, 1009438720 free
2025-01-12T19:28:18.246-0500 [DEBUG] [org.gradle.workers.internal.WorkerDaemonExpiration] Will attempt to release 3196 of memory
2025-01-12T19:28:18.246-0500 [DEBUG] [org.gradle.process.internal.health.memory.DefaultMemoryManager] 3352202444 physical memory requested, 0 released, 1009438720 free
2025-01-12T19:28:23.240-0500 [DEBUG] [org.gradle.process.internal.health.memory.DefaultMemoryManager] 3352202444 physical memory requested, 926912512 free
2025-01-12T19:28:23.240-0500 [DEBUG] [org.gradle.workers.internal.WorkerDaemonExpiration] Will attempt to release 3196 of memory
2025-01-12T19:28:23.240-0500 [DEBUG] [org.gradle.process.internal.health.memory.DefaultMemoryManager] 3352202444 physical memory requested, 0 released, 926912512 free
2025-01-12T19:28:25.723-0500 [DEBUG] [org.gradle.cache.internal.DefaultFileLockManager] Waiting to acquire shared lock on daemon addresses registry.
2025-01-12T19:28:25.723-0500 [DEBUG] [org.gradle.cache.internal.DefaultFileLockManager] Lock acquired on daemon addresses registry.
2025-01-12T19:28:25.723-0500 [DEBUG] [org.gradle.cache.internal.DefaultFileLockManager] Releasing lock on daemon addresses registry.
2025-01-12T19:28:25.723-0500 [DEBUG] [org.gradle.cache.internal.DefaultFileLockManager] Waiting to acquire shared lock on daemon addresses registry.
2025-01-12T19:28:25.723-0500 [DEBUG] [org.gradle.cache.internal.DefaultFileLockManager] Lock acquired on daemon addresses registry.
2025-01-12T19:28:25.724-0500 [DEBUG] [org.gradle.cache.internal.DefaultFileLockManager] Releasing lock on daemon addresses registry.
2025-01-12T19:28:25.724-0500 [DEBUG] [org.gradle.cache.internal.DefaultFileLockManager] Waiting to acquire shared lock on daemon addresses registry.
2025-01-12T19:28:25.724-0500 [DEBUG] [org.gradle.cache.internal.DefaultFileLockManager] Lock acquired on daemon addresses registry.
2025-01-12T19:28:25.724-0500 [DEBUG] [org.gradle.cache.internal.DefaultFileLockManager] Releasing lock on daemon addresses registry.
2025-01-12T19:28:28.252-0500 [DEBUG] [org.gradle.process.internal.health.memory.DefaultMemoryManager] 3352202444 physical memory requested, 969666560 free
2025-01-12T19:28:28.253-0500 [DEBUG] [org.gradle.workers.internal.WorkerDaemonExpiration] Will attempt to release 3196 of memory
2025-01-12T19:28:28.253-0500 [DEBUG] [org.gradle.process.internal.health.memory.DefaultMemoryManager] 3352202444 physical memory requested, 0 released, 969666560 free
2025-01-12T19:28:33.246-0500 [DEBUG] [org.gradle.process.internal.health.memory.DefaultMemoryManager] 3352202444 physical memory requested, 919318528 free
2025-01-12T19:28:33.246-0500 [DEBUG] [org.gradle.workers.internal.WorkerDaemonExpiration] Will attempt to release 3196 of memory
2025-01-12T19:28:33.246-0500 [DEBUG] [org.gradle.process.internal.health.memory.DefaultMemoryManager] 3352202444 physical memory requested, 0 released, 919318528 free
2025-01-12T19:28:35.718-0500 [DEBUG] [org.gradle.cache.internal.DefaultFileLockManager] Waiting to acquire shared lock on daemon addresses registry.
2025-01-12T19:28:35.718-0500 [DEBUG] [org.gradle.cache.internal.DefaultFileLockManager] Lock acquired on daemon addresses registry.
2025-01-12T19:28:35.718-0500 [DEBUG] [org.gradle.cache.internal.DefaultFileLockManager] Releasing lock on daemon addresses registry.
2025-01-12T19:28:35.719-0500 [DEBUG] [org.gradle.cache.internal.DefaultFileLockManager] Waiting to acquire shared lock on daemon addresses registry.
2025-01-12T19:28:35.719-0500 [DEBUG] [org.gradle.cache.internal.DefaultFileLockManager] Lock acquired on daemon addresses registry.
2025-01-12T19:28:35.719-0500 [DEBUG] [org.gradle.cache.internal.DefaultFileLockManager] Releasing lock on daemon addresses registry.
2025-01-12T19:28:35.719-0500 [DEBUG] [org.gradle.cache.internal.DefaultFileLockManager] Waiting to acquire shared lock on daemon addresses registry.
2025-01-12T19:28:35.719-0500 [DEBUG] [org.gradle.cache.internal.DefaultFileLockManager] Lock acquired on daemon addresses registry.
2025-01-12T19:28:35.719-0500 [DEBUG] [org.gradle.cache.internal.DefaultFileLockManager] Releasing lock on daemon addresses registry.
2025-01-12T19:28:38.249-0500 [DEBUG] [org.gradle.process.internal.health.memory.DefaultMemoryManager] 3352202444 physical memory requested, 951914496 free
2025-01-12T19:28:38.249-0500 [DEBUG] [org.gradle.workers.internal.WorkerDaemonExpiration] Will attempt to release 3196 of memory
2025-01-12T19:28:38.249-0500 [DEBUG] [org.gradle.process.internal.health.memory.DefaultMemoryManager] 3352202444 physical memory requested, 0 released, 951914496 free
2025-01-12T19:28:43.253-0500 [DEBUG] [org.gradle.process.internal.health.memory.DefaultMemoryManager] 3352202444 physical memory requested, 1348734976 free
2025-01-12T19:28:43.253-0500 [DEBUG] [org.gradle.workers.internal.WorkerDaemonExpiration] Will attempt to release 3196 of memory
2025-01-12T19:28:43.253-0500 [DEBUG] [org.gradle.process.internal.health.memory.DefaultMemoryManager] 3352202444 physical memory requested, 0 released, 1348734976 free
2025-01-12T19:28:45.721-0500 [DEBUG] [org.gradle.cache.internal.DefaultFileLockManager] Waiting to acquire shared lock on daemon addresses registry.
2025-01-12T19:28:45.721-0500 [DEBUG] [org.gradle.cache.internal.DefaultFileLockManager] Lock acquired on daemon addresses registry.
2025-01-12T19:28:45.721-0500 [DEBUG] [org.gradle.cache.internal.DefaultFileLockManager] Releasing lock on daemon addresses registry.
2025-01-12T19:28:45.722-0500 [DEBUG] [org.gradle.cache.internal.DefaultFileLockManager] Waiting to acquire shared lock on daemon addresses registry.
2025-01-12T19:28:45.722-0500 [DEBUG] [org.gradle.cache.internal.DefaultFileLockManager] Lock acquired on daemon addresses registry.
2025-01-12T19:28:45.722-0500 [DEBUG] [org.gradle.cache.internal.DefaultFileLockManager] Releasing lock on daemon addresses registry.
2025-01-12T19:28:45.723-0500 [DEBUG] [org.gradle.cache.internal.DefaultFileLockManager] Waiting to acquire shared lock on daemon addresses registry.
2025-01-12T19:28:45.723-0500 [DEBUG] [org.gradle.cache.internal.DefaultFileLockManager] Lock acquired on daemon addresses registry.
2025-01-12T19:28:45.723-0500 [DEBUG] [org.gradle.cache.internal.DefaultFileLockManager] Releasing lock on daemon addresses registry.
2025-01-12T19:28:48.248-0500 [DEBUG] [org.gradle.process.internal.health.memory.DefaultMemoryManager] 3352202444 physical memory requested, 1327767552 free
2025-01-12T19:28:48.248-0500 [DEBUG] [org.gradle.workers.internal.WorkerDaemonExpiration] Will attempt to release 3196 of memory
2025-01-12T19:28:48.248-0500 [DEBUG] [org.gradle.process.internal.health.memory.DefaultMemoryManager] 3352202444 physical memory requested, 0 released, 1327767552 free
2025-01-12T19:28:53.241-0500 [DEBUG] [org.gradle.process.internal.health.memory.DefaultMemoryManager] 3352202444 physical memory requested, 1209384960 free
2025-01-12T19:28:53.241-0500 [DEBUG] [org.gradle.workers.internal.WorkerDaemonExpiration] Will attempt to release 3196 of memory
2025-01-12T19:28:53.241-0500 [DEBUG] [org.gradle.process.internal.health.memory.DefaultMemoryManager] 3352202444 physical memory requested, 0 released, 1209384960 free
2025-01-12T19:28:55.717-0500 [DEBUG] [org.gradle.cache.internal.DefaultFileLockManager] Waiting to acquire shared lock on daemon addresses registry.
2025-01-12T19:28:55.717-0500 [DEBUG] [org.gradle.cache.internal.DefaultFileLockManager] Lock acquired on daemon addresses registry.
2025-01-12T19:28:55.717-0500 [DEBUG] [org.gradle.cache.internal.DefaultFileLockManager] Releasing lock on daemon addresses registry.
2025-01-12T19:28:55.718-0500 [DEBUG] [org.gradle.cache.internal.DefaultFileLockManager] Waiting to acquire shared lock on daemon addresses registry.
2025-01-12T19:28:55.718-0500 [DEBUG] [org.gradle.cache.internal.DefaultFileLockManager] Lock acquired on daemon addresses registry.
2025-01-12T19:28:55.718-0500 [DEBUG] [org.gradle.cache.internal.DefaultFileLockManager] Releasing lock on daemon addresses registry.
2025-01-12T19:28:55.719-0500 [DEBUG] [org.gradle.cache.internal.DefaultFileLockManager] Waiting to acquire shared lock on daemon addresses registry.
2025-01-12T19:28:55.719-0500 [DEBUG] [org.gradle.cache.internal.DefaultFileLockManager] Lock acquired on daemon addresses registry.
2025-01-12T19:28:55.719-0500 [DEBUG] [org.gradle.cache.internal.DefaultFileLockManager] Releasing lock on daemon addresses registry.
2025-01-12T19:28:58.249-0500 [DEBUG] [org.gradle.process.internal.health.memory.DefaultMemoryManager] 3352202444 physical memory requested, 1196843008 free
2025-01-12T19:28:58.249-0500 [DEBUG] [org.gradle.workers.internal.WorkerDaemonExpiration] Will attempt to release 3196 of memory
2025-01-12T19:28:58.249-0500 [DEBUG] [org.gradle.process.internal.health.memory.DefaultMemoryManager] 3352202444 physical memory requested, 0 released, 1196843008 free
2025-01-12T19:29:03.246-0500 [DEBUG] [org.gradle.process.internal.health.memory.DefaultMemoryManager] 3352202444 physical memory requested, 1248772096 free
2025-01-12T19:29:03.246-0500 [DEBUG] [org.gradle.workers.internal.WorkerDaemonExpiration] Will attempt to release 3196 of memory
2025-01-12T19:29:03.246-0500 [DEBUG] [org.gradle.process.internal.health.memory.DefaultMemoryManager] 3352202444 physical memory requested, 0 released, 1248772096 free
2025-01-12T19:29:05.718-0500 [DEBUG] [org.gradle.cache.internal.DefaultFileLockManager] Waiting to acquire shared lock on daemon addresses registry.
2025-01-12T19:29:05.718-0500 [DEBUG] [org.gradle.cache.internal.DefaultFileLockManager] Lock acquired on daemon addresses registry.
2025-01-12T19:29:05.718-0500 [DEBUG] [org.gradle.cache.internal.DefaultFileLockManager] Releasing lock on daemon addresses registry.
2025-01-12T19:29:05.719-0500 [DEBUG] [org.gradle.cache.internal.DefaultFileLockManager] Waiting to acquire shared lock on daemon addresses registry.
2025-01-12T19:29:05.719-0500 [DEBUG] [org.gradle.cache.internal.DefaultFileLockManager] Lock acquired on daemon addresses registry.
2025-01-12T19:29:05.719-0500 [DEBUG] [org.gradle.cache.internal.DefaultFileLockManager] Releasing lock on daemon addresses registry.
2025-01-12T19:29:05.720-0500 [DEBUG] [org.gradle.cache.internal.DefaultFileLockManager] Waiting to acquire shared lock on daemon addresses registry.
2025-01-12T19:29:05.720-0500 [DEBUG] [org.gradle.cache.internal.DefaultFileLockManager] Lock acquired on daemon addresses registry.
2025-01-12T19:29:05.720-0500 [DEBUG] [org.gradle.cache.internal.DefaultFileLockManager] Releasing lock on daemon addresses registry.
2025-01-12T19:29:08.253-0500 [DEBUG] [org.gradle.process.internal.health.memory.DefaultMemoryManager] 3352202444 physical memory requested, 1118777344 free
2025-01-12T19:29:08.253-0500 [DEBUG] [org.gradle.workers.internal.WorkerDaemonExpiration] Will attempt to release 3196 of memory
2025-01-12T19:29:08.253-0500 [DEBUG] [org.gradle.process.internal.health.memory.DefaultMemoryManager] 3352202444 physical memory requested, 0 released, 1118777344 free
2025-01-12T19:29:13.254-0500 [DEBUG] [org.gradle.process.internal.health.memory.DefaultMemoryManager] 3352202444 physical memory requested, 1084293120 free
2025-01-12T19:29:13.254-0500 [DEBUG] [org.gradle.workers.internal.WorkerDaemonExpiration] Will attempt to release 3196 of memory
2025-01-12T19:29:13.254-0500 [DEBUG] [org.gradle.process.internal.health.memory.DefaultMemoryManager] 3352202444 physical memory requested, 0 released, 1084293120 free
2025-01-12T19:29:15.723-0500 [DEBUG] [org.gradle.cache.internal.DefaultFileLockManager] Waiting to acquire shared lock on daemon addresses registry.
2025-01-12T19:29:15.723-0500 [DEBUG] [org.gradle.cache.internal.DefaultFileLockManager] Lock acquired on daemon addresses registry.
2025-01-12T19:29:15.724-0500 [DEBUG] [org.gradle.cache.internal.DefaultFileLockManager] Releasing lock on daemon addresses registry.
2025-01-12T19:29:15.724-0500 [DEBUG] [org.gradle.cache.internal.DefaultFileLockManager] Waiting to acquire shared lock on daemon addresses registry.
2025-01-12T19:29:15.724-0500 [DEBUG] [org.gradle.cache.internal.DefaultFileLockManager] Lock acquired on daemon addresses registry.
2025-01-12T19:29:15.724-0500 [DEBUG] [org.gradle.cache.internal.DefaultFileLockManager] Releasing lock on daemon addresses registry.
2025-01-12T19:29:15.725-0500 [DEBUG] [org.gradle.cache.internal.DefaultFileLockManager] Waiting to acquire shared lock on daemon addresses registry.
2025-01-12T19:29:15.725-0500 [DEBUG] [org.gradle.cache.internal.DefaultFileLockManager] Lock acquired on daemon addresses registry.
2025-01-12T19:29:15.725-0500 [DEBUG] [org.gradle.cache.internal.DefaultFileLockManager] Releasing lock on daemon addresses registry.
2025-01-12T19:29:18.246-0500 [DEBUG] [org.gradle.process.internal.health.memory.DefaultMemoryManager] 3352202444 physical memory requested, 1012502528 free
2025-01-12T19:29:18.246-0500 [DEBUG] [org.gradle.workers.internal.WorkerDaemonExpiration] Will attempt to release 3196 of memory
2025-01-12T19:29:18.246-0500 [DEBUG] [org.gradle.process.internal.health.memory.DefaultMemoryManager] 3352202444 physical memory requested, 0 released, 1012502528 free
2025-01-12T19:29:23.243-0500 [DEBUG] [org.gradle.process.internal.health.memory.DefaultMemoryManager] 3352202444 physical memory requested, 1039540224 free
2025-01-12T19:29:23.243-0500 [DEBUG] [org.gradle.workers.internal.WorkerDaemonExpiration] Will attempt to release 3196 of memory
2025-01-12T19:29:23.243-0500 [DEBUG] [org.gradle.process.internal.health.memory.DefaultMemoryManager] 3352202444 physical memory requested, 0 released, 1039540224 free
2025-01-12T19:29:25.724-0500 [DEBUG] [org.gradle.cache.internal.DefaultFileLockManager] Waiting to acquire shared lock on daemon addresses registry.
2025-01-12T19:29:25.724-0500 [DEBUG] [org.gradle.cache.internal.DefaultFileLockManager] Lock acquired on daemon addresses registry.
2025-01-12T19:29:25.724-0500 [DEBUG] [org.gradle.cache.internal.DefaultFileLockManager] Releasing lock on daemon addresses registry.
2025-01-12T19:29:25.725-0500 [DEBUG] [org.gradle.cache.internal.DefaultFileLockManager] Waiting to acquire shared lock on daemon addresses registry.
2025-01-12T19:29:25.725-0500 [DEBUG] [org.gradle.cache.internal.DefaultFileLockManager] Lock acquired on daemon addresses registry.
2025-01-12T19:29:25.725-0500 [DEBUG] [org.gradle.cache.internal.DefaultFileLockManager] Releasing lock on daemon addresses registry.
2025-01-12T19:29:25.726-0500 [DEBUG] [org.gradle.cache.internal.DefaultFileLockManager] Waiting to acquire shared lock on daemon addresses registry.
2025-01-12T19:29:25.726-0500 [DEBUG] [org.gradle.cache.internal.DefaultFileLockManager] Lock acquired on daemon addresses registry.
2025-01-12T19:29:25.726-0500 [DEBUG] [org.gradle.cache.internal.DefaultFileLockManager] Releasing lock on daemon addresses registry.
2025-01-12T19:29:28.255-0500 [DEBUG] [org.gradle.process.internal.health.memory.DefaultMemoryManager] 3352202444 physical memory requested, 1124077568 free
2025-01-12T19:29:28.255-0500 [DEBUG] [org.gradle.workers.internal.WorkerDaemonExpiration] Will attempt to release 3196 of memory
2025-01-12T19:29:28.255-0500 [DEBUG] [org.gradle.process.internal.health.memory.DefaultMemoryManager] 3352202444 physical memory requested, 0 released, 1124077568 free
2025-01-12T19:29:33.251-0500 [DEBUG] [org.gradle.process.internal.health.memory.DefaultMemoryManager] 3352202444 physical memory requested, 1074552832 free
2025-01-12T19:29:33.251-0500 [DEBUG] [org.gradle.workers.internal.WorkerDaemonExpiration] Will attempt to release 3196 of memory
2025-01-12T19:29:33.251-0500 [DEBUG] [org.gradle.process.internal.health.memory.DefaultMemoryManager] 3352202444 physical memory requested, 0 released, 1074552832 free
2025-01-12T19:29:35.720-0500 [DEBUG] [org.gradle.cache.internal.DefaultFileLockManager] Waiting to acquire shared lock on daemon addresses registry.
2025-01-12T19:29:35.720-0500 [DEBUG] [org.gradle.cache.internal.DefaultFileLockManager] Lock acquired on daemon addresses registry.
2025-01-12T19:29:35.720-0500 [DEBUG] [org.gradle.cache.internal.DefaultFileLockManager] Releasing lock on daemon addresses registry.
2025-01-12T19:29:35.721-0500 [DEBUG] [org.gradle.cache.internal.DefaultFileLockManager] Waiting to acquire shared lock on daemon addresses registry.
2025-01-12T19:29:35.721-0500 [DEBUG] [org.gradle.cache.internal.DefaultFileLockManager] Lock acquired on daemon addresses registry.
2025-01-12T19:29:35.721-0500 [DEBUG] [org.gradle.cache.internal.DefaultFileLockManager] Releasing lock on daemon addresses registry.
2025-01-12T19:29:35.722-0500 [DEBUG] [org.gradle.cache.internal.DefaultFileLockManager] Waiting to acquire shared lock on daemon addresses registry.
2025-01-12T19:29:35.722-0500 [DEBUG] [org.gradle.cache.internal.DefaultFileLockManager] Lock acquired on daemon addresses registry.
2025-01-12T19:29:35.722-0500 [DEBUG] [org.gradle.cache.internal.DefaultFileLockManager] Releasing lock on daemon addresses registry.
2025-01-12T19:29:38.240-0500 [DEBUG] [org.gradle.process.internal.health.memory.DefaultMemoryManager] 3352202444 physical memory requested, 1074282496 free
2025-01-12T19:29:38.240-0500 [DEBUG] [org.gradle.workers.internal.WorkerDaemonExpiration] Will attempt to release 3196 of memory
2025-01-12T19:29:38.240-0500 [DEBUG] [org.gradle.process.internal.health.memory.DefaultMemoryManager] 3352202444 physical memory requested, 0 released, 1074282496 free
2025-01-12T19:29:43.247-0500 [DEBUG] [org.gradle.process.internal.health.memory.DefaultMemoryManager] 3352202444 physical memory requested, 1081384960 free
2025-01-12T19:29:43.247-0500 [DEBUG] [org.gradle.workers.internal.WorkerDaemonExpiration] Will attempt to release 3196 of memory
2025-01-12T19:29:43.247-0500 [DEBUG] [org.gradle.process.internal.health.memory.DefaultMemoryManager] 3352202444 physical memory requested, 0 released, 1081384960 free
2025-01-12T19:29:45.716-0500 [DEBUG] [org.gradle.cache.internal.DefaultFileLockManager] Waiting to acquire shared lock on daemon addresses registry.
2025-01-12T19:29:45.716-0500 [DEBUG] [org.gradle.cache.internal.DefaultFileLockManager] Lock acquired on daemon addresses registry.
2025-01-12T19:29:45.716-0500 [DEBUG] [org.gradle.cache.internal.DefaultFileLockManager] Releasing lock on daemon addresses registry.
2025-01-12T19:29:45.716-0500 [DEBUG] [org.gradle.cache.internal.DefaultFileLockManager] Waiting to acquire shared lock on daemon addresses registry.
2025-01-12T19:29:45.717-0500 [DEBUG] [org.gradle.cache.internal.DefaultFileLockManager] Lock acquired on daemon addresses registry.
2025-01-12T19:29:45.717-0500 [DEBUG] [org.gradle.cache.internal.DefaultFileLockManager] Releasing lock on daemon addresses registry.
2025-01-12T19:29:45.717-0500 [DEBUG] [org.gradle.cache.internal.DefaultFileLockManager] Waiting to acquire shared lock on daemon addresses registry.
2025-01-12T19:29:45.717-0500 [DEBUG] [org.gradle.cache.internal.DefaultFileLockManager] Lock acquired on daemon addresses registry.
2025-01-12T19:29:45.717-0500 [DEBUG] [org.gradle.cache.internal.DefaultFileLockManager] Releasing lock on daemon addresses registry.
2025-01-12T19:29:48.242-0500 [DEBUG] [org.gradle.process.internal.health.memory.DefaultMemoryManager] 3352202444 physical memory requested, 1048182784 free
2025-01-12T19:29:48.242-0500 [DEBUG] [org.gradle.workers.internal.WorkerDaemonExpiration] Will attempt to release 3196 of memory
2025-01-12T19:29:48.242-0500 [DEBUG] [org.gradle.process.internal.health.memory.DefaultMemoryManager] 3352202444 physical memory requested, 0 released, 1048182784 free
2025-01-12T19:29:53.246-0500 [DEBUG] [org.gradle.process.internal.health.memory.DefaultMemoryManager] 3352202444 physical memory requested, 1082814464 free
2025-01-12T19:29:53.246-0500 [DEBUG] [org.gradle.workers.internal.WorkerDaemonExpiration] Will attempt to release 3196 of memory
2025-01-12T19:29:53.246-0500 [DEBUG] [org.gradle.process.internal.health.memory.DefaultMemoryManager] 3352202444 physical memory requested, 0 released, 1082814464 free
2025-01-12T19:29:55.723-0500 [DEBUG] [org.gradle.cache.internal.DefaultFileLockManager] Waiting to acquire shared lock on daemon addresses registry.
2025-01-12T19:29:55.723-0500 [DEBUG] [org.gradle.cache.internal.DefaultFileLockManager] Lock acquired on daemon addresses registry.
2025-01-12T19:29:55.723-0500 [DEBUG] [org.gradle.cache.internal.DefaultFileLockManager] Releasing lock on daemon addresses registry.
2025-01-12T19:29:55.724-0500 [DEBUG] [org.gradle.cache.internal.DefaultFileLockManager] Waiting to acquire shared lock on daemon addresses registry.
2025-01-12T19:29:55.724-0500 [DEBUG] [org.gradle.cache.internal.DefaultFileLockManager] Lock acquired on daemon addresses registry.
2025-01-12T19:29:55.724-0500 [DEBUG] [org.gradle.cache.internal.DefaultFileLockManager] Releasing lock on daemon addresses registry.
2025-01-12T19:29:55.725-0500 [DEBUG] [org.gradle.cache.internal.DefaultFileLockManager] Waiting to acquire shared lock on daemon addresses registry.
2025-01-12T19:29:55.725-0500 [DEBUG] [org.gradle.cache.internal.DefaultFileLockManager] Lock acquired on daemon addresses registry.
2025-01-12T19:29:55.725-0500 [DEBUG] [org.gradle.cache.internal.DefaultFileLockManager] Releasing lock on daemon addresses registry.
2025-01-12T19:29:58.259-0500 [DEBUG] [org.gradle.process.internal.health.memory.DefaultMemoryManager] 3352202444 physical memory requested, 698077184 free
2025-01-12T19:29:58.259-0500 [DEBUG] [org.gradle.workers.internal.WorkerDaemonExpiration] Will attempt to release 3196 of memory
2025-01-12T19:29:58.260-0500 [DEBUG] [org.gradle.process.internal.health.memory.DefaultMemoryManager] 3352202444 physical memory requested, 0 released, 698077184 free
2025-01-12T19:30:03.253-0500 [DEBUG] [org.gradle.process.internal.health.memory.DefaultMemoryManager] 3352202444 physical memory requested, 1049165824 free
2025-01-12T19:30:03.253-0500 [DEBUG] [org.gradle.workers.internal.WorkerDaemonExpiration] Will attempt to release 3196 of memory
2025-01-12T19:30:03.253-0500 [DEBUG] [org.gradle.process.internal.health.memory.DefaultMemoryManager] 3352202444 physical memory requested, 0 released, 1049165824 free
2025-01-12T19:30:05.715-0500 [DEBUG] [org.gradle.cache.internal.DefaultFileLockManager] Waiting to acquire shared lock on daemon addresses registry.
2025-01-12T19:30:05.715-0500 [DEBUG] [org.gradle.cache.internal.DefaultFileLockManager] Lock acquired on daemon addresses registry.
2025-01-12T19:30:05.715-0500 [DEBUG] [org.gradle.cache.internal.DefaultFileLockManager] Releasing lock on daemon addresses registry.
2025-01-12T19:30:05.716-0500 [DEBUG] [org.gradle.cache.internal.DefaultFileLockManager] Waiting to acquire shared lock on daemon addresses registry.
2025-01-12T19:30:05.716-0500 [DEBUG] [org.gradle.cache.internal.DefaultFileLockManager] Lock acquired on daemon addresses registry.
2025-01-12T19:30:05.716-0500 [DEBUG] [org.gradle.cache.internal.DefaultFileLockManager] Releasing lock on daemon addresses registry.
2025-01-12T19:30:05.716-0500 [DEBUG] [org.gradle.cache.internal.DefaultFileLockManager] Waiting to acquire shared lock on daemon addresses registry.
2025-01-12T19:30:05.717-0500 [DEBUG] [org.gradle.cache.internal.DefaultFileLockManager] Lock acquired on daemon addresses registry.
2025-01-12T19:30:05.717-0500 [DEBUG] [org.gradle.cache.internal.DefaultFileLockManager] Releasing lock on daemon addresses registry.
2025-01-12T19:30:08.254-0500 [DEBUG] [org.gradle.process.internal.health.memory.DefaultMemoryManager] 3352202444 physical memory requested, 1443147776 free
2025-01-12T19:30:08.254-0500 [DEBUG] [org.gradle.workers.internal.WorkerDaemonExpiration] Will attempt to release 3196 of memory
2025-01-12T19:30:08.254-0500 [DEBUG] [org.gradle.process.internal.health.memory.DefaultMemoryManager] 3352202444 physical memory requested, 0 released, 1443147776 free
2025-01-12T19:30:13.242-0500 [DEBUG] [org.gradle.process.internal.health.memory.DefaultMemoryManager] 3352202444 physical memory requested, 1416036352 free
2025-01-12T19:30:13.242-0500 [DEBUG] [org.gradle.workers.internal.WorkerDaemonExpiration] Will attempt to release 3196 of memory
2025-01-12T19:30:13.242-0500 [DEBUG] [org.gradle.process.internal.health.memory.DefaultMemoryManager] 3352202444 physical memory requested, 0 released, 1416036352 free
2025-01-12T19:30:15.721-0500 [DEBUG] [org.gradle.cache.internal.DefaultFileLockManager] Waiting to acquire shared lock on daemon addresses registry.
2025-01-12T19:30:15.721-0500 [DEBUG] [org.gradle.cache.internal.DefaultFileLockManager] Lock acquired on daemon addresses registry.
2025-01-12T19:30:15.722-0500 [DEBUG] [org.gradle.cache.internal.DefaultFileLockManager] Releasing lock on daemon addresses registry.
2025-01-12T19:30:15.722-0500 [DEBUG] [org.gradle.cache.internal.DefaultFileLockManager] Waiting to acquire shared lock on daemon addresses registry.
2025-01-12T19:30:15.722-0500 [DEBUG] [org.gradle.cache.internal.DefaultFileLockManager] Lock acquired on daemon addresses registry.
2025-01-12T19:30:15.722-0500 [DEBUG] [org.gradle.cache.internal.DefaultFileLockManager] Releasing lock on daemon addresses registry.
2025-01-12T19:30:15.723-0500 [DEBUG] [org.gradle.cache.internal.DefaultFileLockManager] Waiting to acquire shared lock on daemon addresses registry.
2025-01-12T19:30:15.723-0500 [DEBUG] [org.gradle.cache.internal.DefaultFileLockManager] Lock acquired on daemon addresses registry.
2025-01-12T19:30:15.723-0500 [DEBUG] [org.gradle.cache.internal.DefaultFileLockManager] Releasing lock on daemon addresses registry.
2025-01-12T19:30:18.241-0500 [DEBUG] [org.gradle.process.internal.health.memory.DefaultMemoryManager] 3352202444 physical memory requested, 1399533568 free
2025-01-12T19:30:18.241-0500 [DEBUG] [org.gradle.workers.internal.WorkerDaemonExpiration] Will attempt to release 3196 of memory
2025-01-12T19:30:18.241-0500 [DEBUG] [org.gradle.process.internal.health.memory.DefaultMemoryManager] 3352202444 physical memory requested, 0 released, 1399533568 free
2025-01-12T19:30:23.254-0500 [DEBUG] [org.gradle.process.internal.health.memory.DefaultMemoryManager] 3352202444 physical memory requested, 1348845568 free
2025-01-12T19:30:23.254-0500 [DEBUG] [org.gradle.workers.internal.WorkerDaemonExpiration] Will attempt to release 3196 of memory
2025-01-12T19:30:23.254-0500 [DEBUG] [org.gradle.process.internal.health.memory.DefaultMemoryManager] 3352202444 physical memory requested, 0 released, 1348845568 free
2025-01-12T19:30:25.723-0500 [DEBUG] [org.gradle.cache.internal.DefaultFileLockManager] Waiting to acquire shared lock on daemon addresses registry.
2025-01-12T19:30:25.723-0500 [DEBUG] [org.gradle.cache.internal.DefaultFileLockManager] Lock acquired on daemon addresses registry.
2025-01-12T19:30:25.724-0500 [DEBUG] [org.gradle.cache.internal.DefaultFileLockManager] Releasing lock on daemon addresses registry.
2025-01-12T19:30:25.724-0500 [DEBUG] [org.gradle.cache.internal.DefaultFileLockManager] Waiting to acquire shared lock on daemon addresses registry.
2025-01-12T19:30:25.724-0500 [DEBUG] [org.gradle.cache.internal.DefaultFileLockManager] Lock acquired on daemon addresses registry.
2025-01-12T19:30:25.725-0500 [DEBUG] [org.gradle.cache.internal.DefaultFileLockManager] Releasing lock on daemon addresses registry.
2025-01-12T19:30:25.725-0500 [DEBUG] [org.gradle.cache.internal.DefaultFileLockManager] Waiting to acquire shared lock on daemon addresses registry.
2025-01-12T19:30:25.725-0500 [DEBUG] [org.gradle.cache.internal.DefaultFileLockManager] Lock acquired on daemon addresses registry.
2025-01-12T19:30:25.725-0500 [DEBUG] [org.gradle.cache.internal.DefaultFileLockManager] Releasing lock on daemon addresses registry.
2025-01-12T19:30:28.239-0500 [DEBUG] [org.gradle.process.internal.health.memory.DefaultMemoryManager] 3352202444 physical memory requested, 1486151680 free
2025-01-12T19:30:28.239-0500 [DEBUG] [org.gradle.workers.internal.WorkerDaemonExpiration] Will attempt to release 3196 of memory
2025-01-12T19:30:28.239-0500 [DEBUG] [org.gradle.process.internal.health.memory.DefaultMemoryManager] 3352202444 physical memory requested, 0 released, 1486151680 free
2025-01-12T19:30:33.245-0500 [DEBUG] [org.gradle.process.internal.health.memory.DefaultMemoryManager] 3352202444 physical memory requested, 1435279360 free
2025-01-12T19:30:33.245-0500 [DEBUG] [org.gradle.workers.internal.WorkerDaemonExpiration] Will attempt to release 3196 of memory
2025-01-12T19:30:33.245-0500 [DEBUG] [org.gradle.process.internal.health.memory.DefaultMemoryManager] 3352202444 physical memory requested, 0 released, 1435279360 free
2025-01-12T19:30:35.726-0500 [DEBUG] [org.gradle.cache.internal.DefaultFileLockManager] Waiting to acquire shared lock on daemon addresses registry.
2025-01-12T19:30:35.726-0500 [DEBUG] [org.gradle.cache.internal.DefaultFileLockManager] Lock acquired on daemon addresses registry.
2025-01-12T19:30:35.726-0500 [DEBUG] [org.gradle.cache.internal.DefaultFileLockManager] Releasing lock on daemon addresses registry.
2025-01-12T19:30:35.727-0500 [DEBUG] [org.gradle.cache.internal.DefaultFileLockManager] Waiting to acquire shared lock on daemon addresses registry.
2025-01-12T19:30:35.727-0500 [DEBUG] [org.gradle.cache.internal.DefaultFileLockManager] Lock acquired on daemon addresses registry.
2025-01-12T19:30:35.727-0500 [DEBUG] [org.gradle.cache.internal.DefaultFileLockManager] Releasing lock on daemon addresses registry.
2025-01-12T19:30:35.728-0500 [DEBUG] [org.gradle.cache.internal.DefaultFileLockManager] Waiting to acquire shared lock on daemon addresses registry.
2025-01-12T19:30:35.728-0500 [DEBUG] [org.gradle.cache.internal.DefaultFileLockManager] Lock acquired on daemon addresses registry.
2025-01-12T19:30:35.728-0500 [DEBUG] [org.gradle.cache.internal.DefaultFileLockManager] Releasing lock on daemon addresses registry.
2025-01-12T19:30:38.247-0500 [DEBUG] [org.gradle.process.internal.health.memory.DefaultMemoryManager] 3352202444 physical memory requested, 1394925568 free
2025-01-12T19:30:38.247-0500 [DEBUG] [org.gradle.workers.internal.WorkerDaemonExpiration] Will attempt to release 3196 of memory
2025-01-12T19:30:38.247-0500 [DEBUG] [org.gradle.process.internal.health.memory.DefaultMemoryManager] 3352202444 physical memory requested, 0 released, 1394925568 free
2025-01-12T19:30:43.248-0500 [DEBUG] [org.gradle.process.internal.health.memory.DefaultMemoryManager] 3352202444 physical memory requested, 1375076352 free
2025-01-12T19:30:43.248-0500 [DEBUG] [org.gradle.workers.internal.WorkerDaemonExpiration] Will attempt to release 3196 of memory
2025-01-12T19:30:43.248-0500 [DEBUG] [org.gradle.process.internal.health.memory.DefaultMemoryManager] 3352202444 physical memory requested, 0 released, 1375076352 free
2025-01-12T19:30:45.730-0500 [DEBUG] [org.gradle.cache.internal.DefaultFileLockManager] Waiting to acquire shared lock on daemon addresses registry.
2025-01-12T19:30:45.730-0500 [DEBUG] [org.gradle.cache.internal.DefaultFileLockManager] Lock acquired on daemon addresses registry.
2025-01-12T19:30:45.730-0500 [DEBUG] [org.gradle.cache.internal.DefaultFileLockManager] Releasing lock on daemon addresses registry.
2025-01-12T19:30:45.731-0500 [DEBUG] [org.gradle.cache.internal.DefaultFileLockManager] Waiting to acquire shared lock on daemon addresses registry.
2025-01-12T19:30:45.731-0500 [DEBUG] [org.gradle.cache.internal.DefaultFileLockManager] Lock acquired on daemon addresses registry.
2025-01-12T19:30:45.731-0500 [DEBUG] [org.gradle.cache.internal.DefaultFileLockManager] Releasing lock on daemon addresses registry.
2025-01-12T19:30:45.731-0500 [DEBUG] [org.gradle.cache.internal.DefaultFileLockManager] Waiting to acquire shared lock on daemon addresses registry.
2025-01-12T19:30:45.731-0500 [DEBUG] [org.gradle.cache.internal.DefaultFileLockManager] Lock acquired on daemon addresses registry.
2025-01-12T19:30:45.731-0500 [DEBUG] [org.gradle.cache.internal.DefaultFileLockManager] Releasing lock on daemon addresses registry.
2025-01-12T19:30:48.243-0500 [DEBUG] [org.gradle.process.internal.health.memory.DefaultMemoryManager] 3352202444 physical memory requested, 1295282176 free
2025-01-12T19:30:48.243-0500 [DEBUG] [org.gradle.workers.internal.WorkerDaemonExpiration] Will attempt to release 3196 of memory
2025-01-12T19:30:48.243-0500 [DEBUG] [org.gradle.process.internal.health.memory.DefaultMemoryManager] 3352202444 physical memory requested, 0 released, 1295282176 free
2025-01-12T19:30:53.248-0500 [DEBUG] [org.gradle.process.internal.health.memory.DefaultMemoryManager] 3352202444 physical memory requested, 1320841216 free
2025-01-12T19:30:53.248-0500 [DEBUG] [org.gradle.workers.internal.WorkerDaemonExpiration] Will attempt to release 3196 of memory
2025-01-12T19:30:53.248-0500 [DEBUG] [org.gradle.process.internal.health.memory.DefaultMemoryManager] 3352202444 physical memory requested, 0 released, 1320841216 free
2025-01-12T19:30:55.720-0500 [DEBUG] [org.gradle.cache.internal.DefaultFileLockManager] Waiting to acquire shared lock on daemon addresses registry.
2025-01-12T19:30:55.721-0500 [DEBUG] [org.gradle.cache.internal.DefaultFileLockManager] Lock acquired on daemon addresses registry.
2025-01-12T19:30:55.721-0500 [DEBUG] [org.gradle.cache.internal.DefaultFileLockManager] Releasing lock on daemon addresses registry.
2025-01-12T19:30:55.721-0500 [DEBUG] [org.gradle.cache.internal.DefaultFileLockManager] Waiting to acquire shared lock on daemon addresses registry.
2025-01-12T19:30:55.721-0500 [DEBUG] [org.gradle.cache.internal.DefaultFileLockManager] Lock acquired on daemon addresses registry.
2025-01-12T19:30:55.722-0500 [DEBUG] [org.gradle.cache.internal.DefaultFileLockManager] Releasing lock on daemon addresses registry.
2025-01-12T19:30:55.722-0500 [DEBUG] [org.gradle.cache.internal.DefaultFileLockManager] Waiting to acquire shared lock on daemon addresses registry.
2025-01-12T19:30:55.722-0500 [DEBUG] [org.gradle.cache.internal.DefaultFileLockManager] Lock acquired on daemon addresses registry.
2025-01-12T19:30:55.722-0500 [DEBUG] [org.gradle.cache.internal.DefaultFileLockManager] Releasing lock on daemon addresses registry.
2025-01-12T19:30:58.239-0500 [DEBUG] [org.gradle.process.internal.health.memory.DefaultMemoryManager] 3352202444 physical memory requested, 1327161344 free
2025-01-12T19:30:58.239-0500 [DEBUG] [org.gradle.workers.internal.WorkerDaemonExpiration] Will attempt to release 3196 of memory
2025-01-12T19:30:58.239-0500 [DEBUG] [org.gradle.process.internal.health.memory.DefaultMemoryManager] 3352202444 physical memory requested, 0 released, 1327161344 free
2025-01-12T19:31:03.252-0500 [DEBUG] [org.gradle.process.internal.health.memory.DefaultMemoryManager] 3352202444 physical memory requested, 1320628224 free
2025-01-12T19:31:03.252-0500 [DEBUG] [org.gradle.workers.internal.WorkerDaemonExpiration] Will attempt to release 3196 of memory
2025-01-12T19:31:03.252-0500 [DEBUG] [org.gradle.process.internal.health.memory.DefaultMemoryManager] 3352202444 physical memory requested, 0 released, 1320628224 free
2025-01-12T19:31:05.729-0500 [DEBUG] [org.gradle.cache.internal.DefaultFileLockManager] Waiting to acquire shared lock on daemon addresses registry.
2025-01-12T19:31:05.729-0500 [DEBUG] [org.gradle.cache.internal.DefaultFileLockManager] Lock acquired on daemon addresses registry.
2025-01-12T19:31:05.729-0500 [DEBUG] [org.gradle.cache.internal.DefaultFileLockManager] Releasing lock on daemon addresses registry.
2025-01-12T19:31:05.730-0500 [DEBUG] [org.gradle.cache.internal.DefaultFileLockManager] Waiting to acquire shared lock on daemon addresses registry.
2025-01-12T19:31:05.730-0500 [DEBUG] [org.gradle.cache.internal.DefaultFileLockManager] Lock acquired on daemon addresses registry.
2025-01-12T19:31:05.730-0500 [DEBUG] [org.gradle.cache.internal.DefaultFileLockManager] Releasing lock on daemon addresses registry.
2025-01-12T19:31:05.731-0500 [DEBUG] [org.gradle.cache.internal.DefaultFileLockManager] Waiting to acquire shared lock on daemon addresses registry.
2025-01-12T19:31:05.731-0500 [DEBUG] [org.gradle.cache.internal.DefaultFileLockManager] Lock acquired on daemon addresses registry.
2025-01-12T19:31:05.731-0500 [DEBUG] [org.gradle.cache.internal.DefaultFileLockManager] Releasing lock on daemon addresses registry.
2025-01-12T19:31:08.250-0500 [DEBUG] [org.gradle.process.internal.health.memory.DefaultMemoryManager] 3352202444 physical memory requested, 1368555520 free
2025-01-12T19:31:08.251-0500 [DEBUG] [org.gradle.workers.internal.WorkerDaemonExpiration] Will attempt to release 3196 of memory
2025-01-12T19:31:08.251-0500 [DEBUG] [org.gradle.process.internal.health.memory.DefaultMemoryManager] 3352202444 physical memory requested, 0 released, 1368555520 free
2025-01-12T19:31:13.239-0500 [DEBUG] [org.gradle.process.internal.health.memory.DefaultMemoryManager] 3352202444 physical memory requested, 1375059968 free
2025-01-12T19:31:13.239-0500 [DEBUG] [org.gradle.workers.internal.WorkerDaemonExpiration] Will attempt to release 3196 of memory
2025-01-12T19:31:13.239-0500 [DEBUG] [org.gradle.process.internal.health.memory.DefaultMemoryManager] 3352202444 physical memory requested, 0 released, 1375059968 free
2025-01-12T19:31:15.721-0500 [DEBUG] [org.gradle.cache.internal.DefaultFileLockManager] Waiting to acquire shared lock on daemon addresses registry.
2025-01-12T19:31:15.721-0500 [DEBUG] [org.gradle.cache.internal.DefaultFileLockManager] Lock acquired on daemon addresses registry.
2025-01-12T19:31:15.721-0500 [DEBUG] [org.gradle.cache.internal.DefaultFileLockManager] Releasing lock on daemon addresses registry.
2025-01-12T19:31:15.722-0500 [DEBUG] [org.gradle.cache.internal.DefaultFileLockManager] Waiting to acquire shared lock on daemon addresses registry.
2025-01-12T19:31:15.722-0500 [DEBUG] [org.gradle.cache.internal.DefaultFileLockManager] Lock acquired on daemon addresses registry.
2025-01-12T19:31:15.722-0500 [DEBUG] [org.gradle.cache.internal.DefaultFileLockManager] Releasing lock on daemon addresses registry.
2025-01-12T19:31:15.723-0500 [DEBUG] [org.gradle.cache.internal.DefaultFileLockManager] Waiting to acquire shared lock on daemon addresses registry.
2025-01-12T19:31:15.723-0500 [DEBUG] [org.gradle.cache.internal.DefaultFileLockManager] Lock acquired on daemon addresses registry.
2025-01-12T19:31:15.723-0500 [DEBUG] [org.gradle.cache.internal.DefaultFileLockManager] Releasing lock on daemon addresses registry.
2025-01-12T19:31:18.242-0500 [DEBUG] [org.gradle.process.internal.health.memory.DefaultMemoryManager] 3352202444 physical memory requested, 1331990528 free
2025-01-12T19:31:18.242-0500 [DEBUG] [org.gradle.workers.internal.WorkerDaemonExpiration] Will attempt to release 3196 of memory
2025-01-12T19:31:18.242-0500 [DEBUG] [org.gradle.process.internal.health.memory.DefaultMemoryManager] 3352202444 physical memory requested, 0 released, 1331990528 free
2025-01-12T19:31:23.253-0500 [DEBUG] [org.gradle.process.internal.health.memory.DefaultMemoryManager] 3352202444 physical memory requested, 1288839168 free
2025-01-12T19:31:23.253-0500 [DEBUG] [org.gradle.workers.internal.WorkerDaemonExpiration] Will attempt to release 3196 of memory
2025-01-12T19:31:23.253-0500 [DEBUG] [org.gradle.process.internal.health.memory.DefaultMemoryManager] 3352202444 physical memory requested, 0 released, 1288839168 free
2025-01-12T19:31:25.722-0500 [DEBUG] [org.gradle.cache.internal.DefaultFileLockManager] Waiting to acquire shared lock on daemon addresses registry.
2025-01-12T19:31:25.722-0500 [DEBUG] [org.gradle.cache.internal.DefaultFileLockManager] Lock acquired on daemon addresses registry.
2025-01-12T19:31:25.722-0500 [DEBUG] [org.gradle.cache.internal.DefaultFileLockManager] Releasing lock on daemon addresses registry.
2025-01-12T19:31:25.722-0500 [DEBUG] [org.gradle.cache.internal.DefaultFileLockManager] Waiting to acquire shared lock on daemon addresses registry.
2025-01-12T19:31:25.723-0500 [DEBUG] [org.gradle.cache.internal.DefaultFileLockManager] Lock acquired on daemon addresses registry.
2025-01-12T19:31:25.723-0500 [DEBUG] [org.gradle.cache.internal.DefaultFileLockManager] Releasing lock on daemon addresses registry.
2025-01-12T19:31:25.723-0500 [DEBUG] [org.gradle.cache.internal.DefaultFileLockManager] Waiting to acquire shared lock on daemon addresses registry.
2025-01-12T19:31:25.723-0500 [DEBUG] [org.gradle.cache.internal.DefaultFileLockManager] Lock acquired on daemon addresses registry.
2025-01-12T19:31:25.723-0500 [DEBUG] [org.gradle.cache.internal.DefaultFileLockManager] Releasing lock on daemon addresses registry.
2025-01-12T19:31:28.251-0500 [DEBUG] [org.gradle.process.internal.health.memory.DefaultMemoryManager] 3352202444 physical memory requested, 1286258688 free
2025-01-12T19:31:28.251-0500 [DEBUG] [org.gradle.workers.internal.WorkerDaemonExpiration] Will attempt to release 3196 of memory
2025-01-12T19:31:28.252-0500 [DEBUG] [org.gradle.process.internal.health.memory.DefaultMemoryManager] 3352202444 physical memory requested, 0 released, 1286258688 free
2025-01-12T19:31:33.249-0500 [DEBUG] [org.gradle.process.internal.health.memory.DefaultMemoryManager] 3352202444 physical memory requested, 1032818688 free
2025-01-12T19:31:33.249-0500 [DEBUG] [org.gradle.workers.internal.WorkerDaemonExpiration] Will attempt to release 3196 of memory
2025-01-12T19:31:33.249-0500 [DEBUG] [org.gradle.process.internal.health.memory.DefaultMemoryManager] 3352202444 physical memory requested, 0 released, 1032818688 free
2025-01-12T19:31:35.728-0500 [DEBUG] [org.gradle.cache.internal.DefaultFileLockManager] Waiting to acquire shared lock on daemon addresses registry.
2025-01-12T19:31:35.729-0500 [DEBUG] [org.gradle.cache.internal.DefaultFileLockManager] Lock acquired on daemon addresses registry.
2025-01-12T19:31:35.729-0500 [DEBUG] [org.gradle.cache.internal.DefaultFileLockManager] Releasing lock on daemon addresses registry.
2025-01-12T19:31:35.729-0500 [DEBUG] [org.gradle.cache.internal.DefaultFileLockManager] Waiting to acquire shared lock on daemon addresses registry.
2025-01-12T19:31:35.729-0500 [DEBUG] [org.gradle.cache.internal.DefaultFileLockManager] Lock acquired on daemon addresses registry.
2025-01-12T19:31:35.729-0500 [DEBUG] [org.gradle.cache.internal.DefaultFileLockManager] Releasing lock on daemon addresses registry.
2025-01-12T19:31:35.730-0500 [DEBUG] [org.gradle.cache.internal.DefaultFileLockManager] Waiting to acquire shared lock on daemon addresses registry.
2025-01-12T19:31:35.730-0500 [DEBUG] [org.gradle.cache.internal.DefaultFileLockManager] Lock acquired on daemon addresses registry.
2025-01-12T19:31:35.730-0500 [DEBUG] [org.gradle.cache.internal.DefaultFileLockManager] Releasing lock on daemon addresses registry.
2025-01-12T19:31:38.252-0500 [DEBUG] [org.gradle.process.internal.health.memory.DefaultMemoryManager] 3352202444 physical memory requested, 1003048960 free
2025-01-12T19:31:38.252-0500 [DEBUG] [org.gradle.workers.internal.WorkerDaemonExpiration] Will attempt to release 3196 of memory
2025-01-12T19:31:38.252-0500 [DEBUG] [org.gradle.process.internal.health.memory.DefaultMemoryManager] 3352202444 physical memory requested, 0 released, 1003048960 free
2025-01-12T19:31:43.255-0500 [DEBUG] [org.gradle.process.internal.health.memory.DefaultMemoryManager] 3352202444 physical memory requested, 971456512 free
2025-01-12T19:31:43.255-0500 [DEBUG] [org.gradle.workers.internal.WorkerDaemonExpiration] Will attempt to release 3196 of memory
2025-01-12T19:31:43.255-0500 [DEBUG] [org.gradle.process.internal.health.memory.DefaultMemoryManager] 3352202444 physical memory requested, 0 released, 971456512 free
2025-01-12T19:31:45.719-0500 [DEBUG] [org.gradle.cache.internal.DefaultFileLockManager] Waiting to acquire shared lock on daemon addresses registry.
2025-01-12T19:31:45.719-0500 [DEBUG] [org.gradle.cache.internal.DefaultFileLockManager] Lock acquired on daemon addresses registry.
2025-01-12T19:31:45.720-0500 [DEBUG] [org.gradle.cache.internal.DefaultFileLockManager] Releasing lock on daemon addresses registry.
2025-01-12T19:31:45.720-0500 [DEBUG] [org.gradle.cache.internal.DefaultFileLockManager] Waiting to acquire shared lock on daemon addresses registry.
2025-01-12T19:31:45.720-0500 [DEBUG] [org.gradle.cache.internal.DefaultFileLockManager] Lock acquired on daemon addresses registry.
2025-01-12T19:31:45.721-0500 [DEBUG] [org.gradle.cache.internal.DefaultFileLockManager] Releasing lock on daemon addresses registry.
2025-01-12T19:31:45.721-0500 [DEBUG] [org.gradle.cache.internal.DefaultFileLockManager] Waiting to acquire shared lock on daemon addresses registry.
2025-01-12T19:31:45.721-0500 [DEBUG] [org.gradle.cache.internal.DefaultFileLockManager] Lock acquired on daemon addresses registry.
2025-01-12T19:31:45.721-0500 [DEBUG] [org.gradle.cache.internal.DefaultFileLockManager] Releasing lock on daemon addresses registry.
2025-01-12T19:31:48.240-0500 [DEBUG] [org.gradle.process.internal.health.memory.DefaultMemoryManager] 3352202444 physical memory requested, 987099136 free
2025-01-12T19:31:48.240-0500 [DEBUG] [org.gradle.workers.internal.WorkerDaemonExpiration] Will attempt to release 3196 of memory
2025-01-12T19:31:48.240-0500 [DEBUG] [org.gradle.process.internal.health.memory.DefaultMemoryManager] 3352202444 physical memory requested, 0 released, 987099136 free
2025-01-12T19:31:53.250-0500 [DEBUG] [org.gradle.process.internal.health.memory.DefaultMemoryManager] 3352202444 physical memory requested, 1024266240 free
2025-01-12T19:31:53.250-0500 [DEBUG] [org.gradle.workers.internal.WorkerDaemonExpiration] Will attempt to release 3196 of memory
2025-01-12T19:31:53.250-0500 [DEBUG] [org.gradle.process.internal.health.memory.DefaultMemoryManager] 3352202444 physical memory requested, 0 released, 1024266240 free
2025-01-12T19:31:55.728-0500 [DEBUG] [org.gradle.cache.internal.DefaultFileLockManager] Waiting to acquire shared lock on daemon addresses registry.
2025-01-12T19:31:55.728-0500 [DEBUG] [org.gradle.cache.internal.DefaultFileLockManager] Lock acquired on daemon addresses registry.
2025-01-12T19:31:55.728-0500 [DEBUG] [org.gradle.cache.internal.DefaultFileLockManager] Releasing lock on daemon addresses registry.
2025-01-12T19:31:55.729-0500 [DEBUG] [org.gradle.cache.internal.DefaultFileLockManager] Waiting to acquire shared lock on daemon addresses registry.
2025-01-12T19:31:55.729-0500 [DEBUG] [org.gradle.cache.internal.DefaultFileLockManager] Lock acquired on daemon addresses registry.
2025-01-12T19:31:55.729-0500 [DEBUG] [org.gradle.cache.internal.DefaultFileLockManager] Releasing lock on daemon addresses registry.
2025-01-12T19:31:55.730-0500 [DEBUG] [org.gradle.cache.internal.DefaultFileLockManager] Waiting to acquire shared lock on daemon addresses registry.
2025-01-12T19:31:55.730-0500 [DEBUG] [org.gradle.cache.internal.DefaultFileLockManager] Lock acquired on daemon addresses registry.
2025-01-12T19:31:55.730-0500 [DEBUG] [org.gradle.cache.internal.DefaultFileLockManager] Releasing lock on daemon addresses registry.
2025-01-12T19:31:58.242-0500 [DEBUG] [org.gradle.process.internal.health.memory.DefaultMemoryManager] 3352202444 physical memory requested, 979427328 free
2025-01-12T19:31:58.242-0500 [DEBUG] [org.gradle.workers.internal.WorkerDaemonExpiration] Will attempt to release 3196 of memory
2025-01-12T19:31:58.242-0500 [DEBUG] [org.gradle.process.internal.health.memory.DefaultMemoryManager] 3352202444 physical memory requested, 0 released, 979427328 free
2025-01-12T19:32:03.251-0500 [DEBUG] [org.gradle.process.internal.health.memory.DefaultMemoryManager] 3352202444 physical memory requested, 1071853568 free
2025-01-12T19:32:03.251-0500 [DEBUG] [org.gradle.workers.internal.WorkerDaemonExpiration] Will attempt to release 3196 of memory
2025-01-12T19:32:03.251-0500 [DEBUG] [org.gradle.process.internal.health.memory.DefaultMemoryManager] 3352202444 physical memory requested, 0 released, 1071853568 free
2025-01-12T19:32:05.716-0500 [DEBUG] [org.gradle.cache.internal.DefaultFileLockManager] Waiting to acquire shared lock on daemon addresses registry.
2025-01-12T19:32:05.716-0500 [DEBUG] [org.gradle.cache.internal.DefaultFileLockManager] Lock acquired on daemon addresses registry.
2025-01-12T19:32:05.716-0500 [DEBUG] [org.gradle.cache.internal.DefaultFileLockManager] Releasing lock on daemon addresses registry.
2025-01-12T19:32:05.717-0500 [DEBUG] [org.gradle.cache.internal.DefaultFileLockManager] Waiting to acquire shared lock on daemon addresses registry.
2025-01-12T19:32:05.717-0500 [DEBUG] [org.gradle.cache.internal.DefaultFileLockManager] Lock acquired on daemon addresses registry.
2025-01-12T19:32:05.717-0500 [DEBUG] [org.gradle.cache.internal.DefaultFileLockManager] Releasing lock on daemon addresses registry.
2025-01-12T19:32:05.717-0500 [DEBUG] [org.gradle.cache.internal.DefaultFileLockManager] Waiting to acquire shared lock on daemon addresses registry.
2025-01-12T19:32:05.717-0500 [DEBUG] [org.gradle.cache.internal.DefaultFileLockManager] Lock acquired on daemon addresses registry.
2025-01-12T19:32:05.718-0500 [DEBUG] [org.gradle.cache.internal.DefaultFileLockManager] Releasing lock on daemon addresses registry.
2025-01-12T19:32:08.250-0500 [DEBUG] [org.gradle.process.internal.health.memory.DefaultMemoryManager] 3352202444 physical memory requested, 1033486336 free
2025-01-12T19:32:08.251-0500 [DEBUG] [org.gradle.workers.internal.WorkerDaemonExpiration] Will attempt to release 3196 of memory
2025-01-12T19:32:08.251-0500 [DEBUG] [org.gradle.process.internal.health.memory.DefaultMemoryManager] 3352202444 physical memory requested, 0 released, 1033486336 free
2025-01-12T19:32:13.254-0500 [DEBUG] [org.gradle.process.internal.health.memory.DefaultMemoryManager] 3352202444 physical memory requested, 973004800 free
2025-01-12T19:32:13.254-0500 [DEBUG] [org.gradle.workers.internal.WorkerDaemonExpiration] Will attempt to release 3196 of memory
2025-01-12T19:32:13.254-0500 [DEBUG] [org.gradle.process.internal.health.memory.DefaultMemoryManager] 3352202444 physical memory requested, 0 released, 973004800 free
2025-01-12T19:32:15.719-0500 [DEBUG] [org.gradle.cache.internal.DefaultFileLockManager] Waiting to acquire shared lock on daemon addresses registry.
2025-01-12T19:32:15.719-0500 [DEBUG] [org.gradle.cache.internal.DefaultFileLockManager] Lock acquired on daemon addresses registry.
2025-01-12T19:32:15.719-0500 [DEBUG] [org.gradle.cache.internal.DefaultFileLockManager] Releasing lock on daemon addresses registry.
2025-01-12T19:32:15.720-0500 [DEBUG] [org.gradle.cache.internal.DefaultFileLockManager] Waiting to acquire shared lock on daemon addresses registry.
2025-01-12T19:32:15.720-0500 [DEBUG] [org.gradle.cache.internal.DefaultFileLockManager] Lock acquired on daemon addresses registry.
2025-01-12T19:32:15.720-0500 [DEBUG] [org.gradle.cache.internal.DefaultFileLockManager] Releasing lock on daemon addresses registry.
2025-01-12T19:32:15.720-0500 [DEBUG] [org.gradle.cache.internal.DefaultFileLockManager] Waiting to acquire shared lock on daemon addresses registry.
2025-01-12T19:32:15.721-0500 [DEBUG] [org.gradle.cache.internal.DefaultFileLockManager] Lock acquired on daemon addresses registry.
2025-01-12T19:32:15.721-0500 [DEBUG] [org.gradle.cache.internal.DefaultFileLockManager] Releasing lock on daemon addresses registry.
2025-01-12T19:32:18.248-0500 [DEBUG] [org.gradle.process.internal.health.memory.DefaultMemoryManager] 3352202444 physical memory requested, 1061969920 free
2025-01-12T19:32:18.248-0500 [DEBUG] [org.gradle.workers.internal.WorkerDaemonExpiration] Will attempt to release 3196 of memory
2025-01-12T19:32:18.248-0500 [DEBUG] [org.gradle.process.internal.health.memory.DefaultMemoryManager] 3352202444 physical memory requested, 0 released, 1061969920 free
2025-01-12T19:32:23.240-0500 [DEBUG] [org.gradle.process.internal.health.memory.DefaultMemoryManager] 3352202444 physical memory requested, 1065246720 free
2025-01-12T19:32:23.240-0500 [DEBUG] [org.gradle.workers.internal.WorkerDaemonExpiration] Will attempt to release 3196 of memory
2025-01-12T19:32:23.240-0500 [DEBUG] [org.gradle.process.internal.health.memory.DefaultMemoryManager] 3352202444 physical memory requested, 0 released, 1065246720 free
2025-01-12T19:32:25.724-0500 [DEBUG] [org.gradle.cache.internal.DefaultFileLockManager] Waiting to acquire shared lock on daemon addresses registry.
2025-01-12T19:32:25.724-0500 [DEBUG] [org.gradle.cache.internal.DefaultFileLockManager] Lock acquired on daemon addresses registry.
2025-01-12T19:32:25.724-0500 [DEBUG] [org.gradle.cache.internal.DefaultFileLockManager] Releasing lock on daemon addresses registry.
2025-01-12T19:32:25.725-0500 [DEBUG] [org.gradle.cache.internal.DefaultFileLockManager] Waiting to acquire shared lock on daemon addresses registry.
2025-01-12T19:32:25.726-0500 [DEBUG] [org.gradle.cache.internal.DefaultFileLockManager] Lock acquired on daemon addresses registry.
2025-01-12T19:32:25.726-0500 [DEBUG] [org.gradle.cache.internal.DefaultFileLockManager] Releasing lock on daemon addresses registry.
2025-01-12T19:32:25.726-0500 [DEBUG] [org.gradle.cache.internal.DefaultFileLockManager] Waiting to acquire shared lock on daemon addresses registry.
2025-01-12T19:32:25.726-0500 [DEBUG] [org.gradle.cache.internal.DefaultFileLockManager] Lock acquired on daemon addresses registry.
2025-01-12T19:32:25.727-0500 [DEBUG] [org.gradle.cache.internal.DefaultFileLockManager] Releasing lock on daemon addresses registry.
2025-01-12T19:32:28.240-0500 [DEBUG] [org.gradle.process.internal.health.memory.DefaultMemoryManager] 3352202444 physical memory requested, 1027346432 free
2025-01-12T19:32:28.240-0500 [DEBUG] [org.gradle.workers.internal.WorkerDaemonExpiration] Will attempt to release 3196 of memory
2025-01-12T19:32:28.240-0500 [DEBUG] [org.gradle.process.internal.health.memory.DefaultMemoryManager] 3352202444 physical memory requested, 0 released, 1027346432 free
2025-01-12T19:32:33.247-0500 [DEBUG] [org.gradle.process.internal.health.memory.DefaultMemoryManager] 3352202444 physical memory requested, 997855232 free
2025-01-12T19:32:33.247-0500 [DEBUG] [org.gradle.workers.internal.WorkerDaemonExpiration] Will attempt to release 3196 of memory
2025-01-12T19:32:33.247-0500 [DEBUG] [org.gradle.process.internal.health.memory.DefaultMemoryManager] 3352202444 physical memory requested, 0 released, 997855232 free
2025-01-12T19:32:35.729-0500 [DEBUG] [org.gradle.cache.internal.DefaultFileLockManager] Waiting to acquire shared lock on daemon addresses registry.
2025-01-12T19:32:35.729-0500 [DEBUG] [org.gradle.cache.internal.DefaultFileLockManager] Lock acquired on daemon addresses registry.
2025-01-12T19:32:35.730-0500 [DEBUG] [org.gradle.cache.internal.DefaultFileLockManager] Releasing lock on daemon addresses registry.
2025-01-12T19:32:35.730-0500 [DEBUG] [org.gradle.cache.internal.DefaultFileLockManager] Waiting to acquire shared lock on daemon addresses registry.
2025-01-12T19:32:35.730-0500 [DEBUG] [org.gradle.cache.internal.DefaultFileLockManager] Lock acquired on daemon addresses registry.
2025-01-12T19:32:35.730-0500 [DEBUG] [org.gradle.cache.internal.DefaultFileLockManager] Releasing lock on daemon addresses registry.
2025-01-12T19:32:35.731-0500 [DEBUG] [org.gradle.cache.internal.DefaultFileLockManager] Waiting to acquire shared lock on daemon addresses registry.
2025-01-12T19:32:35.731-0500 [DEBUG] [org.gradle.cache.internal.DefaultFileLockManager] Lock acquired on daemon addresses registry.
2025-01-12T19:32:35.731-0500 [DEBUG] [org.gradle.cache.internal.DefaultFileLockManager] Releasing lock on daemon addresses registry.
2025-01-12T19:32:38.248-0500 [DEBUG] [org.gradle.process.internal.health.memory.DefaultMemoryManager] 3352202444 physical memory requested, 1009319936 free
2025-01-12T19:32:38.248-0500 [DEBUG] [org.gradle.workers.internal.WorkerDaemonExpiration] Will attempt to release 3196 of memory
2025-01-12T19:32:38.248-0500 [DEBUG] [org.gradle.process.internal.health.memory.DefaultMemoryManager] 3352202444 physical memory requested, 0 released, 1009319936 free
2025-01-12T19:32:43.253-0500 [DEBUG] [org.gradle.process.internal.health.memory.DefaultMemoryManager] 3352202444 physical memory requested, 990027776 free
2025-01-12T19:32:43.253-0500 [DEBUG] [org.gradle.workers.internal.WorkerDaemonExpiration] Will attempt to release 3196 of memory
2025-01-12T19:32:43.253-0500 [DEBUG] [org.gradle.process.internal.health.memory.DefaultMemoryManager] 3352202444 physical memory requested, 0 released, 990027776 free
2025-01-12T19:32:45.719-0500 [DEBUG] [org.gradle.cache.internal.DefaultFileLockManager] Waiting to acquire shared lock on daemon addresses registry.
2025-01-12T19:32:45.719-0500 [DEBUG] [org.gradle.cache.internal.DefaultFileLockManager] Lock acquired on daemon addresses registry.
2025-01-12T19:32:45.719-0500 [DEBUG] [org.gradle.cache.internal.DefaultFileLockManager] Releasing lock on daemon addresses registry.
2025-01-12T19:32:45.720-0500 [DEBUG] [org.gradle.cache.internal.DefaultFileLockManager] Waiting to acquire shared lock on daemon addresses registry.
2025-01-12T19:32:45.720-0500 [DEBUG] [org.gradle.cache.internal.DefaultFileLockManager] Lock acquired on daemon addresses registry.
2025-01-12T19:32:45.720-0500 [DEBUG] [org.gradle.cache.internal.DefaultFileLockManager] Releasing lock on daemon addresses registry.
2025-01-12T19:32:45.721-0500 [DEBUG] [org.gradle.cache.internal.DefaultFileLockManager] Waiting to acquire shared lock on daemon addresses registry.
2025-01-12T19:32:45.721-0500 [DEBUG] [org.gradle.cache.internal.DefaultFileLockManager] Lock acquired on daemon addresses registry.
2025-01-12T19:32:45.721-0500 [DEBUG] [org.gradle.cache.internal.DefaultFileLockManager] Releasing lock on daemon addresses registry.
2025-01-12T19:32:48.248-0500 [DEBUG] [org.gradle.process.internal.health.memory.DefaultMemoryManager] 3352202444 physical memory requested, 1044004864 free
2025-01-12T19:32:48.248-0500 [DEBUG] [org.gradle.workers.internal.WorkerDaemonExpiration] Will attempt to release 3196 of memory
2025-01-12T19:32:48.248-0500 [DEBUG] [org.gradle.process.internal.health.memory.DefaultMemoryManager] 3352202444 physical memory requested, 0 released, 1044004864 free
2025-01-12T19:32:53.246-0500 [DEBUG] [org.gradle.process.internal.health.memory.DefaultMemoryManager] 3352202444 physical memory requested, 1063231488 free
2025-01-12T19:32:53.247-0500 [DEBUG] [org.gradle.workers.internal.WorkerDaemonExpiration] Will attempt to release 3196 of memory
2025-01-12T19:32:53.247-0500 [DEBUG] [org.gradle.process.internal.health.memory.DefaultMemoryManager] 3352202444 physical memory requested, 0 released, 1063231488 free
2025-01-12T19:32:55.728-0500 [DEBUG] [org.gradle.cache.internal.DefaultFileLockManager] Waiting to acquire shared lock on daemon addresses registry.
2025-01-12T19:32:55.728-0500 [DEBUG] [org.gradle.cache.internal.DefaultFileLockManager] Lock acquired on daemon addresses registry.
2025-01-12T19:32:55.728-0500 [DEBUG] [org.gradle.cache.internal.DefaultFileLockManager] Releasing lock on daemon addresses registry.
2025-01-12T19:32:55.729-0500 [DEBUG] [org.gradle.cache.internal.DefaultFileLockManager] Waiting to acquire shared lock on daemon addresses registry.
2025-01-12T19:32:55.729-0500 [DEBUG] [org.gradle.cache.internal.DefaultFileLockManager] Lock acquired on daemon addresses registry.
2025-01-12T19:32:55.729-0500 [DEBUG] [org.gradle.cache.internal.DefaultFileLockManager] Releasing lock on daemon addresses registry.
2025-01-12T19:32:55.730-0500 [DEBUG] [org.gradle.cache.internal.DefaultFileLockManager] Waiting to acquire shared lock on daemon addresses registry.
2025-01-12T19:32:55.730-0500 [DEBUG] [org.gradle.cache.internal.DefaultFileLockManager] Lock acquired on daemon addresses registry.
2025-01-12T19:32:55.730-0500 [DEBUG] [org.gradle.cache.internal.DefaultFileLockManager] Releasing lock on daemon addresses registry.
2025-01-12T19:32:58.249-0500 [DEBUG] [org.gradle.process.internal.health.memory.DefaultMemoryManager] 3352202444 physical memory requested, 1077010432 free
2025-01-12T19:32:58.249-0500 [DEBUG] [org.gradle.workers.internal.WorkerDaemonExpiration] Will attempt to release 3196 of memory
2025-01-12T19:32:58.249-0500 [DEBUG] [org.gradle.process.internal.health.memory.DefaultMemoryManager] 3352202444 physical memory requested, 0 released, 1077010432 free
2025-01-12T19:33:03.243-0500 [DEBUG] [org.gradle.process.internal.health.memory.DefaultMemoryManager] 3352202444 physical memory requested, 1066455040 free
2025-01-12T19:33:03.243-0500 [DEBUG] [org.gradle.workers.internal.WorkerDaemonExpiration] Will attempt to release 3196 of memory
2025-01-12T19:33:03.243-0500 [DEBUG] [org.gradle.process.internal.health.memory.DefaultMemoryManager] 3352202444 physical memory requested, 0 released, 1066455040 free
2025-01-12T19:33:05.715-0500 [DEBUG] [org.gradle.cache.internal.DefaultFileLockManager] Waiting to acquire shared lock on daemon addresses registry.
2025-01-12T19:33:05.715-0500 [DEBUG] [org.gradle.cache.internal.DefaultFileLockManager] Lock acquired on daemon addresses registry.
2025-01-12T19:33:05.715-0500 [DEBUG] [org.gradle.cache.internal.DefaultFileLockManager] Releasing lock on daemon addresses registry.
2025-01-12T19:33:05.716-0500 [DEBUG] [org.gradle.cache.internal.DefaultFileLockManager] Waiting to acquire shared lock on daemon addresses registry.
2025-01-12T19:33:05.716-0500 [DEBUG] [org.gradle.cache.internal.DefaultFileLockManager] Lock acquired on daemon addresses registry.
2025-01-12T19:33:05.716-0500 [DEBUG] [org.gradle.cache.internal.DefaultFileLockManager] Releasing lock on daemon addresses registry.
2025-01-12T19:33:05.717-0500 [DEBUG] [org.gradle.cache.internal.DefaultFileLockManager] Waiting to acquire shared lock on daemon addresses registry.
2025-01-12T19:33:05.717-0500 [DEBUG] [org.gradle.cache.internal.DefaultFileLockManager] Lock acquired on daemon addresses registry.
2025-01-12T19:33:05.717-0500 [DEBUG] [org.gradle.cache.internal.DefaultFileLockManager] Releasing lock on daemon addresses registry.
2025-01-12T19:33:08.248-0500 [DEBUG] [org.gradle.process.internal.health.memory.DefaultMemoryManager] 3352202444 physical memory requested, 1030074368 free
2025-01-12T19:33:08.248-0500 [DEBUG] [org.gradle.workers.internal.WorkerDaemonExpiration] Will attempt to release 3196 of memory
2025-01-12T19:33:08.249-0500 [DEBUG] [org.gradle.process.internal.health.memory.DefaultMemoryManager] 3352202444 physical memory requested, 0 released, 1030074368 free
2025-01-12T19:33:13.254-0500 [DEBUG] [org.gradle.process.internal.health.memory.DefaultMemoryManager] 3352202444 physical memory requested, 1076137984 free
2025-01-12T19:33:13.254-0500 [DEBUG] [org.gradle.workers.internal.WorkerDaemonExpiration] Will attempt to release 3196 of memory
2025-01-12T19:33:13.254-0500 [DEBUG] [org.gradle.process.internal.health.memory.DefaultMemoryManager] 3352202444 physical memory requested, 0 released, 1076137984 free
2025-01-12T19:33:15.729-0500 [DEBUG] [org.gradle.cache.internal.DefaultFileLockManager] Waiting to acquire shared lock on daemon addresses registry.
2025-01-12T19:33:15.729-0500 [DEBUG] [org.gradle.cache.internal.DefaultFileLockManager] Lock acquired on daemon addresses registry.
2025-01-12T19:33:15.730-0500 [DEBUG] [org.gradle.cache.internal.DefaultFileLockManager] Releasing lock on daemon addresses registry.
2025-01-12T19:33:15.731-0500 [DEBUG] [org.gradle.cache.internal.DefaultFileLockManager] Waiting to acquire shared lock on daemon addresses registry.
2025-01-12T19:33:15.731-0500 [DEBUG] [org.gradle.cache.internal.DefaultFileLockManager] Lock acquired on daemon addresses registry.
2025-01-12T19:33:15.731-0500 [DEBUG] [org.gradle.cache.internal.DefaultFileLockManager] Releasing lock on daemon addresses registry.
2025-01-12T19:33:15.731-0500 [DEBUG] [org.gradle.cache.internal.DefaultFileLockManager] Waiting to acquire shared lock on daemon addresses registry.
2025-01-12T19:33:15.732-0500 [DEBUG] [org.gradle.cache.internal.DefaultFileLockManager] Lock acquired on daemon addresses registry.
2025-01-12T19:33:15.732-0500 [DEBUG] [org.gradle.cache.internal.DefaultFileLockManager] Releasing lock on daemon addresses registry.
2025-01-12T19:33:18.240-0500 [DEBUG] [org.gradle.process.internal.health.memory.DefaultMemoryManager] 3352202444 physical memory requested, 1008472064 free
2025-01-12T19:33:18.240-0500 [DEBUG] [org.gradle.workers.internal.WorkerDaemonExpiration] Will attempt to release 3196 of memory
2025-01-12T19:33:18.240-0500 [DEBUG] [org.gradle.process.internal.health.memory.DefaultMemoryManager] 3352202444 physical memory requested, 0 released, 1008472064 free
2025-01-12T19:33:23.239-0500 [DEBUG] [org.gradle.process.internal.health.memory.DefaultMemoryManager] 3352202444 physical memory requested, 1085026304 free
2025-01-12T19:33:23.239-0500 [DEBUG] [org.gradle.workers.internal.WorkerDaemonExpiration] Will attempt to release 3196 of memory
2025-01-12T19:33:23.239-0500 [DEBUG] [org.gradle.process.internal.health.memory.DefaultMemoryManager] 3352202444 physical memory requested, 0 released, 1085026304 free
2025-01-12T19:33:25.716-0500 [DEBUG] [org.gradle.cache.internal.DefaultFileLockManager] Waiting to acquire shared lock on daemon addresses registry.
2025-01-12T19:33:25.716-0500 [DEBUG] [org.gradle.cache.internal.DefaultFileLockManager] Lock acquired on daemon addresses registry.
2025-01-12T19:33:25.716-0500 [DEBUG] [org.gradle.cache.internal.DefaultFileLockManager] Releasing lock on daemon addresses registry.
2025-01-12T19:33:25.717-0500 [DEBUG] [org.gradle.cache.internal.DefaultFileLockManager] Waiting to acquire shared lock on daemon addresses registry.
2025-01-12T19:33:25.717-0500 [DEBUG] [org.gradle.cache.internal.DefaultFileLockManager] Lock acquired on daemon addresses registry.
2025-01-12T19:33:25.717-0500 [DEBUG] [org.gradle.cache.internal.DefaultFileLockManager] Releasing lock on daemon addresses registry.
2025-01-12T19:33:25.718-0500 [DEBUG] [org.gradle.cache.internal.DefaultFileLockManager] Waiting to acquire shared lock on daemon addresses registry.
2025-01-12T19:33:25.718-0500 [DEBUG] [org.gradle.cache.internal.DefaultFileLockManager] Lock acquired on daemon addresses registry.
2025-01-12T19:33:25.718-0500 [DEBUG] [org.gradle.cache.internal.DefaultFileLockManager] Releasing lock on daemon addresses registry.
2025-01-12T19:33:28.249-0500 [DEBUG] [org.gradle.process.internal.health.memory.DefaultMemoryManager] 3352202444 physical memory requested, 1102970880 free
2025-01-12T19:33:28.249-0500 [DEBUG] [org.gradle.workers.internal.WorkerDaemonExpiration] Will attempt to release 3196 of memory
2025-01-12T19:33:28.249-0500 [DEBUG] [org.gradle.process.internal.health.memory.DefaultMemoryManager] 3352202444 physical memory requested, 0 released, 1102970880 free
2025-01-12T19:33:33.243-0500 [DEBUG] [org.gradle.process.internal.health.memory.DefaultMemoryManager] 3352202444 physical memory requested, 1029951488 free
2025-01-12T19:33:33.243-0500 [DEBUG] [org.gradle.workers.internal.WorkerDaemonExpiration] Will attempt to release 3196 of memory
2025-01-12T19:33:33.243-0500 [DEBUG] [org.gradle.process.internal.health.memory.DefaultMemoryManager] 3352202444 physical memory requested, 0 released, 1029951488 free
2025-01-12T19:33:35.721-0500 [DEBUG] [org.gradle.cache.internal.DefaultFileLockManager] Waiting to acquire shared lock on daemon addresses registry.
2025-01-12T19:33:35.721-0500 [DEBUG] [org.gradle.cache.internal.DefaultFileLockManager] Lock acquired on daemon addresses registry.
2025-01-12T19:33:35.721-0500 [DEBUG] [org.gradle.cache.internal.DefaultFileLockManager] Releasing lock on daemon addresses registry.
2025-01-12T19:33:35.722-0500 [DEBUG] [org.gradle.cache.internal.DefaultFileLockManager] Waiting to acquire shared lock on daemon addresses registry.
2025-01-12T19:33:35.722-0500 [DEBUG] [org.gradle.cache.internal.DefaultFileLockManager] Lock acquired on daemon addresses registry.
2025-01-12T19:33:35.722-0500 [DEBUG] [org.gradle.cache.internal.DefaultFileLockManager] Releasing lock on daemon addresses registry.
2025-01-12T19:33:35.723-0500 [DEBUG] [org.gradle.cache.internal.DefaultFileLockManager] Waiting to acquire shared lock on daemon addresses registry.
2025-01-12T19:33:35.723-0500 [DEBUG] [org.gradle.cache.internal.DefaultFileLockManager] Lock acquired on daemon addresses registry.
2025-01-12T19:33:35.723-0500 [DEBUG] [org.gradle.cache.internal.DefaultFileLockManager] Releasing lock on daemon addresses registry.
2025-01-12T19:33:38.242-0500 [DEBUG] [org.gradle.process.internal.health.memory.DefaultMemoryManager] 3352202444 physical memory requested, 1054957568 free
2025-01-12T19:33:38.242-0500 [DEBUG] [org.gradle.workers.internal.WorkerDaemonExpiration] Will attempt to release 3196 of memory
2025-01-12T19:33:38.242-0500 [DEBUG] [org.gradle.process.internal.health.memory.DefaultMemoryManager] 3352202444 physical memory requested, 0 released, 1054957568 free
2025-01-12T19:33:43.250-0500 [DEBUG] [org.gradle.process.internal.health.memory.DefaultMemoryManager] 3352202444 physical memory requested, 1050943488 free
2025-01-12T19:33:43.250-0500 [DEBUG] [org.gradle.workers.internal.WorkerDaemonExpiration] Will attempt to release 3196 of memory
2025-01-12T19:33:43.250-0500 [DEBUG] [org.gradle.process.internal.health.memory.DefaultMemoryManager] 3352202444 physical memory requested, 0 released, 1050943488 free
2025-01-12T19:33:45.720-0500 [DEBUG] [org.gradle.cache.internal.DefaultFileLockManager] Waiting to acquire shared lock on daemon addresses registry.
2025-01-12T19:33:45.721-0500 [DEBUG] [org.gradle.cache.internal.DefaultFileLockManager] Lock acquired on daemon addresses registry.
2025-01-12T19:33:45.721-0500 [DEBUG] [org.gradle.cache.internal.DefaultFileLockManager] Releasing lock on daemon addresses registry.
2025-01-12T19:33:45.721-0500 [DEBUG] [org.gradle.cache.internal.DefaultFileLockManager] Waiting to acquire shared lock on daemon addresses registry.
2025-01-12T19:33:45.722-0500 [DEBUG] [org.gradle.cache.internal.DefaultFileLockManager] Lock acquired on daemon addresses registry.
2025-01-12T19:33:45.722-0500 [DEBUG] [org.gradle.cache.internal.DefaultFileLockManager] Releasing lock on daemon addresses registry.
2025-01-12T19:33:45.722-0500 [DEBUG] [org.gradle.cache.internal.DefaultFileLockManager] Waiting to acquire shared lock on daemon addresses registry.
2025-01-12T19:33:45.722-0500 [DEBUG] [org.gradle.cache.internal.DefaultFileLockManager] Lock acquired on daemon addresses registry.
2025-01-12T19:33:45.722-0500 [DEBUG] [org.gradle.cache.internal.DefaultFileLockManager] Releasing lock on daemon addresses registry.
2025-01-12T19:33:48.245-0500 [DEBUG] [org.gradle.process.internal.health.memory.DefaultMemoryManager] 3352202444 physical memory requested, 1102200832 free
2025-01-12T19:33:48.245-0500 [DEBUG] [org.gradle.workers.internal.WorkerDaemonExpiration] Will attempt to release 3196 of memory
2025-01-12T19:33:48.245-0500 [DEBUG] [org.gradle.process.internal.health.memory.DefaultMemoryManager] 3352202444 physical memory requested, 0 released, 1102200832 free
2025-01-12T19:33:53.248-0500 [DEBUG] [org.gradle.process.internal.health.memory.DefaultMemoryManager] 3352202444 physical memory requested, 1144918016 free
2025-01-12T19:33:53.248-0500 [DEBUG] [org.gradle.workers.internal.WorkerDaemonExpiration] Will attempt to release 3196 of memory
2025-01-12T19:33:53.248-0500 [DEBUG] [org.gradle.process.internal.health.memory.DefaultMemoryManager] 3352202444 physical memory requested, 0 released, 1144918016 free
2025-01-12T19:33:55.729-0500 [DEBUG] [org.gradle.cache.internal.DefaultFileLockManager] Waiting to acquire shared lock on daemon addresses registry.
2025-01-12T19:33:55.729-0500 [DEBUG] [org.gradle.cache.internal.DefaultFileLockManager] Lock acquired on daemon addresses registry.
2025-01-12T19:33:55.729-0500 [DEBUG] [org.gradle.cache.internal.DefaultFileLockManager] Releasing lock on daemon addresses registry.
2025-01-12T19:33:55.729-0500 [DEBUG] [org.gradle.cache.internal.DefaultFileLockManager] Waiting to acquire shared lock on daemon addresses registry.
2025-01-12T19:33:55.730-0500 [DEBUG] [org.gradle.cache.internal.DefaultFileLockManager] Lock acquired on daemon addresses registry.
2025-01-12T19:33:55.730-0500 [DEBUG] [org.gradle.cache.internal.DefaultFileLockManager] Releasing lock on daemon addresses registry.
2025-01-12T19:33:55.730-0500 [DEBUG] [org.gradle.cache.internal.DefaultFileLockManager] Waiting to acquire shared lock on daemon addresses registry.
2025-01-12T19:33:55.730-0500 [DEBUG] [org.gradle.cache.internal.DefaultFileLockManager] Lock acquired on daemon addresses registry.
2025-01-12T19:33:55.730-0500 [DEBUG] [org.gradle.cache.internal.DefaultFileLockManager] Releasing lock on daemon addresses registry.
2025-01-12T19:33:58.240-0500 [DEBUG] [org.gradle.process.internal.health.memory.DefaultMemoryManager] 3352202444 physical memory requested, 1059180544 free
2025-01-12T19:33:58.240-0500 [DEBUG] [org.gradle.workers.internal.WorkerDaemonExpiration] Will attempt to release 3196 of memory
2025-01-12T19:33:58.240-0500 [DEBUG] [org.gradle.process.internal.health.memory.DefaultMemoryManager] 3352202444 physical memory requested, 0 released, 1059180544 free
2025-01-12T19:34:03.239-0500 [DEBUG] [org.gradle.process.internal.health.memory.DefaultMemoryManager] 3352202444 physical memory requested, 1030189056 free
2025-01-12T19:34:03.239-0500 [DEBUG] [org.gradle.workers.internal.WorkerDaemonExpiration] Will attempt to release 3196 of memory
2025-01-12T19:34:03.239-0500 [DEBUG] [org.gradle.process.internal.health.memory.DefaultMemoryManager] 3352202444 physical memory requested, 0 released, 1030189056 free
2025-01-12T19:34:05.721-0500 [DEBUG] [org.gradle.cache.internal.DefaultFileLockManager] Waiting to acquire shared lock on daemon addresses registry.
2025-01-12T19:34:05.721-0500 [DEBUG] [org.gradle.cache.internal.DefaultFileLockManager] Lock acquired on daemon addresses registry.
2025-01-12T19:34:05.721-0500 [DEBUG] [org.gradle.cache.internal.DefaultFileLockManager] Releasing lock on daemon addresses registry.
2025-01-12T19:34:05.722-0500 [DEBUG] [org.gradle.cache.internal.DefaultFileLockManager] Waiting to acquire shared lock on daemon addresses registry.
2025-01-12T19:34:05.722-0500 [DEBUG] [org.gradle.cache.internal.DefaultFileLockManager] Lock acquired on daemon addresses registry.
2025-01-12T19:34:05.722-0500 [DEBUG] [org.gradle.cache.internal.DefaultFileLockManager] Releasing lock on daemon addresses registry.
2025-01-12T19:34:05.722-0500 [DEBUG] [org.gradle.cache.internal.DefaultFileLockManager] Waiting to acquire shared lock on daemon addresses registry.
2025-01-12T19:34:05.723-0500 [DEBUG] [org.gradle.cache.internal.DefaultFileLockManager] Lock acquired on daemon addresses registry.
2025-01-12T19:34:05.723-0500 [DEBUG] [org.gradle.cache.internal.DefaultFileLockManager] Releasing lock on daemon addresses registry.
2025-01-12T19:34:08.239-0500 [DEBUG] [org.gradle.process.internal.health.memory.DefaultMemoryManager] 3352202444 physical memory requested, 1057447936 free
2025-01-12T19:34:08.239-0500 [DEBUG] [org.gradle.workers.internal.WorkerDaemonExpiration] Will attempt to release 3196 of memory
2025-01-12T19:34:08.239-0500 [DEBUG] [org.gradle.process.internal.health.memory.DefaultMemoryManager] 3352202444 physical memory requested, 0 released, 1057447936 free
2025-01-12T19:34:13.242-0500 [DEBUG] [org.gradle.process.internal.health.memory.DefaultMemoryManager] 3352202444 physical memory requested, 1032417280 free
2025-01-12T19:34:13.242-0500 [DEBUG] [org.gradle.workers.internal.WorkerDaemonExpiration] Will attempt to release 3196 of memory
2025-01-12T19:34:13.242-0500 [DEBUG] [org.gradle.process.internal.health.memory.DefaultMemoryManager] 3352202444 physical memory requested, 0 released, 1032417280 free
2025-01-12T19:34:15.729-0500 [DEBUG] [org.gradle.cache.internal.DefaultFileLockManager] Waiting to acquire shared lock on daemon addresses registry.
2025-01-12T19:34:15.729-0500 [DEBUG] [org.gradle.cache.internal.DefaultFileLockManager] Lock acquired on daemon addresses registry.
2025-01-12T19:34:15.729-0500 [DEBUG] [org.gradle.cache.internal.DefaultFileLockManager] Releasing lock on daemon addresses registry.
2025-01-12T19:34:15.729-0500 [DEBUG] [org.gradle.cache.internal.DefaultFileLockManager] Waiting to acquire shared lock on daemon addresses registry.
2025-01-12T19:34:15.729-0500 [DEBUG] [org.gradle.cache.internal.DefaultFileLockManager] Lock acquired on daemon addresses registry.
2025-01-12T19:34:15.730-0500 [DEBUG] [org.gradle.cache.internal.DefaultFileLockManager] Releasing lock on daemon addresses registry.
2025-01-12T19:34:15.730-0500 [DEBUG] [org.gradle.cache.internal.DefaultFileLockManager] Waiting to acquire shared lock on daemon addresses registry.
2025-01-12T19:34:15.730-0500 [DEBUG] [org.gradle.cache.internal.DefaultFileLockManager] Lock acquired on daemon addresses registry.
2025-01-12T19:34:15.730-0500 [DEBUG] [org.gradle.cache.internal.DefaultFileLockManager] Releasing lock on daemon addresses registry.
2025-01-12T19:34:18.255-0500 [DEBUG] [org.gradle.process.internal.health.memory.DefaultMemoryManager] 3352202444 physical memory requested, 1016147968 free
2025-01-12T19:34:18.255-0500 [DEBUG] [org.gradle.workers.internal.WorkerDaemonExpiration] Will attempt to release 3196 of memory
2025-01-12T19:34:18.255-0500 [DEBUG] [org.gradle.process.internal.health.memory.DefaultMemoryManager] 3352202444 physical memory requested, 0 released, 1016147968 free
2025-01-12T19:34:23.250-0500 [DEBUG] [org.gradle.process.internal.health.memory.DefaultMemoryManager] 3352202444 physical memory requested, 1043202048 free
2025-01-12T19:34:23.250-0500 [DEBUG] [org.gradle.workers.internal.WorkerDaemonExpiration] Will attempt to release 3196 of memory
2025-01-12T19:34:23.250-0500 [DEBUG] [org.gradle.process.internal.health.memory.DefaultMemoryManager] 3352202444 physical memory requested, 0 released, 1043202048 free
2025-01-12T19:34:25.722-0500 [DEBUG] [org.gradle.cache.internal.DefaultFileLockManager] Waiting to acquire shared lock on daemon addresses registry.
2025-01-12T19:34:25.722-0500 [DEBUG] [org.gradle.cache.internal.DefaultFileLockManager] Lock acquired on daemon addresses registry.
2025-01-12T19:34:25.722-0500 [DEBUG] [org.gradle.cache.internal.DefaultFileLockManager] Releasing lock on daemon addresses registry.
2025-01-12T19:34:25.723-0500 [DEBUG] [org.gradle.cache.internal.DefaultFileLockManager] Waiting to acquire shared lock on daemon addresses registry.
2025-01-12T19:34:25.723-0500 [DEBUG] [org.gradle.cache.internal.DefaultFileLockManager] Lock acquired on daemon addresses registry.
2025-01-12T19:34:25.723-0500 [DEBUG] [org.gradle.cache.internal.DefaultFileLockManager] Releasing lock on daemon addresses registry.
2025-01-12T19:34:25.723-0500 [DEBUG] [org.gradle.cache.internal.DefaultFileLockManager] Waiting to acquire shared lock on daemon addresses registry.
2025-01-12T19:34:25.723-0500 [DEBUG] [org.gradle.cache.internal.DefaultFileLockManager] Lock acquired on daemon addresses registry.
2025-01-12T19:34:25.723-0500 [DEBUG] [org.gradle.cache.internal.DefaultFileLockManager] Releasing lock on daemon addresses registry.
2025-01-12T19:34:28.243-0500 [DEBUG] [org.gradle.process.internal.health.memory.DefaultMemoryManager] 3352202444 physical memory requested, 1080492032 free
2025-01-12T19:34:28.243-0500 [DEBUG] [org.gradle.workers.internal.WorkerDaemonExpiration] Will attempt to release 3196 of memory
2025-01-12T19:34:28.243-0500 [DEBUG] [org.gradle.process.internal.health.memory.DefaultMemoryManager] 3352202444 physical memory requested, 0 released, 1080492032 free
2025-01-12T19:34:33.255-0500 [DEBUG] [org.gradle.process.internal.health.memory.DefaultMemoryManager] 3352202444 physical memory requested, 1063903232 free
2025-01-12T19:34:33.255-0500 [DEBUG] [org.gradle.workers.internal.WorkerDaemonExpiration] Will attempt to release 3196 of memory
2025-01-12T19:34:33.255-0500 [DEBUG] [org.gradle.process.internal.health.memory.DefaultMemoryManager] 3352202444 physical memory requested, 0 released, 1063903232 free
2025-01-12T19:34:35.721-0500 [DEBUG] [org.gradle.cache.internal.DefaultFileLockManager] Waiting to acquire shared lock on daemon addresses registry.
2025-01-12T19:34:35.721-0500 [DEBUG] [org.gradle.cache.internal.DefaultFileLockManager] Lock acquired on daemon addresses registry.
2025-01-12T19:34:35.721-0500 [DEBUG] [org.gradle.cache.internal.DefaultFileLockManager] Releasing lock on daemon addresses registry.
2025-01-12T19:34:35.722-0500 [DEBUG] [org.gradle.cache.internal.DefaultFileLockManager] Waiting to acquire shared lock on daemon addresses registry.
2025-01-12T19:34:35.722-0500 [DEBUG] [org.gradle.cache.internal.DefaultFileLockManager] Lock acquired on daemon addresses registry.
2025-01-12T19:34:35.722-0500 [DEBUG] [org.gradle.cache.internal.DefaultFileLockManager] Releasing lock on daemon addresses registry.
2025-01-12T19:34:35.722-0500 [DEBUG] [org.gradle.cache.internal.DefaultFileLockManager] Waiting to acquire shared lock on daemon addresses registry.
2025-01-12T19:34:35.722-0500 [DEBUG] [org.gradle.cache.internal.DefaultFileLockManager] Lock acquired on daemon addresses registry.
2025-01-12T19:34:35.723-0500 [DEBUG] [org.gradle.cache.internal.DefaultFileLockManager] Releasing lock on daemon addresses registry.
2025-01-12T19:34:38.253-0500 [DEBUG] [org.gradle.process.internal.health.memory.DefaultMemoryManager] 3352202444 physical memory requested, 1021677568 free
2025-01-12T19:34:38.253-0500 [DEBUG] [org.gradle.workers.internal.WorkerDaemonExpiration] Will attempt to release 3196 of memory
2025-01-12T19:34:38.253-0500 [DEBUG] [org.gradle.process.internal.health.memory.DefaultMemoryManager] 3352202444 physical memory requested, 0 released, 1021677568 free
2025-01-12T19:34:43.245-0500 [DEBUG] [org.gradle.process.internal.health.memory.DefaultMemoryManager] 3352202444 physical memory requested, 1058811904 free
2025-01-12T19:34:43.245-0500 [DEBUG] [org.gradle.workers.internal.WorkerDaemonExpiration] Will attempt to release 3196 of memory
2025-01-12T19:34:43.245-0500 [DEBUG] [org.gradle.process.internal.health.memory.DefaultMemoryManager] 3352202444 physical memory requested, 0 released, 1058811904 free
2025-01-12T19:34:45.724-0500 [DEBUG] [org.gradle.cache.internal.DefaultFileLockManager] Waiting to acquire shared lock on daemon addresses registry.
2025-01-12T19:34:45.725-0500 [DEBUG] [org.gradle.cache.internal.DefaultFileLockManager] Lock acquired on daemon addresses registry.
2025-01-12T19:34:45.725-0500 [DEBUG] [org.gradle.cache.internal.DefaultFileLockManager] Releasing lock on daemon addresses registry.
2025-01-12T19:34:45.725-0500 [DEBUG] [org.gradle.cache.internal.DefaultFileLockManager] Waiting to acquire shared lock on daemon addresses registry.
2025-01-12T19:34:45.726-0500 [DEBUG] [org.gradle.cache.internal.DefaultFileLockManager] Lock acquired on daemon addresses registry.
2025-01-12T19:34:45.726-0500 [DEBUG] [org.gradle.cache.internal.DefaultFileLockManager] Releasing lock on daemon addresses registry.
2025-01-12T19:34:45.726-0500 [DEBUG] [org.gradle.cache.internal.DefaultFileLockManager] Waiting to acquire shared lock on daemon addresses registry.
2025-01-12T19:34:45.726-0500 [DEBUG] [org.gradle.cache.internal.DefaultFileLockManager] Lock acquired on daemon addresses registry.
2025-01-12T19:34:45.727-0500 [DEBUG] [org.gradle.cache.internal.DefaultFileLockManager] Releasing lock on daemon addresses registry.
2025-01-12T19:34:48.252-0500 [DEBUG] [org.gradle.process.internal.health.memory.DefaultMemoryManager] 3352202444 physical memory requested, 1069465600 free
2025-01-12T19:34:48.252-0500 [DEBUG] [org.gradle.workers.internal.WorkerDaemonExpiration] Will attempt to release 3196 of memory
2025-01-12T19:34:48.252-0500 [DEBUG] [org.gradle.process.internal.health.memory.DefaultMemoryManager] 3352202444 physical memory requested, 0 released, 1069465600 free
2025-01-12T19:34:53.243-0500 [DEBUG] [org.gradle.process.internal.health.memory.DefaultMemoryManager] 3352202444 physical memory requested, 1088860160 free
2025-01-12T19:34:53.243-0500 [DEBUG] [org.gradle.workers.internal.WorkerDaemonExpiration] Will attempt to release 3196 of memory
2025-01-12T19:34:53.243-0500 [DEBUG] [org.gradle.process.internal.health.memory.DefaultMemoryManager] 3352202444 physical memory requested, 0 released, 1088860160 free
2025-01-12T19:34:55.726-0500 [DEBUG] [org.gradle.cache.internal.DefaultFileLockManager] Waiting to acquire shared lock on daemon addresses registry.
2025-01-12T19:34:55.726-0500 [DEBUG] [org.gradle.cache.internal.DefaultFileLockManager] Lock acquired on daemon addresses registry.
2025-01-12T19:34:55.727-0500 [DEBUG] [org.gradle.cache.internal.DefaultFileLockManager] Releasing lock on daemon addresses registry.
2025-01-12T19:34:55.727-0500 [DEBUG] [org.gradle.cache.internal.DefaultFileLockManager] Waiting to acquire shared lock on daemon addresses registry.
2025-01-12T19:34:55.727-0500 [DEBUG] [org.gradle.cache.internal.DefaultFileLockManager] Lock acquired on daemon addresses registry.
2025-01-12T19:34:55.728-0500 [DEBUG] [org.gradle.cache.internal.DefaultFileLockManager] Releasing lock on daemon addresses registry.
2025-01-12T19:34:55.728-0500 [DEBUG] [org.gradle.cache.internal.DefaultFileLockManager] Waiting to acquire shared lock on daemon addresses registry.
2025-01-12T19:34:55.728-0500 [DEBUG] [org.gradle.cache.internal.DefaultFileLockManager] Lock acquired on daemon addresses registry.
2025-01-12T19:34:55.728-0500 [DEBUG] [org.gradle.cache.internal.DefaultFileLockManager] Releasing lock on daemon addresses registry.
2025-01-12T19:34:58.256-0500 [DEBUG] [org.gradle.process.internal.health.memory.DefaultMemoryManager] 3352202444 physical memory requested, 1049960448 free
2025-01-12T19:34:58.256-0500 [DEBUG] [org.gradle.workers.internal.WorkerDaemonExpiration] Will attempt to release 3196 of memory
2025-01-12T19:34:58.256-0500 [DEBUG] [org.gradle.process.internal.health.memory.DefaultMemoryManager] 3352202444 physical memory requested, 0 released, 1049960448 free
2025-01-12T19:35:03.249-0500 [DEBUG] [org.gradle.process.internal.health.memory.DefaultMemoryManager] 3352202444 physical memory requested, 1085423616 free
2025-01-12T19:35:03.249-0500 [DEBUG] [org.gradle.workers.internal.WorkerDaemonExpiration] Will attempt to release 3196 of memory
2025-01-12T19:35:03.249-0500 [DEBUG] [org.gradle.process.internal.health.memory.DefaultMemoryManager] 3352202444 physical memory requested, 0 released, 1085423616 free
2025-01-12T19:35:05.723-0500 [DEBUG] [org.gradle.cache.internal.DefaultFileLockManager] Waiting to acquire shared lock on daemon addresses registry.
2025-01-12T19:35:05.723-0500 [DEBUG] [org.gradle.cache.internal.DefaultFileLockManager] Lock acquired on daemon addresses registry.
2025-01-12T19:35:05.723-0500 [DEBUG] [org.gradle.cache.internal.DefaultFileLockManager] Releasing lock on daemon addresses registry.
2025-01-12T19:35:05.724-0500 [DEBUG] [org.gradle.cache.internal.DefaultFileLockManager] Waiting to acquire shared lock on daemon addresses registry.
2025-01-12T19:35:05.724-0500 [DEBUG] [org.gradle.cache.internal.DefaultFileLockManager] Lock acquired on daemon addresses registry.
2025-01-12T19:35:05.724-0500 [DEBUG] [org.gradle.cache.internal.DefaultFileLockManager] Releasing lock on daemon addresses registry.
2025-01-12T19:35:05.725-0500 [DEBUG] [org.gradle.cache.internal.DefaultFileLockManager] Waiting to acquire shared lock on daemon addresses registry.
2025-01-12T19:35:05.725-0500 [DEBUG] [org.gradle.cache.internal.DefaultFileLockManager] Lock acquired on daemon addresses registry.
2025-01-12T19:35:05.725-0500 [DEBUG] [org.gradle.cache.internal.DefaultFileLockManager] Releasing lock on daemon addresses registry.
2025-01-12T19:35:08.248-0500 [DEBUG] [org.gradle.process.internal.health.memory.DefaultMemoryManager] 3352202444 physical memory requested, 1027493888 free
2025-01-12T19:35:08.248-0500 [DEBUG] [org.gradle.workers.internal.WorkerDaemonExpiration] Will attempt to release 3196 of memory
2025-01-12T19:35:08.248-0500 [DEBUG] [org.gradle.process.internal.health.memory.DefaultMemoryManager] 3352202444 physical memory requested, 0 released, 1027493888 free
2025-01-12T19:35:13.246-0500 [DEBUG] [org.gradle.process.internal.health.memory.DefaultMemoryManager] 3352202444 physical memory requested, 1061244928 free
2025-01-12T19:35:13.246-0500 [DEBUG] [org.gradle.workers.internal.WorkerDaemonExpiration] Will attempt to release 3196 of memory
2025-01-12T19:35:13.246-0500 [DEBUG] [org.gradle.process.internal.health.memory.DefaultMemoryManager] 3352202444 physical memory requested, 0 released, 1061244928 free
2025-01-12T19:35:15.726-0500 [DEBUG] [org.gradle.cache.internal.DefaultFileLockManager] Waiting to acquire shared lock on daemon addresses registry.
2025-01-12T19:35:15.726-0500 [DEBUG] [org.gradle.cache.internal.DefaultFileLockManager] Lock acquired on daemon addresses registry.
2025-01-12T19:35:15.726-0500 [DEBUG] [org.gradle.cache.internal.DefaultFileLockManager] Releasing lock on daemon addresses registry.
2025-01-12T19:35:15.726-0500 [DEBUG] [org.gradle.cache.internal.DefaultFileLockManager] Waiting to acquire shared lock on daemon addresses registry.
2025-01-12T19:35:15.727-0500 [DEBUG] [org.gradle.cache.internal.DefaultFileLockManager] Lock acquired on daemon addresses registry.
2025-01-12T19:35:15.727-0500 [DEBUG] [org.gradle.cache.internal.DefaultFileLockManager] Releasing lock on daemon addresses registry.
2025-01-12T19:35:15.728-0500 [DEBUG] [org.gradle.cache.internal.DefaultFileLockManager] Waiting to acquire shared lock on daemon addresses registry.
2025-01-12T19:35:15.728-0500 [DEBUG] [org.gradle.cache.internal.DefaultFileLockManager] Lock acquired on daemon addresses registry.
2025-01-12T19:35:15.728-0500 [DEBUG] [org.gradle.cache.internal.DefaultFileLockManager] Releasing lock on daemon addresses registry.
2025-01-12T19:35:18.247-0500 [DEBUG] [org.gradle.process.internal.health.memory.DefaultMemoryManager] 3352202444 physical memory requested, 1040490496 free
2025-01-12T19:35:18.248-0500 [DEBUG] [org.gradle.workers.internal.WorkerDaemonExpiration] Will attempt to release 3196 of memory
2025-01-12T19:35:18.248-0500 [DEBUG] [org.gradle.process.internal.health.memory.DefaultMemoryManager] 3352202444 physical memory requested, 0 released, 1040490496 free
2025-01-12T19:35:23.253-0500 [DEBUG] [org.gradle.process.internal.health.memory.DefaultMemoryManager] 3352202444 physical memory requested, 878854144 free
2025-01-12T19:35:23.253-0500 [DEBUG] [org.gradle.workers.internal.WorkerDaemonExpiration] Will attempt to release 3196 of memory
2025-01-12T19:35:23.253-0500 [DEBUG] [org.gradle.process.internal.health.memory.DefaultMemoryManager] 3352202444 physical memory requested, 0 released, 878854144 free
2025-01-12T19:35:25.721-0500 [DEBUG] [org.gradle.cache.internal.DefaultFileLockManager] Waiting to acquire shared lock on daemon addresses registry.
2025-01-12T19:35:25.721-0500 [DEBUG] [org.gradle.cache.internal.DefaultFileLockManager] Lock acquired on daemon addresses registry.
2025-01-12T19:35:25.721-0500 [DEBUG] [org.gradle.cache.internal.DefaultFileLockManager] Releasing lock on daemon addresses registry.
2025-01-12T19:35:25.722-0500 [DEBUG] [org.gradle.cache.internal.DefaultFileLockManager] Waiting to acquire shared lock on daemon addresses registry.
2025-01-12T19:35:25.722-0500 [DEBUG] [org.gradle.cache.internal.DefaultFileLockManager] Lock acquired on daemon addresses registry.
2025-01-12T19:35:25.722-0500 [DEBUG] [org.gradle.cache.internal.DefaultFileLockManager] Releasing lock on daemon addresses registry.
2025-01-12T19:35:25.723-0500 [DEBUG] [org.gradle.cache.internal.DefaultFileLockManager] Waiting to acquire shared lock on daemon addresses registry.
2025-01-12T19:35:25.723-0500 [DEBUG] [org.gradle.cache.internal.DefaultFileLockManager] Lock acquired on daemon addresses registry.
2025-01-12T19:35:25.723-0500 [DEBUG] [org.gradle.cache.internal.DefaultFileLockManager] Releasing lock on daemon addresses registry.
2025-01-12T19:35:28.250-0500 [DEBUG] [org.gradle.process.internal.health.memory.DefaultMemoryManager] 3352202444 physical memory requested, 1138548736 free
2025-01-12T19:35:28.250-0500 [DEBUG] [org.gradle.workers.internal.WorkerDaemonExpiration] Will attempt to release 3196 of memory
2025-01-12T19:35:28.250-0500 [DEBUG] [org.gradle.process.internal.health.memory.DefaultMemoryManager] 3352202444 physical memory requested, 0 released, 1138548736 free
2025-01-12T19:35:33.241-0500 [DEBUG] [org.gradle.process.internal.health.memory.DefaultMemoryManager] 3352202444 physical memory requested, 1011638272 free
2025-01-12T19:35:33.241-0500 [DEBUG] [org.gradle.workers.internal.WorkerDaemonExpiration] Will attempt to release 3196 of memory
2025-01-12T19:35:33.241-0500 [DEBUG] [org.gradle.process.internal.health.memory.DefaultMemoryManager] 3352202444 physical memory requested, 0 released, 1011638272 free
2025-01-12T19:35:35.726-0500 [DEBUG] [org.gradle.cache.internal.DefaultFileLockManager] Waiting to acquire shared lock on daemon addresses registry.
2025-01-12T19:35:35.726-0500 [DEBUG] [org.gradle.cache.internal.DefaultFileLockManager] Lock acquired on daemon addresses registry.
2025-01-12T19:35:35.726-0500 [DEBUG] [org.gradle.cache.internal.DefaultFileLockManager] Releasing lock on daemon addresses registry.
2025-01-12T19:35:35.727-0500 [DEBUG] [org.gradle.cache.internal.DefaultFileLockManager] Waiting to acquire shared lock on daemon addresses registry.
2025-01-12T19:35:35.727-0500 [DEBUG] [org.gradle.cache.internal.DefaultFileLockManager] Lock acquired on daemon addresses registry.
2025-01-12T19:35:35.727-0500 [DEBUG] [org.gradle.cache.internal.DefaultFileLockManager] Releasing lock on daemon addresses registry.
2025-01-12T19:35:35.728-0500 [DEBUG] [org.gradle.cache.internal.DefaultFileLockManager] Waiting to acquire shared lock on daemon addresses registry.
2025-01-12T19:35:35.728-0500 [DEBUG] [org.gradle.cache.internal.DefaultFileLockManager] Lock acquired on daemon addresses registry.
2025-01-12T19:35:35.728-0500 [DEBUG] [org.gradle.cache.internal.DefaultFileLockManager] Releasing lock on daemon addresses registry.
2025-01-12T19:35:38.252-0500 [DEBUG] [org.gradle.process.internal.health.memory.DefaultMemoryManager] 3352202444 physical memory requested, 796041216 free
2025-01-12T19:35:38.252-0500 [DEBUG] [org.gradle.workers.internal.WorkerDaemonExpiration] Will attempt to release 3196 of memory
2025-01-12T19:35:38.252-0500 [DEBUG] [org.gradle.process.internal.health.memory.DefaultMemoryManager] 3352202444 physical memory requested, 0 released, 796041216 free
2025-01-12T19:35:43.245-0500 [DEBUG] [org.gradle.process.internal.health.memory.DefaultMemoryManager] 3352202444 physical memory requested, 653582336 free
2025-01-12T19:35:43.245-0500 [DEBUG] [org.gradle.workers.internal.WorkerDaemonExpiration] Will attempt to release 3196 of memory
2025-01-12T19:35:43.245-0500 [DEBUG] [org.gradle.process.internal.health.memory.DefaultMemoryManager] 3352202444 physical memory requested, 0 released, 653582336 free
2025-01-12T19:35:45.718-0500 [DEBUG] [org.gradle.cache.internal.DefaultFileLockManager] Waiting to acquire shared lock on daemon addresses registry.
2025-01-12T19:35:45.718-0500 [DEBUG] [org.gradle.cache.internal.DefaultFileLockManager] Lock acquired on daemon addresses registry.
2025-01-12T19:35:45.718-0500 [DEBUG] [org.gradle.cache.internal.DefaultFileLockManager] Releasing lock on daemon addresses registry.
2025-01-12T19:35:45.719-0500 [DEBUG] [org.gradle.cache.internal.DefaultFileLockManager] Waiting to acquire shared lock on daemon addresses registry.
2025-01-12T19:35:45.719-0500 [DEBUG] [org.gradle.cache.internal.DefaultFileLockManager] Lock acquired on daemon addresses registry.
2025-01-12T19:35:45.719-0500 [DEBUG] [org.gradle.cache.internal.DefaultFileLockManager] Releasing lock on daemon addresses registry.
2025-01-12T19:35:45.720-0500 [DEBUG] [org.gradle.cache.internal.DefaultFileLockManager] Waiting to acquire shared lock on daemon addresses registry.
2025-01-12T19:35:45.720-0500 [DEBUG] [org.gradle.cache.internal.DefaultFileLockManager] Lock acquired on daemon addresses registry.
2025-01-12T19:35:45.720-0500 [DEBUG] [org.gradle.cache.internal.DefaultFileLockManager] Releasing lock on daemon addresses registry.
2025-01-12T19:35:48.249-0500 [DEBUG] [org.gradle.process.internal.health.memory.DefaultMemoryManager] 3352202444 physical memory requested, 719847424 free
2025-01-12T19:35:48.249-0500 [DEBUG] [org.gradle.workers.internal.WorkerDaemonExpiration] Will attempt to release 3196 of memory
2025-01-12T19:35:48.249-0500 [DEBUG] [org.gradle.process.internal.health.memory.DefaultMemoryManager] 3352202444 physical memory requested, 0 released, 719847424 free
2025-01-12T19:35:53.249-0500 [DEBUG] [org.gradle.process.internal.health.memory.DefaultMemoryManager] 3352202444 physical memory requested, 743624704 free
2025-01-12T19:35:53.249-0500 [DEBUG] [org.gradle.workers.internal.WorkerDaemonExpiration] Will attempt to release 3196 of memory
2025-01-12T19:35:53.249-0500 [DEBUG] [org.gradle.process.internal.health.memory.DefaultMemoryManager] 3352202444 physical memory requested, 0 released, 743624704 free
2025-01-12T19:35:55.729-0500 [DEBUG] [org.gradle.cache.internal.DefaultFileLockManager] Waiting to acquire shared lock on daemon addresses registry.
2025-01-12T19:35:55.730-0500 [DEBUG] [org.gradle.cache.internal.DefaultFileLockManager] Lock acquired on daemon addresses registry.
2025-01-12T19:35:55.730-0500 [DEBUG] [org.gradle.cache.internal.DefaultFileLockManager] Releasing lock on daemon addresses registry.
2025-01-12T19:35:55.731-0500 [DEBUG] [org.gradle.cache.internal.DefaultFileLockManager] Waiting to acquire shared lock on daemon addresses registry.
2025-01-12T19:35:55.731-0500 [DEBUG] [org.gradle.cache.internal.DefaultFileLockManager] Lock acquired on daemon addresses registry.
2025-01-12T19:35:55.731-0500 [DEBUG] [org.gradle.cache.internal.DefaultFileLockManager] Releasing lock on daemon addresses registry.
2025-01-12T19:35:55.732-0500 [DEBUG] [org.gradle.cache.internal.DefaultFileLockManager] Waiting to acquire shared lock on daemon addresses registry.
2025-01-12T19:35:55.732-0500 [DEBUG] [org.gradle.cache.internal.DefaultFileLockManager] Lock acquired on daemon addresses registry.
2025-01-12T19:35:55.732-0500 [DEBUG] [org.gradle.cache.internal.DefaultFileLockManager] Releasing lock on daemon addresses registry.
2025-01-12T19:35:58.251-0500 [DEBUG] [org.gradle.process.internal.health.memory.DefaultMemoryManager] 3352202444 physical memory requested, 1003401216 free
2025-01-12T19:35:58.251-0500 [DEBUG] [org.gradle.workers.internal.WorkerDaemonExpiration] Will attempt to release 3196 of memory
2025-01-12T19:35:58.251-0500 [DEBUG] [org.gradle.process.internal.health.memory.DefaultMemoryManager] 3352202444 physical memory requested, 0 released, 1003401216 free
2025-01-12T19:36:03.247-0500 [DEBUG] [org.gradle.process.internal.health.memory.DefaultMemoryManager] 3352202444 physical memory requested, 1044115456 free
2025-01-12T19:36:03.248-0500 [DEBUG] [org.gradle.workers.internal.WorkerDaemonExpiration] Will attempt to release 3196 of memory
2025-01-12T19:36:03.248-0500 [DEBUG] [org.gradle.process.internal.health.memory.DefaultMemoryManager] 3352202444 physical memory requested, 0 released, 1044115456 free
2025-01-12T19:36:05.716-0500 [DEBUG] [org.gradle.cache.internal.DefaultFileLockManager] Waiting to acquire shared lock on daemon addresses registry.
2025-01-12T19:36:05.716-0500 [DEBUG] [org.gradle.cache.internal.DefaultFileLockManager] Lock acquired on daemon addresses registry.
2025-01-12T19:36:05.716-0500 [DEBUG] [org.gradle.cache.internal.DefaultFileLockManager] Releasing lock on daemon addresses registry.
2025-01-12T19:36:05.716-0500 [DEBUG] [org.gradle.cache.internal.DefaultFileLockManager] Waiting to acquire shared lock on daemon addresses registry.
2025-01-12T19:36:05.716-0500 [DEBUG] [org.gradle.cache.internal.DefaultFileLockManager] Lock acquired on daemon addresses registry.
2025-01-12T19:36:05.717-0500 [DEBUG] [org.gradle.cache.internal.DefaultFileLockManager] Releasing lock on daemon addresses registry.
2025-01-12T19:36:05.717-0500 [DEBUG] [org.gradle.cache.internal.DefaultFileLockManager] Waiting to acquire shared lock on daemon addresses registry.
2025-01-12T19:36:05.717-0500 [DEBUG] [org.gradle.cache.internal.DefaultFileLockManager] Lock acquired on daemon addresses registry.
2025-01-12T19:36:05.717-0500 [DEBUG] [org.gradle.cache.internal.DefaultFileLockManager] Releasing lock on daemon addresses registry.
2025-01-12T19:36:08.251-0500 [DEBUG] [org.gradle.process.internal.health.memory.DefaultMemoryManager] 3352202444 physical memory requested, 969908224 free
2025-01-12T19:36:08.251-0500 [DEBUG] [org.gradle.workers.internal.WorkerDaemonExpiration] Will attempt to release 3196 of memory
2025-01-12T19:36:08.251-0500 [DEBUG] [org.gradle.process.internal.health.memory.DefaultMemoryManager] 3352202444 physical memory requested, 0 released, 969908224 free
2025-01-12T19:36:13.252-0500 [DEBUG] [org.gradle.process.internal.health.memory.DefaultMemoryManager] 3352202444 physical memory requested, 1688604672 free
2025-01-12T19:36:13.252-0500 [DEBUG] [org.gradle.workers.internal.WorkerDaemonExpiration] Will attempt to release 3196 of memory
2025-01-12T19:36:13.252-0500 [DEBUG] [org.gradle.process.internal.health.memory.DefaultMemoryManager] 3352202444 physical memory requested, 0 released, 1688604672 free
2025-01-12T19:36:15.726-0500 [DEBUG] [org.gradle.cache.internal.DefaultFileLockManager] Waiting to acquire shared lock on daemon addresses registry.
2025-01-12T19:36:15.726-0500 [DEBUG] [org.gradle.cache.internal.DefaultFileLockManager] Lock acquired on daemon addresses registry.
2025-01-12T19:36:15.726-0500 [DEBUG] [org.gradle.cache.internal.DefaultFileLockManager] Releasing lock on daemon addresses registry.
2025-01-12T19:36:15.727-0500 [DEBUG] [org.gradle.cache.internal.DefaultFileLockManager] Waiting to acquire shared lock on daemon addresses registry.
2025-01-12T19:36:15.727-0500 [DEBUG] [org.gradle.cache.internal.DefaultFileLockManager] Lock acquired on daemon addresses registry.
2025-01-12T19:36:15.727-0500 [DEBUG] [org.gradle.cache.internal.DefaultFileLockManager] Releasing lock on daemon addresses registry.
2025-01-12T19:36:15.727-0500 [DEBUG] [org.gradle.cache.internal.DefaultFileLockManager] Waiting to acquire shared lock on daemon addresses registry.
2025-01-12T19:36:15.727-0500 [DEBUG] [org.gradle.cache.internal.DefaultFileLockManager] Lock acquired on daemon addresses registry.
2025-01-12T19:36:15.727-0500 [DEBUG] [org.gradle.cache.internal.DefaultFileLockManager] Releasing lock on daemon addresses registry.
2025-01-12T19:36:18.242-0500 [DEBUG] [org.gradle.process.internal.health.memory.DefaultMemoryManager] 3352202444 physical memory requested, 2214416384 free
2025-01-12T19:36:18.242-0500 [DEBUG] [org.gradle.workers.internal.WorkerDaemonExpiration] Will attempt to release 3196 of memory
2025-01-12T19:36:18.242-0500 [DEBUG] [org.gradle.process.internal.health.memory.DefaultMemoryManager] 3352202444 physical memory requested, 0 released, 2214416384 free
2025-01-12T19:36:23.245-0500 [DEBUG] [org.gradle.process.internal.health.memory.DefaultMemoryManager] 3352202444 physical memory requested, 2207944704 free
2025-01-12T19:36:23.245-0500 [DEBUG] [org.gradle.workers.internal.WorkerDaemonExpiration] Will attempt to release 3196 of memory
2025-01-12T19:36:23.245-0500 [DEBUG] [org.gradle.process.internal.health.memory.DefaultMemoryManager] 3352202444 physical memory requested, 0 released, 2207944704 free
2025-01-12T19:36:25.717-0500 [DEBUG] [org.gradle.cache.internal.DefaultFileLockManager] Waiting to acquire shared lock on daemon addresses registry.
2025-01-12T19:36:25.717-0500 [DEBUG] [org.gradle.cache.internal.DefaultFileLockManager] Lock acquired on daemon addresses registry.
2025-01-12T19:36:25.717-0500 [DEBUG] [org.gradle.cache.internal.DefaultFileLockManager] Releasing lock on daemon addresses registry.
2025-01-12T19:36:25.717-0500 [DEBUG] [org.gradle.cache.internal.DefaultFileLockManager] Waiting to acquire shared lock on daemon addresses registry.
2025-01-12T19:36:25.718-0500 [DEBUG] [org.gradle.cache.internal.DefaultFileLockManager] Lock acquired on daemon addresses registry.
2025-01-12T19:36:25.718-0500 [DEBUG] [org.gradle.cache.internal.DefaultFileLockManager] Releasing lock on daemon addresses registry.
2025-01-12T19:36:25.718-0500 [DEBUG] [org.gradle.cache.internal.DefaultFileLockManager] Waiting to acquire shared lock on daemon addresses registry.
2025-01-12T19:36:25.718-0500 [DEBUG] [org.gradle.cache.internal.DefaultFileLockManager] Lock acquired on daemon addresses registry.
2025-01-12T19:36:25.718-0500 [DEBUG] [org.gradle.cache.internal.DefaultFileLockManager] Releasing lock on daemon addresses registry.
2025-01-12T19:36:28.246-0500 [DEBUG] [org.gradle.process.internal.health.memory.DefaultMemoryManager] 3352202444 physical memory requested, 2219753472 free
2025-01-12T19:36:28.246-0500 [DEBUG] [org.gradle.workers.internal.WorkerDaemonExpiration] Will attempt to release 3196 of memory
2025-01-12T19:36:28.246-0500 [DEBUG] [org.gradle.process.internal.health.memory.DefaultMemoryManager] 3352202444 physical memory requested, 0 released, 2219753472 free
2025-01-12T19:36:33.252-0500 [DEBUG] [org.gradle.process.internal.health.memory.DefaultMemoryManager] 3352202444 physical memory requested, 2091360256 free
2025-01-12T19:36:33.252-0500 [DEBUG] [org.gradle.workers.internal.WorkerDaemonExpiration] Will attempt to release 3196 of memory
2025-01-12T19:36:33.252-0500 [DEBUG] [org.gradle.process.internal.health.memory.DefaultMemoryManager] 3352202444 physical memory requested, 0 released, 2091360256 free
2025-01-12T19:36:35.719-0500 [DEBUG] [org.gradle.cache.internal.DefaultFileLockManager] Waiting to acquire shared lock on daemon addresses registry.
2025-01-12T19:36:35.720-0500 [DEBUG] [org.gradle.cache.internal.DefaultFileLockManager] Lock acquired on daemon addresses registry.
2025-01-12T19:36:35.720-0500 [DEBUG] [org.gradle.cache.internal.DefaultFileLockManager] Releasing lock on daemon addresses registry.
2025-01-12T19:36:35.720-0500 [DEBUG] [org.gradle.cache.internal.DefaultFileLockManager] Waiting to acquire shared lock on daemon addresses registry.
2025-01-12T19:36:35.720-0500 [DEBUG] [org.gradle.cache.internal.DefaultFileLockManager] Lock acquired on daemon addresses registry.
2025-01-12T19:36:35.721-0500 [DEBUG] [org.gradle.cache.internal.DefaultFileLockManager] Releasing lock on daemon addresses registry.
2025-01-12T19:36:35.721-0500 [DEBUG] [org.gradle.cache.internal.DefaultFileLockManager] Waiting to acquire shared lock on daemon addresses registry.
2025-01-12T19:36:35.721-0500 [DEBUG] [org.gradle.cache.internal.DefaultFileLockManager] Lock acquired on daemon addresses registry.
2025-01-12T19:36:35.721-0500 [DEBUG] [org.gradle.cache.internal.DefaultFileLockManager] Releasing lock on daemon addresses registry.
2025-01-12T19:36:38.249-0500 [DEBUG] [org.gradle.process.internal.health.memory.DefaultMemoryManager] 3352202444 physical memory requested, 2034954240 free
2025-01-12T19:36:38.249-0500 [DEBUG] [org.gradle.workers.internal.WorkerDaemonExpiration] Will attempt to release 3196 of memory
2025-01-12T19:36:38.249-0500 [DEBUG] [org.gradle.process.internal.health.memory.DefaultMemoryManager] 3352202444 physical memory requested, 0 released, 2034954240 free
2025-01-12T19:36:43.246-0500 [DEBUG] [org.gradle.process.internal.health.memory.DefaultMemoryManager] 3352202444 physical memory requested, 2023428096 free
2025-01-12T19:36:43.246-0500 [DEBUG] [org.gradle.workers.internal.WorkerDaemonExpiration] Will attempt to release 3196 of memory
2025-01-12T19:36:43.246-0500 [DEBUG] [org.gradle.process.internal.health.memory.DefaultMemoryManager] 3352202444 physical memory requested, 0 released, 2023428096 free
2025-01-12T19:36:45.734-0500 [DEBUG] [org.gradle.cache.internal.DefaultFileLockManager] Waiting to acquire shared lock on daemon addresses registry.
2025-01-12T19:36:45.734-0500 [DEBUG] [org.gradle.cache.internal.DefaultFileLockManager] Lock acquired on daemon addresses registry.
2025-01-12T19:36:45.735-0500 [DEBUG] [org.gradle.cache.internal.DefaultFileLockManager] Releasing lock on daemon addresses registry.
2025-01-12T19:36:45.736-0500 [DEBUG] [org.gradle.cache.internal.DefaultFileLockManager] Waiting to acquire shared lock on daemon addresses registry.
2025-01-12T19:36:45.736-0500 [DEBUG] [org.gradle.cache.internal.DefaultFileLockManager] Lock acquired on daemon addresses registry.
2025-01-12T19:36:45.736-0500 [DEBUG] [org.gradle.cache.internal.DefaultFileLockManager] Releasing lock on daemon addresses registry.
2025-01-12T19:36:45.738-0500 [DEBUG] [org.gradle.cache.internal.DefaultFileLockManager] Waiting to acquire shared lock on daemon addresses registry.
2025-01-12T19:36:45.738-0500 [DEBUG] [org.gradle.cache.internal.DefaultFileLockManager] Lock acquired on daemon addresses registry.
2025-01-12T19:36:45.738-0500 [DEBUG] [org.gradle.cache.internal.DefaultFileLockManager] Releasing lock on daemon addresses registry.
2025-01-12T19:36:48.248-0500 [DEBUG] [org.gradle.process.internal.health.memory.DefaultMemoryManager] 3352202444 physical memory requested, 1988104192 free
2025-01-12T19:36:48.248-0500 [DEBUG] [org.gradle.workers.internal.WorkerDaemonExpiration] Will attempt to release 3196 of memory
2025-01-12T19:36:48.248-0500 [DEBUG] [org.gradle.process.internal.health.memory.DefaultMemoryManager] 3352202444 physical memory requested, 0 released, 1988104192 free
2025-01-12T19:36:53.248-0500 [DEBUG] [org.gradle.process.internal.health.memory.DefaultMemoryManager] 3352202444 physical memory requested, 2086719488 free
2025-01-12T19:36:53.248-0500 [DEBUG] [org.gradle.workers.internal.WorkerDaemonExpiration] Will attempt to release 3196 of memory
2025-01-12T19:36:53.248-0500 [DEBUG] [org.gradle.process.internal.health.memory.DefaultMemoryManager] 3352202444 physical memory requested, 0 released, 2086719488 free
2025-01-12T19:36:55.724-0500 [DEBUG] [org.gradle.cache.internal.DefaultFileLockManager] Waiting to acquire shared lock on daemon addresses registry.
2025-01-12T19:36:55.724-0500 [DEBUG] [org.gradle.cache.internal.DefaultFileLockManager] Lock acquired on daemon addresses registry.
2025-01-12T19:36:55.725-0500 [DEBUG] [org.gradle.cache.internal.DefaultFileLockManager] Releasing lock on daemon addresses registry.
2025-01-12T19:36:55.725-0500 [DEBUG] [org.gradle.cache.internal.DefaultFileLockManager] Waiting to acquire shared lock on daemon addresses registry.
2025-01-12T19:36:55.725-0500 [DEBUG] [org.gradle.cache.internal.DefaultFileLockManager] Lock acquired on daemon addresses registry.
2025-01-12T19:36:55.725-0500 [DEBUG] [org.gradle.cache.internal.DefaultFileLockManager] Releasing lock on daemon addresses registry.
2025-01-12T19:36:55.726-0500 [DEBUG] [org.gradle.cache.internal.DefaultFileLockManager] Waiting to acquire shared lock on daemon addresses registry.
2025-01-12T19:36:55.726-0500 [DEBUG] [org.gradle.cache.internal.DefaultFileLockManager] Lock acquired on daemon addresses registry.
2025-01-12T19:36:55.726-0500 [DEBUG] [org.gradle.cache.internal.DefaultFileLockManager] Releasing lock on daemon addresses registry.
2025-01-12T19:36:58.239-0500 [DEBUG] [org.gradle.process.internal.health.memory.DefaultMemoryManager] 3352202444 physical memory requested, 2036854784 free
2025-01-12T19:36:58.239-0500 [DEBUG] [org.gradle.workers.internal.WorkerDaemonExpiration] Will attempt to release 3196 of memory
2025-01-12T19:36:58.239-0500 [DEBUG] [org.gradle.process.internal.health.memory.DefaultMemoryManager] 3352202444 physical memory requested, 0 released, 2036854784 free
2025-01-12T19:37:03.239-0500 [DEBUG] [org.gradle.process.internal.health.memory.DefaultMemoryManager] 3352202444 physical memory requested, 1962397696 free
2025-01-12T19:37:03.239-0500 [DEBUG] [org.gradle.workers.internal.WorkerDaemonExpiration] Will attempt to release 3196 of memory
2025-01-12T19:37:03.239-0500 [DEBUG] [org.gradle.process.internal.health.memory.DefaultMemoryManager] 3352202444 physical memory requested, 0 released, 1962397696 free
2025-01-12T19:37:05.715-0500 [DEBUG] [org.gradle.cache.internal.DefaultFileLockManager] Waiting to acquire shared lock on daemon addresses registry.
2025-01-12T19:37:05.715-0500 [DEBUG] [org.gradle.cache.internal.DefaultFileLockManager] Lock acquired on daemon addresses registry.
2025-01-12T19:37:05.715-0500 [DEBUG] [org.gradle.cache.internal.DefaultFileLockManager] Releasing lock on daemon addresses registry.
2025-01-12T19:37:05.716-0500 [DEBUG] [org.gradle.cache.internal.DefaultFileLockManager] Waiting to acquire shared lock on daemon addresses registry.
2025-01-12T19:37:05.716-0500 [DEBUG] [org.gradle.cache.internal.DefaultFileLockManager] Lock acquired on daemon addresses registry.
2025-01-12T19:37:05.716-0500 [DEBUG] [org.gradle.cache.internal.DefaultFileLockManager] Releasing lock on daemon addresses registry.
2025-01-12T19:37:05.717-0500 [DEBUG] [org.gradle.cache.internal.DefaultFileLockManager] Waiting to acquire shared lock on daemon addresses registry.
2025-01-12T19:37:05.717-0500 [DEBUG] [org.gradle.cache.internal.DefaultFileLockManager] Lock acquired on daemon addresses registry.
2025-01-12T19:37:05.717-0500 [DEBUG] [org.gradle.cache.internal.DefaultFileLockManager] Releasing lock on daemon addresses registry.
2025-01-12T19:37:08.249-0500 [DEBUG] [org.gradle.process.internal.health.memory.DefaultMemoryManager] 3352202444 physical memory requested, 1961746432 free
2025-01-12T19:37:08.249-0500 [DEBUG] [org.gradle.workers.internal.WorkerDaemonExpiration] Will attempt to release 3196 of memory
2025-01-12T19:37:08.249-0500 [DEBUG] [org.gradle.process.internal.health.memory.DefaultMemoryManager] 3352202444 physical memory requested, 0 released, 1961746432 free
2025-01-12T19:37:13.252-0500 [DEBUG] [org.gradle.process.internal.health.memory.DefaultMemoryManager] 3352202444 physical memory requested, 1956782080 free
2025-01-12T19:37:13.252-0500 [DEBUG] [org.gradle.workers.internal.WorkerDaemonExpiration] Will attempt to release 3196 of memory
2025-01-12T19:37:13.252-0500 [DEBUG] [org.gradle.process.internal.health.memory.DefaultMemoryManager] 3352202444 physical memory requested, 0 released, 1956782080 free
2025-01-12T19:37:15.727-0500 [DEBUG] [org.gradle.cache.internal.DefaultFileLockManager] Waiting to acquire shared lock on daemon addresses registry.
2025-01-12T19:37:15.727-0500 [DEBUG] [org.gradle.cache.internal.DefaultFileLockManager] Lock acquired on daemon addresses registry.
2025-01-12T19:37:15.727-0500 [DEBUG] [org.gradle.cache.internal.DefaultFileLockManager] Releasing lock on daemon addresses registry.
2025-01-12T19:37:15.728-0500 [DEBUG] [org.gradle.cache.internal.DefaultFileLockManager] Waiting to acquire shared lock on daemon addresses registry.
2025-01-12T19:37:15.728-0500 [DEBUG] [org.gradle.cache.internal.DefaultFileLockManager] Lock acquired on daemon addresses registry.
2025-01-12T19:37:15.728-0500 [DEBUG] [org.gradle.cache.internal.DefaultFileLockManager] Releasing lock on daemon addresses registry.
2025-01-12T19:37:15.729-0500 [DEBUG] [org.gradle.cache.internal.DefaultFileLockManager] Waiting to acquire shared lock on daemon addresses registry.
2025-01-12T19:37:15.729-0500 [DEBUG] [org.gradle.cache.internal.DefaultFileLockManager] Lock acquired on daemon addresses registry.
2025-01-12T19:37:15.730-0500 [DEBUG] [org.gradle.cache.internal.DefaultFileLockManager] Releasing lock on daemon addresses registry.
2025-01-12T19:37:18.251-0500 [DEBUG] [org.gradle.process.internal.health.memory.DefaultMemoryManager] 3352202444 physical memory requested, 2031419392 free
2025-01-12T19:37:18.251-0500 [DEBUG] [org.gradle.workers.internal.WorkerDaemonExpiration] Will attempt to release 3196 of memory
2025-01-12T19:37:18.251-0500 [DEBUG] [org.gradle.process.internal.health.memory.DefaultMemoryManager] 3352202444 physical memory requested, 0 released, 2031419392 free
2025-01-12T19:37:23.250-0500 [DEBUG] [org.gradle.process.internal.health.memory.DefaultMemoryManager] 3352202444 physical memory requested, 2060984320 free
2025-01-12T19:37:23.250-0500 [DEBUG] [org.gradle.workers.internal.WorkerDaemonExpiration] Will attempt to release 3196 of memory
2025-01-12T19:37:23.250-0500 [DEBUG] [org.gradle.process.internal.health.memory.DefaultMemoryManager] 3352202444 physical memory requested, 0 released, 2060984320 free
2025-01-12T19:37:25.724-0500 [DEBUG] [org.gradle.cache.internal.DefaultFileLockManager] Waiting to acquire shared lock on daemon addresses registry.
2025-01-12T19:37:25.724-0500 [DEBUG] [org.gradle.cache.internal.DefaultFileLockManager] Lock acquired on daemon addresses registry.
2025-01-12T19:37:25.724-0500 [DEBUG] [org.gradle.cache.internal.DefaultFileLockManager] Releasing lock on daemon addresses registry.
2025-01-12T19:37:25.725-0500 [DEBUG] [org.gradle.cache.internal.DefaultFileLockManager] Waiting to acquire shared lock on daemon addresses registry.
2025-01-12T19:37:25.725-0500 [DEBUG] [org.gradle.cache.internal.DefaultFileLockManager] Lock acquired on daemon addresses registry.
2025-01-12T19:37:25.725-0500 [DEBUG] [org.gradle.cache.internal.DefaultFileLockManager] Releasing lock on daemon addresses registry.
2025-01-12T19:37:25.725-0500 [DEBUG] [org.gradle.cache.internal.DefaultFileLockManager] Waiting to acquire shared lock on daemon addresses registry.
2025-01-12T19:37:25.725-0500 [DEBUG] [org.gradle.cache.internal.DefaultFileLockManager] Lock acquired on daemon addresses registry.
2025-01-12T19:37:25.725-0500 [DEBUG] [org.gradle.cache.internal.DefaultFileLockManager] Releasing lock on daemon addresses registry.
2025-01-12T19:37:28.242-0500 [DEBUG] [org.gradle.process.internal.health.memory.DefaultMemoryManager] 3352202444 physical memory requested, 2058420224 free
2025-01-12T19:37:28.242-0500 [DEBUG] [org.gradle.workers.internal.WorkerDaemonExpiration] Will attempt to release 3196 of memory
2025-01-12T19:37:28.242-0500 [DEBUG] [org.gradle.process.internal.health.memory.DefaultMemoryManager] 3352202444 physical memory requested, 0 released, 2058420224 free
2025-01-12T19:37:33.239-0500 [DEBUG] [org.gradle.process.internal.health.memory.DefaultMemoryManager] 3352202444 physical memory requested, 1924558848 free
2025-01-12T19:37:33.239-0500 [DEBUG] [org.gradle.workers.internal.WorkerDaemonExpiration] Will attempt to release 3196 of memory
2025-01-12T19:37:33.239-0500 [DEBUG] [org.gradle.process.internal.health.memory.DefaultMemoryManager] 3352202444 physical memory requested, 0 released, 1924558848 free
2025-01-12T19:37:35.725-0500 [DEBUG] [org.gradle.cache.internal.DefaultFileLockManager] Waiting to acquire shared lock on daemon addresses registry.
2025-01-12T19:37:35.725-0500 [DEBUG] [org.gradle.cache.internal.DefaultFileLockManager] Lock acquired on daemon addresses registry.
2025-01-12T19:37:35.725-0500 [DEBUG] [org.gradle.cache.internal.DefaultFileLockManager] Releasing lock on daemon addresses registry.
2025-01-12T19:37:35.726-0500 [DEBUG] [org.gradle.cache.internal.DefaultFileLockManager] Waiting to acquire shared lock on daemon addresses registry.
2025-01-12T19:37:35.726-0500 [DEBUG] [org.gradle.cache.internal.DefaultFileLockManager] Lock acquired on daemon addresses registry.
2025-01-12T19:37:35.726-0500 [DEBUG] [org.gradle.cache.internal.DefaultFileLockManager] Releasing lock on daemon addresses registry.
2025-01-12T19:37:35.726-0500 [DEBUG] [org.gradle.cache.internal.DefaultFileLockManager] Waiting to acquire shared lock on daemon addresses registry.
2025-01-12T19:37:35.726-0500 [DEBUG] [org.gradle.cache.internal.DefaultFileLockManager] Lock acquired on daemon addresses registry.
2025-01-12T19:37:35.727-0500 [DEBUG] [org.gradle.cache.internal.DefaultFileLockManager] Releasing lock on daemon addresses registry.
2025-01-12T19:37:38.243-0500 [DEBUG] [org.gradle.process.internal.health.memory.DefaultMemoryManager] 3352202444 physical memory requested, 1905799168 free
2025-01-12T19:37:38.243-0500 [DEBUG] [org.gradle.workers.internal.WorkerDaemonExpiration] Will attempt to release 3196 of memory
2025-01-12T19:37:38.243-0500 [DEBUG] [org.gradle.process.internal.health.memory.DefaultMemoryManager] 3352202444 physical memory requested, 0 released, 1905799168 free
2025-01-12T19:37:43.248-0500 [DEBUG] [org.gradle.process.internal.health.memory.DefaultMemoryManager] 3352202444 physical memory requested, 1909694464 free
2025-01-12T19:37:43.248-0500 [DEBUG] [org.gradle.workers.internal.WorkerDaemonExpiration] Will attempt to release 3196 of memory
2025-01-12T19:37:43.248-0500 [DEBUG] [org.gradle.process.internal.health.memory.DefaultMemoryManager] 3352202444 physical memory requested, 0 released, 1909694464 free
2025-01-12T19:37:45.727-0500 [DEBUG] [org.gradle.cache.internal.DefaultFileLockManager] Waiting to acquire shared lock on daemon addresses registry.
2025-01-12T19:37:45.727-0500 [DEBUG] [org.gradle.cache.internal.DefaultFileLockManager] Lock acquired on daemon addresses registry.
2025-01-12T19:37:45.727-0500 [DEBUG] [org.gradle.cache.internal.DefaultFileLockManager] Releasing lock on daemon addresses registry.
2025-01-12T19:37:45.728-0500 [DEBUG] [org.gradle.cache.internal.DefaultFileLockManager] Waiting to acquire shared lock on daemon addresses registry.
2025-01-12T19:37:45.728-0500 [DEBUG] [org.gradle.cache.internal.DefaultFileLockManager] Lock acquired on daemon addresses registry.
2025-01-12T19:37:45.728-0500 [DEBUG] [org.gradle.cache.internal.DefaultFileLockManager] Releasing lock on daemon addresses registry.
2025-01-12T19:37:45.728-0500 [DEBUG] [org.gradle.cache.internal.DefaultFileLockManager] Waiting to acquire shared lock on daemon addresses registry.
2025-01-12T19:37:45.728-0500 [DEBUG] [org.gradle.cache.internal.DefaultFileLockManager] Lock acquired on daemon addresses registry.
2025-01-12T19:37:45.729-0500 [DEBUG] [org.gradle.cache.internal.DefaultFileLockManager] Releasing lock on daemon addresses registry.
2025-01-12T19:37:48.239-0500 [DEBUG] [org.gradle.process.internal.health.memory.DefaultMemoryManager] 3352202444 physical memory requested, 1894744064 free
2025-01-12T19:37:48.239-0500 [DEBUG] [org.gradle.workers.internal.WorkerDaemonExpiration] Will attempt to release 3196 of memory
2025-01-12T19:37:48.239-0500 [DEBUG] [org.gradle.process.internal.health.memory.DefaultMemoryManager] 3352202444 physical memory requested, 0 released, 1894744064 free
2025-01-12T19:37:53.240-0500 [DEBUG] [org.gradle.process.internal.health.memory.DefaultMemoryManager] 3352202444 physical memory requested, 1927405568 free
2025-01-12T19:37:53.240-0500 [DEBUG] [org.gradle.workers.internal.WorkerDaemonExpiration] Will attempt to release 3196 of memory
2025-01-12T19:37:53.240-0500 [DEBUG] [org.gradle.process.internal.health.memory.DefaultMemoryManager] 3352202444 physical memory requested, 0 released, 1927405568 free
2025-01-12T19:37:55.722-0500 [DEBUG] [org.gradle.cache.internal.DefaultFileLockManager] Waiting to acquire shared lock on daemon addresses registry.
2025-01-12T19:37:55.722-0500 [DEBUG] [org.gradle.cache.internal.DefaultFileLockManager] Lock acquired on daemon addresses registry.
2025-01-12T19:37:55.722-0500 [DEBUG] [org.gradle.cache.internal.DefaultFileLockManager] Releasing lock on daemon addresses registry.
2025-01-12T19:37:55.723-0500 [DEBUG] [org.gradle.cache.internal.DefaultFileLockManager] Waiting to acquire shared lock on daemon addresses registry.
2025-01-12T19:37:55.723-0500 [DEBUG] [org.gradle.cache.internal.DefaultFileLockManager] Lock acquired on daemon addresses registry.
2025-01-12T19:37:55.723-0500 [DEBUG] [org.gradle.cache.internal.DefaultFileLockManager] Releasing lock on daemon addresses registry.
2025-01-12T19:37:55.724-0500 [DEBUG] [org.gradle.cache.internal.DefaultFileLockManager] Waiting to acquire shared lock on daemon addresses registry.
2025-01-12T19:37:55.724-0500 [DEBUG] [org.gradle.cache.internal.DefaultFileLockManager] Lock acquired on daemon addresses registry.
2025-01-12T19:37:55.724-0500 [DEBUG] [org.gradle.cache.internal.DefaultFileLockManager] Releasing lock on daemon addresses registry.
2025-01-12T19:37:58.253-0500 [DEBUG] [org.gradle.process.internal.health.memory.DefaultMemoryManager] 3352202444 physical memory requested, 1912664064 free
2025-01-12T19:37:58.253-0500 [DEBUG] [org.gradle.workers.internal.WorkerDaemonExpiration] Will attempt to release 3196 of memory
2025-01-12T19:37:58.253-0500 [DEBUG] [org.gradle.process.internal.health.memory.DefaultMemoryManager] 3352202444 physical memory requested, 0 released, 1912664064 free
2025-01-12T19:38:03.247-0500 [DEBUG] [org.gradle.process.internal.health.memory.DefaultMemoryManager] 3352202444 physical memory requested, 1905487872 free
2025-01-12T19:38:03.247-0500 [DEBUG] [org.gradle.workers.internal.WorkerDaemonExpiration] Will attempt to release 3196 of memory
2025-01-12T19:38:03.247-0500 [DEBUG] [org.gradle.process.internal.health.memory.DefaultMemoryManager] 3352202444 physical memory requested, 0 released, 1905487872 free
2025-01-12T19:38:05.724-0500 [DEBUG] [org.gradle.cache.internal.DefaultFileLockManager] Waiting to acquire shared lock on daemon addresses registry.
2025-01-12T19:38:05.724-0500 [DEBUG] [org.gradle.cache.internal.DefaultFileLockManager] Lock acquired on daemon addresses registry.
2025-01-12T19:38:05.724-0500 [DEBUG] [org.gradle.cache.internal.DefaultFileLockManager] Releasing lock on daemon addresses registry.
2025-01-12T19:38:05.725-0500 [DEBUG] [org.gradle.cache.internal.DefaultFileLockManager] Waiting to acquire shared lock on daemon addresses registry.
2025-01-12T19:38:05.725-0500 [DEBUG] [org.gradle.cache.internal.DefaultFileLockManager] Lock acquired on daemon addresses registry.
2025-01-12T19:38:05.725-0500 [DEBUG] [org.gradle.cache.internal.DefaultFileLockManager] Releasing lock on daemon addresses registry.
2025-01-12T19:38:05.725-0500 [DEBUG] [org.gradle.cache.internal.DefaultFileLockManager] Waiting to acquire shared lock on daemon addresses registry.
2025-01-12T19:38:05.725-0500 [DEBUG] [org.gradle.cache.internal.DefaultFileLockManager] Lock acquired on daemon addresses registry.
2025-01-12T19:38:05.726-0500 [DEBUG] [org.gradle.cache.internal.DefaultFileLockManager] Releasing lock on daemon addresses registry.
2025-01-12T19:38:08.239-0500 [DEBUG] [org.gradle.process.internal.health.memory.DefaultMemoryManager] 3352202444 physical memory requested, 1888862208 free
2025-01-12T19:38:08.239-0500 [DEBUG] [org.gradle.workers.internal.WorkerDaemonExpiration] Will attempt to release 3196 of memory
2025-01-12T19:38:08.239-0500 [DEBUG] [org.gradle.process.internal.health.memory.DefaultMemoryManager] 3352202444 physical memory requested, 0 released, 1888862208 free
2025-01-12T19:38:13.245-0500 [DEBUG] [org.gradle.process.internal.health.memory.DefaultMemoryManager] 3352202444 physical memory requested, 1895927808 free
2025-01-12T19:38:13.246-0500 [DEBUG] [org.gradle.workers.internal.WorkerDaemonExpiration] Will attempt to release 3196 of memory
2025-01-12T19:38:13.246-0500 [DEBUG] [org.gradle.process.internal.health.memory.DefaultMemoryManager] 3352202444 physical memory requested, 0 released, 1895927808 free
2025-01-12T19:38:15.727-0500 [DEBUG] [org.gradle.cache.internal.DefaultFileLockManager] Waiting to acquire shared lock on daemon addresses registry.
2025-01-12T19:38:15.727-0500 [DEBUG] [org.gradle.cache.internal.DefaultFileLockManager] Lock acquired on daemon addresses registry.
2025-01-12T19:38:15.727-0500 [DEBUG] [org.gradle.cache.internal.DefaultFileLockManager] Releasing lock on daemon addresses registry.
2025-01-12T19:38:15.728-0500 [DEBUG] [org.gradle.cache.internal.DefaultFileLockManager] Waiting to acquire shared lock on daemon addresses registry.
2025-01-12T19:38:15.728-0500 [DEBUG] [org.gradle.cache.internal.DefaultFileLockManager] Lock acquired on daemon addresses registry.
2025-01-12T19:38:15.728-0500 [DEBUG] [org.gradle.cache.internal.DefaultFileLockManager] Releasing lock on daemon addresses registry.
2025-01-12T19:38:15.729-0500 [DEBUG] [org.gradle.cache.internal.DefaultFileLockManager] Waiting to acquire shared lock on daemon addresses registry.
2025-01-12T19:38:15.729-0500 [DEBUG] [org.gradle.cache.internal.DefaultFileLockManager] Lock acquired on daemon addresses registry.
2025-01-12T19:38:15.729-0500 [DEBUG] [org.gradle.cache.internal.DefaultFileLockManager] Releasing lock on daemon addresses registry.
2025-01-12T19:38:18.241-0500 [DEBUG] [org.gradle.process.internal.health.memory.DefaultMemoryManager] 3352202444 physical memory requested, 1874886656 free
2025-01-12T19:38:18.241-0500 [DEBUG] [org.gradle.workers.internal.WorkerDaemonExpiration] Will attempt to release 3196 of memory
2025-01-12T19:38:18.241-0500 [DEBUG] [org.gradle.process.internal.health.memory.DefaultMemoryManager] 3352202444 physical memory requested, 0 released, 1874886656 free
2025-01-12T19:38:23.244-0500 [DEBUG] [org.gradle.process.internal.health.memory.DefaultMemoryManager] 3352202444 physical memory requested, 1790844928 free
2025-01-12T19:38:23.244-0500 [DEBUG] [org.gradle.workers.internal.WorkerDaemonExpiration] Will attempt to release 3196 of memory
2025-01-12T19:38:23.244-0500 [DEBUG] [org.gradle.process.internal.health.memory.DefaultMemoryManager] 3352202444 physical memory requested, 0 released, 1790844928 free
2025-01-12T19:38:25.725-0500 [DEBUG] [org.gradle.cache.internal.DefaultFileLockManager] Waiting to acquire shared lock on daemon addresses registry.
2025-01-12T19:38:25.725-0500 [DEBUG] [org.gradle.cache.internal.DefaultFileLockManager] Lock acquired on daemon addresses registry.
2025-01-12T19:38:25.725-0500 [DEBUG] [org.gradle.cache.internal.DefaultFileLockManager] Releasing lock on daemon addresses registry.
2025-01-12T19:38:25.726-0500 [DEBUG] [org.gradle.cache.internal.DefaultFileLockManager] Waiting to acquire shared lock on daemon addresses registry.
2025-01-12T19:38:25.726-0500 [DEBUG] [org.gradle.cache.internal.DefaultFileLockManager] Lock acquired on daemon addresses registry.
2025-01-12T19:38:25.726-0500 [DEBUG] [org.gradle.cache.internal.DefaultFileLockManager] Releasing lock on daemon addresses registry.
2025-01-12T19:38:25.727-0500 [DEBUG] [org.gradle.cache.internal.DefaultFileLockManager] Waiting to acquire shared lock on daemon addresses registry.
2025-01-12T19:38:25.727-0500 [DEBUG] [org.gradle.cache.internal.DefaultFileLockManager] Lock acquired on daemon addresses registry.
2025-01-12T19:38:25.727-0500 [DEBUG] [org.gradle.cache.internal.DefaultFileLockManager] Releasing lock on daemon addresses registry.
2025-01-12T19:38:28.240-0500 [DEBUG] [org.gradle.process.internal.health.memory.DefaultMemoryManager] 3352202444 physical memory requested, 1803190272 free
2025-01-12T19:38:28.240-0500 [DEBUG] [org.gradle.workers.internal.WorkerDaemonExpiration] Will attempt to release 3196 of memory
2025-01-12T19:38:28.240-0500 [DEBUG] [org.gradle.process.internal.health.memory.DefaultMemoryManager] 3352202444 physical memory requested, 0 released, 1803190272 free
2025-01-12T19:38:33.249-0500 [DEBUG] [org.gradle.process.internal.health.memory.DefaultMemoryManager] 3352202444 physical memory requested, 1787084800 free
2025-01-12T19:38:33.249-0500 [DEBUG] [org.gradle.workers.internal.WorkerDaemonExpiration] Will attempt to release 3196 of memory
2025-01-12T19:38:33.249-0500 [DEBUG] [org.gradle.process.internal.health.memory.DefaultMemoryManager] 3352202444 physical memory requested, 0 released, 1787084800 free
2025-01-12T19:38:35.718-0500 [DEBUG] [org.gradle.cache.internal.DefaultFileLockManager] Waiting to acquire shared lock on daemon addresses registry.
2025-01-12T19:38:35.718-0500 [DEBUG] [org.gradle.cache.internal.DefaultFileLockManager] Lock acquired on daemon addresses registry.
2025-01-12T19:38:35.718-0500 [DEBUG] [org.gradle.cache.internal.DefaultFileLockManager] Releasing lock on daemon addresses registry.
2025-01-12T19:38:35.718-0500 [DEBUG] [org.gradle.cache.internal.DefaultFileLockManager] Waiting to acquire shared lock on daemon addresses registry.
2025-01-12T19:38:35.719-0500 [DEBUG] [org.gradle.cache.internal.DefaultFileLockManager] Lock acquired on daemon addresses registry.
2025-01-12T19:38:35.719-0500 [DEBUG] [org.gradle.cache.internal.DefaultFileLockManager] Releasing lock on daemon addresses registry.
2025-01-12T19:38:35.719-0500 [DEBUG] [org.gradle.cache.internal.DefaultFileLockManager] Waiting to acquire shared lock on daemon addresses registry.
2025-01-12T19:38:35.719-0500 [DEBUG] [org.gradle.cache.internal.DefaultFileLockManager] Lock acquired on daemon addresses registry.
2025-01-12T19:38:35.719-0500 [DEBUG] [org.gradle.cache.internal.DefaultFileLockManager] Releasing lock on daemon addresses registry.
2025-01-12T19:38:38.248-0500 [DEBUG] [org.gradle.process.internal.health.memory.DefaultMemoryManager] 3352202444 physical memory requested, 1754046464 free
2025-01-12T19:38:38.248-0500 [DEBUG] [org.gradle.workers.internal.WorkerDaemonExpiration] Will attempt to release 3196 of memory
2025-01-12T19:38:38.249-0500 [DEBUG] [org.gradle.process.internal.health.memory.DefaultMemoryManager] 3352202444 physical memory requested, 0 released, 1754046464 free
2025-01-12T19:38:43.244-0500 [DEBUG] [org.gradle.process.internal.health.memory.DefaultMemoryManager] 3352202444 physical memory requested, 1748709376 free
2025-01-12T19:38:43.244-0500 [DEBUG] [org.gradle.workers.internal.WorkerDaemonExpiration] Will attempt to release 3196 of memory
2025-01-12T19:38:43.244-0500 [DEBUG] [org.gradle.process.internal.health.memory.DefaultMemoryManager] 3352202444 physical memory requested, 0 released, 1748709376 free
2025-01-12T19:38:45.725-0500 [DEBUG] [org.gradle.cache.internal.DefaultFileLockManager] Waiting to acquire shared lock on daemon addresses registry.
2025-01-12T19:38:45.725-0500 [DEBUG] [org.gradle.cache.internal.DefaultFileLockManager] Lock acquired on daemon addresses registry.
2025-01-12T19:38:45.725-0500 [DEBUG] [org.gradle.cache.internal.DefaultFileLockManager] Releasing lock on daemon addresses registry.
2025-01-12T19:38:45.726-0500 [DEBUG] [org.gradle.cache.internal.DefaultFileLockManager] Waiting to acquire shared lock on daemon addresses registry.
2025-01-12T19:38:45.726-0500 [DEBUG] [org.gradle.cache.internal.DefaultFileLockManager] Lock acquired on daemon addresses registry.
2025-01-12T19:38:45.726-0500 [DEBUG] [org.gradle.cache.internal.DefaultFileLockManager] Releasing lock on daemon addresses registry.
2025-01-12T19:38:45.727-0500 [DEBUG] [org.gradle.cache.internal.DefaultFileLockManager] Waiting to acquire shared lock on daemon addresses registry.
2025-01-12T19:38:45.727-0500 [DEBUG] [org.gradle.cache.internal.DefaultFileLockManager] Lock acquired on daemon addresses registry.
2025-01-12T19:38:45.727-0500 [DEBUG] [org.gradle.cache.internal.DefaultFileLockManager] Releasing lock on daemon addresses registry.
2025-01-12T19:38:48.254-0500 [DEBUG] [org.gradle.process.internal.health.memory.DefaultMemoryManager] 3352202444 physical memory requested, 1730441216 free
2025-01-12T19:38:48.254-0500 [DEBUG] [org.gradle.workers.internal.WorkerDaemonExpiration] Will attempt to release 3196 of memory
2025-01-12T19:38:48.254-0500 [DEBUG] [org.gradle.process.internal.health.memory.DefaultMemoryManager] 3352202444 physical memory requested, 0 released, 1730441216 free
2025-01-12T19:38:53.252-0500 [DEBUG] [org.gradle.process.internal.health.memory.DefaultMemoryManager] 3352202444 physical memory requested, 1739247616 free
2025-01-12T19:38:53.252-0500 [DEBUG] [org.gradle.workers.internal.WorkerDaemonExpiration] Will attempt to release 3196 of memory
2025-01-12T19:38:53.252-0500 [DEBUG] [org.gradle.process.internal.health.memory.DefaultMemoryManager] 3352202444 physical memory requested, 0 released, 1739247616 free
2025-01-12T19:38:55.728-0500 [DEBUG] [org.gradle.cache.internal.DefaultFileLockManager] Waiting to acquire shared lock on daemon addresses registry.
2025-01-12T19:38:55.728-0500 [DEBUG] [org.gradle.cache.internal.DefaultFileLockManager] Lock acquired on daemon addresses registry.
2025-01-12T19:38:55.729-0500 [DEBUG] [org.gradle.cache.internal.DefaultFileLockManager] Releasing lock on daemon addresses registry.
2025-01-12T19:38:55.729-0500 [DEBUG] [org.gradle.cache.internal.DefaultFileLockManager] Waiting to acquire shared lock on daemon addresses registry.
2025-01-12T19:38:55.729-0500 [DEBUG] [org.gradle.cache.internal.DefaultFileLockManager] Lock acquired on daemon addresses registry.
2025-01-12T19:38:55.729-0500 [DEBUG] [org.gradle.cache.internal.DefaultFileLockManager] Releasing lock on daemon addresses registry.
2025-01-12T19:38:55.730-0500 [DEBUG] [org.gradle.cache.internal.DefaultFileLockManager] Waiting to acquire shared lock on daemon addresses registry.
2025-01-12T19:38:55.730-0500 [DEBUG] [org.gradle.cache.internal.DefaultFileLockManager] Lock acquired on daemon addresses registry.
2025-01-12T19:38:55.730-0500 [DEBUG] [org.gradle.cache.internal.DefaultFileLockManager] Releasing lock on daemon addresses registry.
2025-01-12T19:38:58.244-0500 [DEBUG] [org.gradle.process.internal.health.memory.DefaultMemoryManager] 3352202444 physical memory requested, 1720446976 free
2025-01-12T19:38:58.244-0500 [DEBUG] [org.gradle.workers.internal.WorkerDaemonExpiration] Will attempt to release 3196 of memory
2025-01-12T19:38:58.244-0500 [DEBUG] [org.gradle.process.internal.health.memory.DefaultMemoryManager] 3352202444 physical memory requested, 0 released, 1720446976 free
2025-01-12T19:39:03.253-0500 [DEBUG] [org.gradle.process.internal.health.memory.DefaultMemoryManager] 3352202444 physical memory requested, 1870213120 free
2025-01-12T19:39:03.253-0500 [DEBUG] [org.gradle.workers.internal.WorkerDaemonExpiration] Will attempt to release 3196 of memory
2025-01-12T19:39:03.253-0500 [DEBUG] [org.gradle.process.internal.health.memory.DefaultMemoryManager] 3352202444 physical memory requested, 0 released, 1870213120 free
2025-01-12T19:39:05.722-0500 [DEBUG] [org.gradle.cache.internal.DefaultFileLockManager] Waiting to acquire shared lock on daemon addresses registry.
2025-01-12T19:39:05.722-0500 [DEBUG] [org.gradle.cache.internal.DefaultFileLockManager] Lock acquired on daemon addresses registry.
2025-01-12T19:39:05.722-0500 [DEBUG] [org.gradle.cache.internal.DefaultFileLockManager] Releasing lock on daemon addresses registry.
2025-01-12T19:39:05.723-0500 [DEBUG] [org.gradle.cache.internal.DefaultFileLockManager] Waiting to acquire shared lock on daemon addresses registry.
2025-01-12T19:39:05.723-0500 [DEBUG] [org.gradle.cache.internal.DefaultFileLockManager] Lock acquired on daemon addresses registry.
2025-01-12T19:39:05.723-0500 [DEBUG] [org.gradle.cache.internal.DefaultFileLockManager] Releasing lock on daemon addresses registry.
2025-01-12T19:39:05.724-0500 [DEBUG] [org.gradle.cache.internal.DefaultFileLockManager] Waiting to acquire shared lock on daemon addresses registry.
2025-01-12T19:39:05.724-0500 [DEBUG] [org.gradle.cache.internal.DefaultFileLockManager] Lock acquired on daemon addresses registry.
2025-01-12T19:39:05.724-0500 [DEBUG] [org.gradle.cache.internal.DefaultFileLockManager] Releasing lock on daemon addresses registry.
2025-01-12T19:39:08.240-0500 [DEBUG] [org.gradle.process.internal.health.memory.DefaultMemoryManager] 3352202444 physical memory requested, 1822158848 free
2025-01-12T19:39:08.240-0500 [DEBUG] [org.gradle.workers.internal.WorkerDaemonExpiration] Will attempt to release 3196 of memory
2025-01-12T19:39:08.241-0500 [DEBUG] [org.gradle.process.internal.health.memory.DefaultMemoryManager] 3352202444 physical memory requested, 0 released, 1822158848 free
2025-01-12T19:39:13.245-0500 [DEBUG] [org.gradle.process.internal.health.memory.DefaultMemoryManager] 3352202444 physical memory requested, 1854504960 free
2025-01-12T19:39:13.245-0500 [DEBUG] [org.gradle.workers.internal.WorkerDaemonExpiration] Will attempt to release 3196 of memory
2025-01-12T19:39:13.245-0500 [DEBUG] [org.gradle.process.internal.health.memory.DefaultMemoryManager] 3352202444 physical memory requested, 0 released, 1854504960 free
2025-01-12T19:39:15.723-0500 [DEBUG] [org.gradle.cache.internal.DefaultFileLockManager] Waiting to acquire shared lock on daemon addresses registry.
2025-01-12T19:39:15.723-0500 [DEBUG] [org.gradle.cache.internal.DefaultFileLockManager] Lock acquired on daemon addresses registry.
2025-01-12T19:39:15.723-0500 [DEBUG] [org.gradle.cache.internal.DefaultFileLockManager] Releasing lock on daemon addresses registry.
2025-01-12T19:39:15.724-0500 [DEBUG] [org.gradle.cache.internal.DefaultFileLockManager] Waiting to acquire shared lock on daemon addresses registry.
2025-01-12T19:39:15.724-0500 [DEBUG] [org.gradle.cache.internal.DefaultFileLockManager] Lock acquired on daemon addresses registry.
2025-01-12T19:39:15.724-0500 [DEBUG] [org.gradle.cache.internal.DefaultFileLockManager] Releasing lock on daemon addresses registry.
2025-01-12T19:39:15.725-0500 [DEBUG] [org.gradle.cache.internal.DefaultFileLockManager] Waiting to acquire shared lock on daemon addresses registry.
2025-01-12T19:39:15.725-0500 [DEBUG] [org.gradle.cache.internal.DefaultFileLockManager] Lock acquired on daemon addresses registry.
2025-01-12T19:39:15.725-0500 [DEBUG] [org.gradle.cache.internal.DefaultFileLockManager] Releasing lock on daemon addresses registry.
2025-01-12T19:39:18.251-0500 [DEBUG] [org.gradle.process.internal.health.memory.DefaultMemoryManager] 3352202444 physical memory requested, 1864196096 free
2025-01-12T19:39:18.251-0500 [DEBUG] [org.gradle.workers.internal.WorkerDaemonExpiration] Will attempt to release 3196 of memory
2025-01-12T19:39:18.251-0500 [DEBUG] [org.gradle.process.internal.health.memory.DefaultMemoryManager] 3352202444 physical memory requested, 0 released, 1864196096 free
2025-01-12T19:39:23.244-0500 [DEBUG] [org.gradle.process.internal.health.memory.DefaultMemoryManager] 3352202444 physical memory requested, 1881108480 free
2025-01-12T19:39:23.244-0500 [DEBUG] [org.gradle.workers.internal.WorkerDaemonExpiration] Will attempt to release 3196 of memory
2025-01-12T19:39:23.244-0500 [DEBUG] [org.gradle.process.internal.health.memory.DefaultMemoryManager] 3352202444 physical memory requested, 0 released, 1881108480 free
2025-01-12T19:39:25.729-0500 [DEBUG] [org.gradle.cache.internal.DefaultFileLockManager] Waiting to acquire shared lock on daemon addresses registry.
2025-01-12T19:39:25.729-0500 [DEBUG] [org.gradle.cache.internal.DefaultFileLockManager] Lock acquired on daemon addresses registry.
2025-01-12T19:39:25.729-0500 [DEBUG] [org.gradle.cache.internal.DefaultFileLockManager] Releasing lock on daemon addresses registry.
2025-01-12T19:39:25.730-0500 [DEBUG] [org.gradle.cache.internal.DefaultFileLockManager] Waiting to acquire shared lock on daemon addresses registry.
2025-01-12T19:39:25.730-0500 [DEBUG] [org.gradle.cache.internal.DefaultFileLockManager] Lock acquired on daemon addresses registry.
2025-01-12T19:39:25.730-0500 [DEBUG] [org.gradle.cache.internal.DefaultFileLockManager] Releasing lock on daemon addresses registry.
2025-01-12T19:39:25.731-0500 [DEBUG] [org.gradle.cache.internal.DefaultFileLockManager] Waiting to acquire shared lock on daemon addresses registry.
2025-01-12T19:39:25.731-0500 [DEBUG] [org.gradle.cache.internal.DefaultFileLockManager] Lock acquired on daemon addresses registry.
2025-01-12T19:39:25.731-0500 [DEBUG] [org.gradle.cache.internal.DefaultFileLockManager] Releasing lock on daemon addresses registry.
2025-01-12T19:39:28.249-0500 [DEBUG] [org.gradle.process.internal.health.memory.DefaultMemoryManager] 3352202444 physical memory requested, 1865752576 free
2025-01-12T19:39:28.249-0500 [DEBUG] [org.gradle.workers.internal.WorkerDaemonExpiration] Will attempt to release 3196 of memory
2025-01-12T19:39:28.249-0500 [DEBUG] [org.gradle.process.internal.health.memory.DefaultMemoryManager] 3352202444 physical memory requested, 0 released, 1865752576 free
2025-01-12T19:39:33.251-0500 [DEBUG] [org.gradle.process.internal.health.memory.DefaultMemoryManager] 3352202444 physical memory requested, 1875283968 free
2025-01-12T19:39:33.251-0500 [DEBUG] [org.gradle.workers.internal.WorkerDaemonExpiration] Will attempt to release 3196 of memory
2025-01-12T19:39:33.251-0500 [DEBUG] [org.gradle.process.internal.health.memory.DefaultMemoryManager] 3352202444 physical memory requested, 0 released, 1875283968 free
2025-01-12T19:39:35.716-0500 [DEBUG] [org.gradle.cache.internal.DefaultFileLockManager] Waiting to acquire shared lock on daemon addresses registry.
2025-01-12T19:39:35.716-0500 [DEBUG] [org.gradle.cache.internal.DefaultFileLockManager] Lock acquired on daemon addresses registry.
2025-01-12T19:39:35.716-0500 [DEBUG] [org.gradle.cache.internal.DefaultFileLockManager] Releasing lock on daemon addresses registry.
2025-01-12T19:39:35.717-0500 [DEBUG] [org.gradle.cache.internal.DefaultFileLockManager] Waiting to acquire shared lock on daemon addresses registry.
2025-01-12T19:39:35.717-0500 [DEBUG] [org.gradle.cache.internal.DefaultFileLockManager] Lock acquired on daemon addresses registry.
2025-01-12T19:39:35.717-0500 [DEBUG] [org.gradle.cache.internal.DefaultFileLockManager] Releasing lock on daemon addresses registry.
2025-01-12T19:39:35.718-0500 [DEBUG] [org.gradle.cache.internal.DefaultFileLockManager] Waiting to acquire shared lock on daemon addresses registry.
2025-01-12T19:39:35.718-0500 [DEBUG] [org.gradle.cache.internal.DefaultFileLockManager] Lock acquired on daemon addresses registry.
2025-01-12T19:39:35.718-0500 [DEBUG] [org.gradle.cache.internal.DefaultFileLockManager] Releasing lock on daemon addresses registry.
2025-01-12T19:39:38.257-0500 [DEBUG] [org.gradle.process.internal.health.memory.DefaultMemoryManager] 3352202444 physical memory requested, 1862029312 free
2025-01-12T19:39:38.257-0500 [DEBUG] [org.gradle.workers.internal.WorkerDaemonExpiration] Will attempt to release 3196 of memory
2025-01-12T19:39:38.258-0500 [DEBUG] [org.gradle.process.internal.health.memory.DefaultMemoryManager] 3352202444 physical memory requested, 0 released, 1862029312 free
2025-01-12T19:39:43.249-0500 [DEBUG] [org.gradle.process.internal.health.memory.DefaultMemoryManager] 3352202444 physical memory requested, 1863938048 free
2025-01-12T19:39:43.249-0500 [DEBUG] [org.gradle.workers.internal.WorkerDaemonExpiration] Will attempt to release 3196 of memory
2025-01-12T19:39:43.249-0500 [DEBUG] [org.gradle.process.internal.health.memory.DefaultMemoryManager] 3352202444 physical memory requested, 0 released, 1863938048 free
2025-01-12T19:39:45.717-0500 [DEBUG] [org.gradle.cache.internal.DefaultFileLockManager] Waiting to acquire shared lock on daemon addresses registry.
2025-01-12T19:39:45.717-0500 [DEBUG] [org.gradle.cache.internal.DefaultFileLockManager] Lock acquired on daemon addresses registry.
2025-01-12T19:39:45.717-0500 [DEBUG] [org.gradle.cache.internal.DefaultFileLockManager] Releasing lock on daemon addresses registry.
2025-01-12T19:39:45.718-0500 [DEBUG] [org.gradle.cache.internal.DefaultFileLockManager] Waiting to acquire shared lock on daemon addresses registry.
2025-01-12T19:39:45.718-0500 [DEBUG] [org.gradle.cache.internal.DefaultFileLockManager] Lock acquired on daemon addresses registry.
2025-01-12T19:39:45.718-0500 [DEBUG] [org.gradle.cache.internal.DefaultFileLockManager] Releasing lock on daemon addresses registry.
2025-01-12T19:39:45.719-0500 [DEBUG] [org.gradle.cache.internal.DefaultFileLockManager] Waiting to acquire shared lock on daemon addresses registry.
2025-01-12T19:39:45.719-0500 [DEBUG] [org.gradle.cache.internal.DefaultFileLockManager] Lock acquired on daemon addresses registry.
2025-01-12T19:39:45.719-0500 [DEBUG] [org.gradle.cache.internal.DefaultFileLockManager] Releasing lock on daemon addresses registry.
2025-01-12T19:39:48.238-0500 [DEBUG] [org.gradle.process.internal.health.memory.DefaultMemoryManager] 3352202444 physical memory requested, 1860857856 free
2025-01-12T19:39:48.238-0500 [DEBUG] [org.gradle.workers.internal.WorkerDaemonExpiration] Will attempt to release 3196 of memory
2025-01-12T19:39:48.238-0500 [DEBUG] [org.gradle.process.internal.health.memory.DefaultMemoryManager] 3352202444 physical memory requested, 0 released, 1860857856 free
2025-01-12T19:39:53.252-0500 [DEBUG] [org.gradle.process.internal.health.memory.DefaultMemoryManager] 3352202444 physical memory requested, 1859547136 free
2025-01-12T19:39:53.252-0500 [DEBUG] [org.gradle.workers.internal.WorkerDaemonExpiration] Will attempt to release 3196 of memory
2025-01-12T19:39:53.252-0500 [DEBUG] [org.gradle.process.internal.health.memory.DefaultMemoryManager] 3352202444 physical memory requested, 0 released, 1859547136 free
2025-01-12T19:39:55.719-0500 [DEBUG] [org.gradle.cache.internal.DefaultFileLockManager] Waiting to acquire shared lock on daemon addresses registry.
2025-01-12T19:39:55.719-0500 [DEBUG] [org.gradle.cache.internal.DefaultFileLockManager] Lock acquired on daemon addresses registry.
2025-01-12T19:39:55.719-0500 [DEBUG] [org.gradle.cache.internal.DefaultFileLockManager] Releasing lock on daemon addresses registry.
2025-01-12T19:39:55.719-0500 [DEBUG] [org.gradle.cache.internal.DefaultFileLockManager] Waiting to acquire shared lock on daemon addresses registry.
2025-01-12T19:39:55.719-0500 [DEBUG] [org.gradle.cache.internal.DefaultFileLockManager] Lock acquired on daemon addresses registry.
2025-01-12T19:39:55.720-0500 [DEBUG] [org.gradle.cache.internal.DefaultFileLockManager] Releasing lock on daemon addresses registry.
2025-01-12T19:39:55.720-0500 [DEBUG] [org.gradle.cache.internal.DefaultFileLockManager] Waiting to acquire shared lock on daemon addresses registry.
2025-01-12T19:39:55.720-0500 [DEBUG] [org.gradle.cache.internal.DefaultFileLockManager] Lock acquired on daemon addresses registry.
2025-01-12T19:39:55.720-0500 [DEBUG] [org.gradle.cache.internal.DefaultFileLockManager] Releasing lock on daemon addresses registry.
2025-01-12T19:39:58.258-0500 [DEBUG] [org.gradle.process.internal.health.memory.DefaultMemoryManager] 3352202444 physical memory requested, 1871024128 free
2025-01-12T19:39:58.258-0500 [DEBUG] [org.gradle.workers.internal.WorkerDaemonExpiration] Will attempt to release 3196 of memory
2025-01-12T19:39:58.258-0500 [DEBUG] [org.gradle.process.internal.health.memory.DefaultMemoryManager] 3352202444 physical memory requested, 0 released, 1871024128 free
2025-01-12T19:40:03.253-0500 [DEBUG] [org.gradle.process.internal.health.memory.DefaultMemoryManager] 3352202444 physical memory requested, 1831665664 free
2025-01-12T19:40:03.253-0500 [DEBUG] [org.gradle.workers.internal.WorkerDaemonExpiration] Will attempt to release 3196 of memory
2025-01-12T19:40:03.253-0500 [DEBUG] [org.gradle.process.internal.health.memory.DefaultMemoryManager] 3352202444 physical memory requested, 0 released, 1831665664 free
2025-01-12T19:40:05.718-0500 [DEBUG] [org.gradle.cache.internal.DefaultFileLockManager] Waiting to acquire shared lock on daemon addresses registry.
2025-01-12T19:40:05.718-0500 [DEBUG] [org.gradle.cache.internal.DefaultFileLockManager] Lock acquired on daemon addresses registry.
2025-01-12T19:40:05.718-0500 [DEBUG] [org.gradle.cache.internal.DefaultFileLockManager] Releasing lock on daemon addresses registry.
2025-01-12T19:40:05.719-0500 [DEBUG] [org.gradle.cache.internal.DefaultFileLockManager] Waiting to acquire shared lock on daemon addresses registry.
2025-01-12T19:40:05.719-0500 [DEBUG] [org.gradle.cache.internal.DefaultFileLockManager] Lock acquired on daemon addresses registry.
2025-01-12T19:40:05.719-0500 [DEBUG] [org.gradle.cache.internal.DefaultFileLockManager] Releasing lock on daemon addresses registry.
2025-01-12T19:40:05.719-0500 [DEBUG] [org.gradle.cache.internal.DefaultFileLockManager] Waiting to acquire shared lock on daemon addresses registry.
2025-01-12T19:40:05.719-0500 [DEBUG] [org.gradle.cache.internal.DefaultFileLockManager] Lock acquired on daemon addresses registry.
2025-01-12T19:40:05.720-0500 [DEBUG] [org.gradle.cache.internal.DefaultFileLockManager] Releasing lock on daemon addresses registry.
2025-01-12T19:40:08.251-0500 [DEBUG] [org.gradle.process.internal.health.memory.DefaultMemoryManager] 3352202444 physical memory requested, 1819828224 free
2025-01-12T19:40:08.251-0500 [DEBUG] [org.gradle.workers.internal.WorkerDaemonExpiration] Will attempt to release 3196 of memory
2025-01-12T19:40:08.252-0500 [DEBUG] [org.gradle.process.internal.health.memory.DefaultMemoryManager] 3352202444 physical memory requested, 0 released, 1819828224 free
2025-01-12T19:40:13.244-0500 [DEBUG] [org.gradle.process.internal.health.memory.DefaultMemoryManager] 3352202444 physical memory requested, 1732198400 free
2025-01-12T19:40:13.244-0500 [DEBUG] [org.gradle.workers.internal.WorkerDaemonExpiration] Will attempt to release 3196 of memory
2025-01-12T19:40:13.244-0500 [DEBUG] [org.gradle.process.internal.health.memory.DefaultMemoryManager] 3352202444 physical memory requested, 0 released, 1732198400 free
2025-01-12T19:40:15.728-0500 [DEBUG] [org.gradle.cache.internal.DefaultFileLockManager] Waiting to acquire shared lock on daemon addresses registry.
2025-01-12T19:40:15.729-0500 [DEBUG] [org.gradle.cache.internal.DefaultFileLockManager] Lock acquired on daemon addresses registry.
2025-01-12T19:40:15.729-0500 [DEBUG] [org.gradle.cache.internal.DefaultFileLockManager] Releasing lock on daemon addresses registry.
2025-01-12T19:40:15.729-0500 [DEBUG] [org.gradle.cache.internal.DefaultFileLockManager] Waiting to acquire shared lock on daemon addresses registry.
2025-01-12T19:40:15.730-0500 [DEBUG] [org.gradle.cache.internal.DefaultFileLockManager] Lock acquired on daemon addresses registry.
2025-01-12T19:40:15.730-0500 [DEBUG] [org.gradle.cache.internal.DefaultFileLockManager] Releasing lock on daemon addresses registry.
2025-01-12T19:40:15.730-0500 [DEBUG] [org.gradle.cache.internal.DefaultFileLockManager] Waiting to acquire shared lock on daemon addresses registry.
2025-01-12T19:40:15.730-0500 [DEBUG] [org.gradle.cache.internal.DefaultFileLockManager] Lock acquired on daemon addresses registry.
2025-01-12T19:40:15.731-0500 [DEBUG] [org.gradle.cache.internal.DefaultFileLockManager] Releasing lock on daemon addresses registry.
2025-01-12T19:40:18.247-0500 [DEBUG] [org.gradle.process.internal.health.memory.DefaultMemoryManager] 3352202444 physical memory requested, 1656565760 free
2025-01-12T19:40:18.247-0500 [DEBUG] [org.gradle.workers.internal.WorkerDaemonExpiration] Will attempt to release 3196 of memory
2025-01-12T19:40:18.247-0500 [DEBUG] [org.gradle.process.internal.health.memory.DefaultMemoryManager] 3352202444 physical memory requested, 0 released, 1656565760 free
2025-01-12T19:40:23.242-0500 [DEBUG] [org.gradle.process.internal.health.memory.DefaultMemoryManager] 3352202444 physical memory requested, 1529810944 free
2025-01-12T19:40:23.242-0500 [DEBUG] [org.gradle.workers.internal.WorkerDaemonExpiration] Will attempt to release 3196 of memory
2025-01-12T19:40:23.242-0500 [DEBUG] [org.gradle.process.internal.health.memory.DefaultMemoryManager] 3352202444 physical memory requested, 0 released, 1529810944 free
2025-01-12T19:40:25.723-0500 [DEBUG] [org.gradle.cache.internal.DefaultFileLockManager] Waiting to acquire shared lock on daemon addresses registry.
2025-01-12T19:40:25.723-0500 [DEBUG] [org.gradle.cache.internal.DefaultFileLockManager] Lock acquired on daemon addresses registry.
2025-01-12T19:40:25.723-0500 [DEBUG] [org.gradle.cache.internal.DefaultFileLockManager] Releasing lock on daemon addresses registry.
2025-01-12T19:40:25.724-0500 [DEBUG] [org.gradle.cache.internal.DefaultFileLockManager] Waiting to acquire shared lock on daemon addresses registry.
2025-01-12T19:40:25.724-0500 [DEBUG] [org.gradle.cache.internal.DefaultFileLockManager] Lock acquired on daemon addresses registry.
2025-01-12T19:40:25.724-0500 [DEBUG] [org.gradle.cache.internal.DefaultFileLockManager] Releasing lock on daemon addresses registry.
2025-01-12T19:40:25.725-0500 [DEBUG] [org.gradle.cache.internal.DefaultFileLockManager] Waiting to acquire shared lock on daemon addresses registry.
2025-01-12T19:40:25.725-0500 [DEBUG] [org.gradle.cache.internal.DefaultFileLockManager] Lock acquired on daemon addresses registry.
2025-01-12T19:40:25.725-0500 [DEBUG] [org.gradle.cache.internal.DefaultFileLockManager] Releasing lock on daemon addresses registry.
2025-01-12T19:40:28.274-0500 [DEBUG] [org.gradle.process.internal.health.memory.DefaultMemoryManager] 3352202444 physical memory requested, 2959568896 free
2025-01-12T19:40:28.274-0500 [DEBUG] [org.gradle.workers.internal.WorkerDaemonExpiration] Will attempt to release 3196 of memory
2025-01-12T19:40:28.274-0500 [DEBUG] [org.gradle.process.internal.health.memory.DefaultMemoryManager] 3352202444 physical memory requested, 0 released, 2959568896 free
2025-01-12T19:40:35.725-0500 [DEBUG] [org.gradle.cache.internal.DefaultFileLockManager] Waiting to acquire shared lock on daemon addresses registry.
2025-01-12T19:40:35.725-0500 [DEBUG] [org.gradle.cache.internal.DefaultFileLockManager] Lock acquired on daemon addresses registry.
2025-01-12T19:40:35.725-0500 [DEBUG] [org.gradle.cache.internal.DefaultFileLockManager] Releasing lock on daemon addresses registry.
2025-01-12T19:40:35.726-0500 [DEBUG] [org.gradle.cache.internal.DefaultFileLockManager] Waiting to acquire shared lock on daemon addresses registry.
2025-01-12T19:40:35.726-0500 [DEBUG] [org.gradle.cache.internal.DefaultFileLockManager] Lock acquired on daemon addresses registry.
2025-01-12T19:40:35.726-0500 [DEBUG] [org.gradle.cache.internal.DefaultFileLockManager] Releasing lock on daemon addresses registry.
2025-01-12T19:40:35.727-0500 [DEBUG] [org.gradle.cache.internal.DefaultFileLockManager] Waiting to acquire shared lock on daemon addresses registry.
2025-01-12T19:40:35.727-0500 [DEBUG] [org.gradle.cache.internal.DefaultFileLockManager] Lock acquired on daemon addresses registry.
2025-01-12T19:40:35.727-0500 [DEBUG] [org.gradle.cache.internal.DefaultFileLockManager] Releasing lock on daemon addresses registry.
2025-01-12T19:40:45.715-0500 [DEBUG] [org.gradle.cache.internal.DefaultFileLockManager] Waiting to acquire shared lock on daemon addresses registry.
2025-01-12T19:40:45.715-0500 [DEBUG] [org.gradle.cache.internal.DefaultFileLockManager] Lock acquired on daemon addresses registry.
2025-01-12T19:40:45.716-0500 [DEBUG] [org.gradle.cache.internal.DefaultFileLockManager] Releasing lock on daemon addresses registry.
2025-01-12T19:40:45.716-0500 [DEBUG] [org.gradle.cache.internal.DefaultFileLockManager] Waiting to acquire shared lock on daemon addresses registry.
2025-01-12T19:40:45.717-0500 [DEBUG] [org.gradle.cache.internal.DefaultFileLockManager] Lock acquired on daemon addresses registry.
2025-01-12T19:40:45.717-0500 [DEBUG] [org.gradle.cache.internal.DefaultFileLockManager] Releasing lock on daemon addresses registry.
2025-01-12T19:40:45.717-0500 [DEBUG] [org.gradle.cache.internal.DefaultFileLockManager] Waiting to acquire shared lock on daemon addresses registry.
2025-01-12T19:40:45.717-0500 [DEBUG] [org.gradle.cache.internal.DefaultFileLockManager] Lock acquired on daemon addresses registry.
2025-01-12T19:40:45.718-0500 [DEBUG] [org.gradle.cache.internal.DefaultFileLockManager] Releasing lock on daemon addresses registry.
2025-01-12T19:40:55.728-0500 [DEBUG] [org.gradle.cache.internal.DefaultFileLockManager] Waiting to acquire shared lock on daemon addresses registry.
2025-01-12T19:40:55.728-0500 [DEBUG] [org.gradle.cache.internal.DefaultFileLockManager] Lock acquired on daemon addresses registry.
2025-01-12T19:40:55.728-0500 [DEBUG] [org.gradle.cache.internal.DefaultFileLockManager] Releasing lock on daemon addresses registry.
2025-01-12T19:40:55.729-0500 [DEBUG] [org.gradle.cache.internal.DefaultFileLockManager] Waiting to acquire shared lock on daemon addresses registry.
2025-01-12T19:40:55.729-0500 [DEBUG] [org.gradle.cache.internal.DefaultFileLockManager] Lock acquired on daemon addresses registry.
2025-01-12T19:40:55.729-0500 [DEBUG] [org.gradle.cache.internal.DefaultFileLockManager] Releasing lock on daemon addresses registry.
2025-01-12T19:40:55.730-0500 [DEBUG] [org.gradle.cache.internal.DefaultFileLockManager] Waiting to acquire shared lock on daemon addresses registry.
2025-01-12T19:40:55.730-0500 [DEBUG] [org.gradle.cache.internal.DefaultFileLockManager] Lock acquired on daemon addresses registry.
2025-01-12T19:40:55.730-0500 [DEBUG] [org.gradle.cache.internal.DefaultFileLockManager] Releasing lock on daemon addresses registry.
2025-01-12T19:41:05.722-0500 [DEBUG] [org.gradle.cache.internal.DefaultFileLockManager] Waiting to acquire shared lock on daemon addresses registry.
2025-01-12T19:41:05.723-0500 [DEBUG] [org.gradle.cache.internal.DefaultFileLockManager] Lock acquired on daemon addresses registry.
2025-01-12T19:41:05.723-0500 [DEBUG] [org.gradle.cache.internal.DefaultFileLockManager] Releasing lock on daemon addresses registry.
2025-01-12T19:41:05.724-0500 [DEBUG] [org.gradle.cache.internal.DefaultFileLockManager] Waiting to acquire shared lock on daemon addresses registry.
2025-01-12T19:41:05.724-0500 [DEBUG] [org.gradle.cache.internal.DefaultFileLockManager] Lock acquired on daemon addresses registry.
2025-01-12T19:41:05.724-0500 [DEBUG] [org.gradle.cache.internal.DefaultFileLockManager] Releasing lock on daemon addresses registry.
2025-01-12T19:41:05.725-0500 [DEBUG] [org.gradle.cache.internal.DefaultFileLockManager] Waiting to acquire shared lock on daemon addresses registry.
2025-01-12T19:41:05.725-0500 [DEBUG] [org.gradle.cache.internal.DefaultFileLockManager] Lock acquired on daemon addresses registry.
2025-01-12T19:41:05.725-0500 [DEBUG] [org.gradle.cache.internal.DefaultFileLockManager] Releasing lock on daemon addresses registry.
2025-01-12T19:41:15.724-0500 [DEBUG] [org.gradle.cache.internal.DefaultFileLockManager] Waiting to acquire shared lock on daemon addresses registry.
2025-01-12T19:41:15.725-0500 [DEBUG] [org.gradle.cache.internal.DefaultFileLockManager] Lock acquired on daemon addresses registry.
2025-01-12T19:41:15.725-0500 [DEBUG] [org.gradle.cache.internal.DefaultFileLockManager] Releasing lock on daemon addresses registry.
2025-01-12T19:41:15.726-0500 [DEBUG] [org.gradle.cache.internal.DefaultFileLockManager] Waiting to acquire shared lock on daemon addresses registry.
2025-01-12T19:41:15.726-0500 [DEBUG] [org.gradle.cache.internal.DefaultFileLockManager] Lock acquired on daemon addresses registry.
2025-01-12T19:41:15.726-0500 [DEBUG] [org.gradle.cache.internal.DefaultFileLockManager] Releasing lock on daemon addresses registry.
2025-01-12T19:41:15.726-0500 [DEBUG] [org.gradle.cache.internal.DefaultFileLockManager] Waiting to acquire shared lock on daemon addresses registry.
2025-01-12T19:41:15.727-0500 [DEBUG] [org.gradle.cache.internal.DefaultFileLockManager] Lock acquired on daemon addresses registry.
2025-01-12T19:41:15.727-0500 [DEBUG] [org.gradle.cache.internal.DefaultFileLockManager] Releasing lock on daemon addresses registry.
2025-01-12T19:41:25.728-0500 [DEBUG] [org.gradle.cache.internal.DefaultFileLockManager] Waiting to acquire shared lock on daemon addresses registry.
2025-01-12T19:41:25.728-0500 [DEBUG] [org.gradle.cache.internal.DefaultFileLockManager] Lock acquired on daemon addresses registry.
2025-01-12T19:41:25.729-0500 [DEBUG] [org.gradle.cache.internal.DefaultFileLockManager] Releasing lock on daemon addresses registry.
2025-01-12T19:41:25.729-0500 [DEBUG] [org.gradle.cache.internal.DefaultFileLockManager] Waiting to acquire shared lock on daemon addresses registry.
2025-01-12T19:41:25.729-0500 [DEBUG] [org.gradle.cache.internal.DefaultFileLockManager] Lock acquired on daemon addresses registry.
2025-01-12T19:41:25.729-0500 [DEBUG] [org.gradle.cache.internal.DefaultFileLockManager] Releasing lock on daemon addresses registry.
2025-01-12T19:41:25.730-0500 [DEBUG] [org.gradle.cache.internal.DefaultFileLockManager] Waiting to acquire shared lock on daemon addresses registry.
2025-01-12T19:41:25.730-0500 [DEBUG] [org.gradle.cache.internal.DefaultFileLockManager] Lock acquired on daemon addresses registry.
2025-01-12T19:41:25.730-0500 [DEBUG] [org.gradle.cache.internal.DefaultFileLockManager] Releasing lock on daemon addresses registry.
2025-01-12T19:41:35.722-0500 [DEBUG] [org.gradle.cache.internal.DefaultFileLockManager] Waiting to acquire shared lock on daemon addresses registry.
2025-01-12T19:41:35.722-0500 [DEBUG] [org.gradle.cache.internal.DefaultFileLockManager] Lock acquired on daemon addresses registry.
2025-01-12T19:41:35.723-0500 [DEBUG] [org.gradle.cache.internal.DefaultFileLockManager] Releasing lock on daemon addresses registry.
2025-01-12T19:41:35.723-0500 [DEBUG] [org.gradle.cache.internal.DefaultFileLockManager] Waiting to acquire shared lock on daemon addresses registry.
2025-01-12T19:41:35.723-0500 [DEBUG] [org.gradle.cache.internal.DefaultFileLockManager] Lock acquired on daemon addresses registry.
2025-01-12T19:41:35.723-0500 [DEBUG] [org.gradle.cache.internal.DefaultFileLockManager] Releasing lock on daemon addresses registry.
2025-01-12T19:41:35.724-0500 [DEBUG] [org.gradle.cache.internal.DefaultFileLockManager] Waiting to acquire shared lock on daemon addresses registry.
2025-01-12T19:41:35.724-0500 [DEBUG] [org.gradle.cache.internal.DefaultFileLockManager] Lock acquired on daemon addresses registry.
2025-01-12T19:41:35.724-0500 [DEBUG] [org.gradle.cache.internal.DefaultFileLockManager] Releasing lock on daemon addresses registry.
2025-01-12T19:41:45.723-0500 [DEBUG] [org.gradle.cache.internal.DefaultFileLockManager] Waiting to acquire shared lock on daemon addresses registry.
2025-01-12T19:41:45.723-0500 [DEBUG] [org.gradle.cache.internal.DefaultFileLockManager] Lock acquired on daemon addresses registry.
2025-01-12T19:41:45.723-0500 [DEBUG] [org.gradle.cache.internal.DefaultFileLockManager] Releasing lock on daemon addresses registry.
2025-01-12T19:41:45.723-0500 [DEBUG] [org.gradle.cache.internal.DefaultFileLockManager] Waiting to acquire shared lock on daemon addresses registry.
2025-01-12T19:41:45.723-0500 [DEBUG] [org.gradle.cache.internal.DefaultFileLockManager] Lock acquired on daemon addresses registry.
2025-01-12T19:41:45.723-0500 [DEBUG] [org.gradle.cache.internal.DefaultFileLockManager] Releasing lock on daemon addresses registry.
2025-01-12T19:41:45.724-0500 [DEBUG] [org.gradle.cache.internal.DefaultFileLockManager] Waiting to acquire shared lock on daemon addresses registry.
2025-01-12T19:41:45.724-0500 [DEBUG] [org.gradle.cache.internal.DefaultFileLockManager] Lock acquired on daemon addresses registry.
2025-01-12T19:41:45.724-0500 [DEBUG] [org.gradle.cache.internal.DefaultFileLockManager] Releasing lock on daemon addresses registry.
2025-01-12T19:41:55.726-0500 [DEBUG] [org.gradle.cache.internal.DefaultFileLockManager] Waiting to acquire shared lock on daemon addresses registry.
2025-01-12T19:41:55.726-0500 [DEBUG] [org.gradle.cache.internal.DefaultFileLockManager] Lock acquired on daemon addresses registry.
2025-01-12T19:41:55.726-0500 [DEBUG] [org.gradle.cache.internal.DefaultFileLockManager] Releasing lock on daemon addresses registry.
2025-01-12T19:41:55.727-0500 [DEBUG] [org.gradle.cache.internal.DefaultFileLockManager] Waiting to acquire shared lock on daemon addresses registry.
2025-01-12T19:41:55.727-0500 [DEBUG] [org.gradle.cache.internal.DefaultFileLockManager] Lock acquired on daemon addresses registry.
2025-01-12T19:41:55.727-0500 [DEBUG] [org.gradle.cache.internal.DefaultFileLockManager] Releasing lock on daemon addresses registry.
2025-01-12T19:41:55.727-0500 [DEBUG] [org.gradle.cache.internal.DefaultFileLockManager] Waiting to acquire shared lock on daemon addresses registry.
2025-01-12T19:41:55.727-0500 [DEBUG] [org.gradle.cache.internal.DefaultFileLockManager] Lock acquired on daemon addresses registry.
2025-01-12T19:41:55.727-0500 [DEBUG] [org.gradle.cache.internal.DefaultFileLockManager] Releasing lock on daemon addresses registry.
2025-01-12T19:42:05.725-0500 [DEBUG] [org.gradle.cache.internal.DefaultFileLockManager] Waiting to acquire shared lock on daemon addresses registry.
2025-01-12T19:42:05.725-0500 [DEBUG] [org.gradle.cache.internal.DefaultFileLockManager] Lock acquired on daemon addresses registry.
2025-01-12T19:42:05.725-0500 [DEBUG] [org.gradle.cache.internal.DefaultFileLockManager] Releasing lock on daemon addresses registry.
2025-01-12T19:42:05.726-0500 [DEBUG] [org.gradle.cache.internal.DefaultFileLockManager] Waiting to acquire shared lock on daemon addresses registry.
2025-01-12T19:42:05.726-0500 [DEBUG] [org.gradle.cache.internal.DefaultFileLockManager] Lock acquired on daemon addresses registry.
2025-01-12T19:42:05.726-0500 [DEBUG] [org.gradle.cache.internal.DefaultFileLockManager] Releasing lock on daemon addresses registry.
2025-01-12T19:42:05.727-0500 [DEBUG] [org.gradle.cache.internal.DefaultFileLockManager] Waiting to acquire shared lock on daemon addresses registry.
2025-01-12T19:42:05.727-0500 [DEBUG] [org.gradle.cache.internal.DefaultFileLockManager] Lock acquired on daemon addresses registry.
2025-01-12T19:42:05.727-0500 [DEBUG] [org.gradle.cache.internal.DefaultFileLockManager] Releasing lock on daemon addresses registry.
2025-01-12T19:42:15.725-0500 [DEBUG] [org.gradle.cache.internal.DefaultFileLockManager] Waiting to acquire shared lock on daemon addresses registry.
2025-01-12T19:42:15.725-0500 [DEBUG] [org.gradle.cache.internal.DefaultFileLockManager] Lock acquired on daemon addresses registry.
2025-01-12T19:42:15.725-0500 [DEBUG] [org.gradle.cache.internal.DefaultFileLockManager] Releasing lock on daemon addresses registry.
2025-01-12T19:42:15.725-0500 [DEBUG] [org.gradle.cache.internal.DefaultFileLockManager] Waiting to acquire shared lock on daemon addresses registry.
2025-01-12T19:42:15.726-0500 [DEBUG] [org.gradle.cache.internal.DefaultFileLockManager] Lock acquired on daemon addresses registry.
2025-01-12T19:42:15.726-0500 [DEBUG] [org.gradle.cache.internal.DefaultFileLockManager] Releasing lock on daemon addresses registry.
2025-01-12T19:42:15.726-0500 [DEBUG] [org.gradle.cache.internal.DefaultFileLockManager] Waiting to acquire shared lock on daemon addresses registry.
2025-01-12T19:42:15.726-0500 [DEBUG] [org.gradle.cache.internal.DefaultFileLockManager] Lock acquired on daemon addresses registry.
2025-01-12T19:42:15.726-0500 [DEBUG] [org.gradle.cache.internal.DefaultFileLockManager] Releasing lock on daemon addresses registry.
2025-01-12T19:42:25.723-0500 [DEBUG] [org.gradle.cache.internal.DefaultFileLockManager] Waiting to acquire shared lock on daemon addresses registry.
2025-01-12T19:42:25.723-0500 [DEBUG] [org.gradle.cache.internal.DefaultFileLockManager] Lock acquired on daemon addresses registry.
2025-01-12T19:42:25.723-0500 [DEBUG] [org.gradle.cache.internal.DefaultFileLockManager] Releasing lock on daemon addresses registry.
2025-01-12T19:42:25.724-0500 [DEBUG] [org.gradle.cache.internal.DefaultFileLockManager] Waiting to acquire shared lock on daemon addresses registry.
2025-01-12T19:42:25.724-0500 [DEBUG] [org.gradle.cache.internal.DefaultFileLockManager] Lock acquired on daemon addresses registry.
2025-01-12T19:42:25.724-0500 [DEBUG] [org.gradle.cache.internal.DefaultFileLockManager] Releasing lock on daemon addresses registry.
2025-01-12T19:42:25.724-0500 [DEBUG] [org.gradle.cache.internal.DefaultFileLockManager] Waiting to acquire shared lock on daemon addresses registry.
2025-01-12T19:42:25.724-0500 [DEBUG] [org.gradle.cache.internal.DefaultFileLockManager] Lock acquired on daemon addresses registry.
2025-01-12T19:42:25.724-0500 [DEBUG] [org.gradle.cache.internal.DefaultFileLockManager] Releasing lock on daemon addresses registry.
2025-01-12T19:42:35.715-0500 [DEBUG] [org.gradle.cache.internal.DefaultFileLockManager] Waiting to acquire shared lock on daemon addresses registry.
2025-01-12T19:42:35.715-0500 [DEBUG] [org.gradle.cache.internal.DefaultFileLockManager] Lock acquired on daemon addresses registry.
2025-01-12T19:42:35.715-0500 [DEBUG] [org.gradle.cache.internal.DefaultFileLockManager] Releasing lock on daemon addresses registry.
2025-01-12T19:42:35.716-0500 [DEBUG] [org.gradle.cache.internal.DefaultFileLockManager] Waiting to acquire shared lock on daemon addresses registry.
2025-01-12T19:42:35.716-0500 [DEBUG] [org.gradle.cache.internal.DefaultFileLockManager] Lock acquired on daemon addresses registry.
2025-01-12T19:42:35.716-0500 [DEBUG] [org.gradle.cache.internal.DefaultFileLockManager] Releasing lock on daemon addresses registry.
2025-01-12T19:42:35.716-0500 [DEBUG] [org.gradle.cache.internal.DefaultFileLockManager] Waiting to acquire shared lock on daemon addresses registry.
2025-01-12T19:42:35.717-0500 [DEBUG] [org.gradle.cache.internal.DefaultFileLockManager] Lock acquired on daemon addresses registry.
2025-01-12T19:42:35.717-0500 [DEBUG] [org.gradle.cache.internal.DefaultFileLockManager] Releasing lock on daemon addresses registry.
2025-01-12T19:42:45.722-0500 [DEBUG] [org.gradle.cache.internal.DefaultFileLockManager] Waiting to acquire shared lock on daemon addresses registry.
2025-01-12T19:42:45.722-0500 [DEBUG] [org.gradle.cache.internal.DefaultFileLockManager] Lock acquired on daemon addresses registry.
2025-01-12T19:42:45.722-0500 [DEBUG] [org.gradle.cache.internal.DefaultFileLockManager] Releasing lock on daemon addresses registry.
2025-01-12T19:42:45.723-0500 [DEBUG] [org.gradle.cache.internal.DefaultFileLockManager] Waiting to acquire shared lock on daemon addresses registry.
2025-01-12T19:42:45.723-0500 [DEBUG] [org.gradle.cache.internal.DefaultFileLockManager] Lock acquired on daemon addresses registry.
2025-01-12T19:42:45.723-0500 [DEBUG] [org.gradle.cache.internal.DefaultFileLockManager] Releasing lock on daemon addresses registry.
2025-01-12T19:42:45.724-0500 [DEBUG] [org.gradle.cache.internal.DefaultFileLockManager] Waiting to acquire shared lock on daemon addresses registry.
2025-01-12T19:42:45.724-0500 [DEBUG] [org.gradle.cache.internal.DefaultFileLockManager] Lock acquired on daemon addresses registry.
2025-01-12T19:42:45.724-0500 [DEBUG] [org.gradle.cache.internal.DefaultFileLockManager] Releasing lock on daemon addresses registry.
2025-01-12T19:42:55.727-0500 [DEBUG] [org.gradle.cache.internal.DefaultFileLockManager] Waiting to acquire shared lock on daemon addresses registry.
2025-01-12T19:42:55.727-0500 [DEBUG] [org.gradle.cache.internal.DefaultFileLockManager] Lock acquired on daemon addresses registry.
2025-01-12T19:42:55.727-0500 [DEBUG] [org.gradle.cache.internal.DefaultFileLockManager] Releasing lock on daemon addresses registry.
2025-01-12T19:42:55.728-0500 [DEBUG] [org.gradle.cache.internal.DefaultFileLockManager] Waiting to acquire shared lock on daemon addresses registry.
2025-01-12T19:42:55.728-0500 [DEBUG] [org.gradle.cache.internal.DefaultFileLockManager] Lock acquired on daemon addresses registry.
2025-01-12T19:42:55.728-0500 [DEBUG] [org.gradle.cache.internal.DefaultFileLockManager] Releasing lock on daemon addresses registry.
2025-01-12T19:42:55.729-0500 [DEBUG] [org.gradle.cache.internal.DefaultFileLockManager] Waiting to acquire shared lock on daemon addresses registry.
2025-01-12T19:42:55.729-0500 [DEBUG] [org.gradle.cache.internal.DefaultFileLockManager] Lock acquired on daemon addresses registry.
2025-01-12T19:42:55.729-0500 [DEBUG] [org.gradle.cache.internal.DefaultFileLockManager] Releasing lock on daemon addresses registry.
2025-01-12T19:43:05.724-0500 [DEBUG] [org.gradle.cache.internal.DefaultFileLockManager] Waiting to acquire shared lock on daemon addresses registry.
2025-01-12T19:43:05.724-0500 [DEBUG] [org.gradle.cache.internal.DefaultFileLockManager] Lock acquired on daemon addresses registry.
2025-01-12T19:43:05.724-0500 [DEBUG] [org.gradle.cache.internal.DefaultFileLockManager] Releasing lock on daemon addresses registry.
2025-01-12T19:43:05.725-0500 [DEBUG] [org.gradle.cache.internal.DefaultFileLockManager] Waiting to acquire shared lock on daemon addresses registry.
2025-01-12T19:43:05.725-0500 [DEBUG] [org.gradle.cache.internal.DefaultFileLockManager] Lock acquired on daemon addresses registry.
2025-01-12T19:43:05.725-0500 [DEBUG] [org.gradle.cache.internal.DefaultFileLockManager] Releasing lock on daemon addresses registry.
2025-01-12T19:43:05.726-0500 [DEBUG] [org.gradle.cache.internal.DefaultFileLockManager] Waiting to acquire shared lock on daemon addresses registry.
2025-01-12T19:43:05.726-0500 [DEBUG] [org.gradle.cache.internal.DefaultFileLockManager] Lock acquired on daemon addresses registry.
2025-01-12T19:43:05.726-0500 [DEBUG] [org.gradle.cache.internal.DefaultFileLockManager] Releasing lock on daemon addresses registry.
2025-01-12T19:43:15.726-0500 [DEBUG] [org.gradle.cache.internal.DefaultFileLockManager] Waiting to acquire shared lock on daemon addresses registry.
2025-01-12T19:43:15.726-0500 [DEBUG] [org.gradle.cache.internal.DefaultFileLockManager] Lock acquired on daemon addresses registry.
2025-01-12T19:43:15.726-0500 [DEBUG] [org.gradle.cache.internal.DefaultFileLockManager] Releasing lock on daemon addresses registry.
2025-01-12T19:43:15.727-0500 [DEBUG] [org.gradle.cache.internal.DefaultFileLockManager] Waiting to acquire shared lock on daemon addresses registry.
2025-01-12T19:43:15.727-0500 [DEBUG] [org.gradle.cache.internal.DefaultFileLockManager] Lock acquired on daemon addresses registry.
2025-01-12T19:43:15.727-0500 [DEBUG] [org.gradle.cache.internal.DefaultFileLockManager] Releasing lock on daemon addresses registry.
2025-01-12T19:43:15.727-0500 [DEBUG] [org.gradle.cache.internal.DefaultFileLockManager] Waiting to acquire shared lock on daemon addresses registry.
2025-01-12T19:43:15.727-0500 [DEBUG] [org.gradle.cache.internal.DefaultFileLockManager] Lock acquired on daemon addresses registry.
2025-01-12T19:43:15.727-0500 [DEBUG] [org.gradle.cache.internal.DefaultFileLockManager] Releasing lock on daemon addresses registry.
2025-01-12T19:43:25.724-0500 [DEBUG] [org.gradle.cache.internal.DefaultFileLockManager] Waiting to acquire shared lock on daemon addresses registry.
2025-01-12T19:43:25.724-0500 [DEBUG] [org.gradle.cache.internal.DefaultFileLockManager] Lock acquired on daemon addresses registry.
2025-01-12T19:43:25.725-0500 [DEBUG] [org.gradle.cache.internal.DefaultFileLockManager] Releasing lock on daemon addresses registry.
2025-01-12T19:43:25.725-0500 [DEBUG] [org.gradle.cache.internal.DefaultFileLockManager] Waiting to acquire shared lock on daemon addresses registry.
2025-01-12T19:43:25.725-0500 [DEBUG] [org.gradle.cache.internal.DefaultFileLockManager] Lock acquired on daemon addresses registry.
2025-01-12T19:43:25.725-0500 [DEBUG] [org.gradle.cache.internal.DefaultFileLockManager] Releasing lock on daemon addresses registry.
2025-01-12T19:43:25.726-0500 [DEBUG] [org.gradle.cache.internal.DefaultFileLockManager] Waiting to acquire shared lock on daemon addresses registry.
2025-01-12T19:43:25.726-0500 [DEBUG] [org.gradle.cache.internal.DefaultFileLockManager] Lock acquired on daemon addresses registry.
2025-01-12T19:43:25.726-0500 [DEBUG] [org.gradle.cache.internal.DefaultFileLockManager] Releasing lock on daemon addresses registry.
2025-01-12T19:43:35.722-0500 [DEBUG] [org.gradle.cache.internal.DefaultFileLockManager] Waiting to acquire shared lock on daemon addresses registry.
2025-01-12T19:43:35.722-0500 [DEBUG] [org.gradle.cache.internal.DefaultFileLockManager] Lock acquired on daemon addresses registry.
2025-01-12T19:43:35.723-0500 [DEBUG] [org.gradle.cache.internal.DefaultFileLockManager] Releasing lock on daemon addresses registry.
2025-01-12T19:43:35.723-0500 [DEBUG] [org.gradle.cache.internal.DefaultFileLockManager] Waiting to acquire shared lock on daemon addresses registry.
2025-01-12T19:43:35.723-0500 [DEBUG] [org.gradle.cache.internal.DefaultFileLockManager] Lock acquired on daemon addresses registry.
2025-01-12T19:43:35.723-0500 [DEBUG] [org.gradle.cache.internal.DefaultFileLockManager] Releasing lock on daemon addresses registry.
2025-01-12T19:43:35.724-0500 [DEBUG] [org.gradle.cache.internal.DefaultFileLockManager] Waiting to acquire shared lock on daemon addresses registry.
2025-01-12T19:43:35.724-0500 [DEBUG] [org.gradle.cache.internal.DefaultFileLockManager] Lock acquired on daemon addresses registry.
2025-01-12T19:43:35.724-0500 [DEBUG] [org.gradle.cache.internal.DefaultFileLockManager] Releasing lock on daemon addresses registry.
2025-01-12T19:43:45.719-0500 [DEBUG] [org.gradle.cache.internal.DefaultFileLockManager] Waiting to acquire shared lock on daemon addresses registry.
2025-01-12T19:43:45.719-0500 [DEBUG] [org.gradle.cache.internal.DefaultFileLockManager] Lock acquired on daemon addresses registry.
2025-01-12T19:43:45.719-0500 [DEBUG] [org.gradle.cache.internal.DefaultFileLockManager] Releasing lock on daemon addresses registry.
2025-01-12T19:43:45.720-0500 [DEBUG] [org.gradle.cache.internal.DefaultFileLockManager] Waiting to acquire shared lock on daemon addresses registry.
2025-01-12T19:43:45.720-0500 [DEBUG] [org.gradle.cache.internal.DefaultFileLockManager] Lock acquired on daemon addresses registry.
2025-01-12T19:43:45.720-0500 [DEBUG] [org.gradle.cache.internal.DefaultFileLockManager] Releasing lock on daemon addresses registry.
2025-01-12T19:43:45.720-0500 [DEBUG] [org.gradle.cache.internal.DefaultFileLockManager] Waiting to acquire shared lock on daemon addresses registry.
2025-01-12T19:43:45.720-0500 [DEBUG] [org.gradle.cache.internal.DefaultFileLockManager] Lock acquired on daemon addresses registry.
2025-01-12T19:43:45.720-0500 [DEBUG] [org.gradle.cache.internal.DefaultFileLockManager] Releasing lock on daemon addresses registry.
2025-01-12T19:43:55.722-0500 [DEBUG] [org.gradle.cache.internal.DefaultFileLockManager] Waiting to acquire shared lock on daemon addresses registry.
2025-01-12T19:43:55.722-0500 [DEBUG] [org.gradle.cache.internal.DefaultFileLockManager] Lock acquired on daemon addresses registry.
2025-01-12T19:43:55.722-0500 [DEBUG] [org.gradle.cache.internal.DefaultFileLockManager] Releasing lock on daemon addresses registry.
2025-01-12T19:43:55.723-0500 [DEBUG] [org.gradle.cache.internal.DefaultFileLockManager] Waiting to acquire shared lock on daemon addresses registry.
2025-01-12T19:43:55.723-0500 [DEBUG] [org.gradle.cache.internal.DefaultFileLockManager] Lock acquired on daemon addresses registry.
2025-01-12T19:43:55.723-0500 [DEBUG] [org.gradle.cache.internal.DefaultFileLockManager] Releasing lock on daemon addresses registry.
2025-01-12T19:43:55.723-0500 [DEBUG] [org.gradle.cache.internal.DefaultFileLockManager] Waiting to acquire shared lock on daemon addresses registry.
2025-01-12T19:43:55.724-0500 [DEBUG] [org.gradle.cache.internal.DefaultFileLockManager] Lock acquired on daemon addresses registry.
2025-01-12T19:43:55.724-0500 [DEBUG] [org.gradle.cache.internal.DefaultFileLockManager] Releasing lock on daemon addresses registry.
2025-01-12T19:44:05.715-0500 [DEBUG] [org.gradle.cache.internal.DefaultFileLockManager] Waiting to acquire shared lock on daemon addresses registry.
2025-01-12T19:44:05.715-0500 [DEBUG] [org.gradle.cache.internal.DefaultFileLockManager] Lock acquired on daemon addresses registry.
2025-01-12T19:44:05.715-0500 [DEBUG] [org.gradle.cache.internal.DefaultFileLockManager] Releasing lock on daemon addresses registry.
2025-01-12T19:44:05.716-0500 [DEBUG] [org.gradle.cache.internal.DefaultFileLockManager] Waiting to acquire shared lock on daemon addresses registry.
2025-01-12T19:44:05.716-0500 [DEBUG] [org.gradle.cache.internal.DefaultFileLockManager] Lock acquired on daemon addresses registry.
2025-01-12T19:44:05.716-0500 [DEBUG] [org.gradle.cache.internal.DefaultFileLockManager] Releasing lock on daemon addresses registry.
2025-01-12T19:44:05.717-0500 [DEBUG] [org.gradle.cache.internal.DefaultFileLockManager] Waiting to acquire shared lock on daemon addresses registry.
2025-01-12T19:44:05.717-0500 [DEBUG] [org.gradle.cache.internal.DefaultFileLockManager] Lock acquired on daemon addresses registry.
2025-01-12T19:44:05.717-0500 [DEBUG] [org.gradle.cache.internal.DefaultFileLockManager] Releasing lock on daemon addresses registry.
2025-01-12T19:44:15.716-0500 [DEBUG] [org.gradle.cache.internal.DefaultFileLockManager] Waiting to acquire shared lock on daemon addresses registry.
2025-01-12T19:44:15.716-0500 [DEBUG] [org.gradle.cache.internal.DefaultFileLockManager] Lock acquired on daemon addresses registry.
2025-01-12T19:44:15.716-0500 [DEBUG] [org.gradle.cache.internal.DefaultFileLockManager] Releasing lock on daemon addresses registry.
2025-01-12T19:44:15.717-0500 [DEBUG] [org.gradle.cache.internal.DefaultFileLockManager] Waiting to acquire shared lock on daemon addresses registry.
2025-01-12T19:44:15.717-0500 [DEBUG] [org.gradle.cache.internal.DefaultFileLockManager] Lock acquired on daemon addresses registry.
2025-01-12T19:44:15.717-0500 [DEBUG] [org.gradle.cache.internal.DefaultFileLockManager] Releasing lock on daemon addresses registry.
2025-01-12T19:44:15.717-0500 [DEBUG] [org.gradle.cache.internal.DefaultFileLockManager] Waiting to acquire shared lock on daemon addresses registry.
2025-01-12T19:44:15.717-0500 [DEBUG] [org.gradle.cache.internal.DefaultFileLockManager] Lock acquired on daemon addresses registry.
2025-01-12T19:44:15.717-0500 [DEBUG] [org.gradle.cache.internal.DefaultFileLockManager] Releasing lock on daemon addresses registry.
2025-01-12T19:44:25.725-0500 [DEBUG] [org.gradle.cache.internal.DefaultFileLockManager] Waiting to acquire shared lock on daemon addresses registry.
2025-01-12T19:44:25.725-0500 [DEBUG] [org.gradle.cache.internal.DefaultFileLockManager] Lock acquired on daemon addresses registry.
2025-01-12T19:44:25.725-0500 [DEBUG] [org.gradle.cache.internal.DefaultFileLockManager] Releasing lock on daemon addresses registry.
2025-01-12T19:44:25.725-0500 [DEBUG] [org.gradle.cache.internal.DefaultFileLockManager] Waiting to acquire shared lock on daemon addresses registry.
2025-01-12T19:44:25.726-0500 [DEBUG] [org.gradle.cache.internal.DefaultFileLockManager] Lock acquired on daemon addresses registry.
2025-01-12T19:44:25.726-0500 [DEBUG] [org.gradle.cache.internal.DefaultFileLockManager] Releasing lock on daemon addresses registry.
2025-01-12T19:44:25.726-0500 [DEBUG] [org.gradle.cache.internal.DefaultFileLockManager] Waiting to acquire shared lock on daemon addresses registry.
2025-01-12T19:44:25.726-0500 [DEBUG] [org.gradle.cache.internal.DefaultFileLockManager] Lock acquired on daemon addresses registry.
2025-01-12T19:44:25.726-0500 [DEBUG] [org.gradle.cache.internal.DefaultFileLockManager] Releasing lock on daemon addresses registry.
2025-01-12T19:44:35.721-0500 [DEBUG] [org.gradle.cache.internal.DefaultFileLockManager] Waiting to acquire shared lock on daemon addresses registry.
2025-01-12T19:44:35.721-0500 [DEBUG] [org.gradle.cache.internal.DefaultFileLockManager] Lock acquired on daemon addresses registry.
2025-01-12T19:44:35.721-0500 [DEBUG] [org.gradle.cache.internal.DefaultFileLockManager] Releasing lock on daemon addresses registry.
2025-01-12T19:44:35.721-0500 [DEBUG] [org.gradle.cache.internal.DefaultFileLockManager] Waiting to acquire shared lock on daemon addresses registry.
2025-01-12T19:44:35.721-0500 [DEBUG] [org.gradle.cache.internal.DefaultFileLockManager] Lock acquired on daemon addresses registry.
2025-01-12T19:44:35.721-0500 [DEBUG] [org.gradle.cache.internal.DefaultFileLockManager] Releasing lock on daemon addresses registry.
2025-01-12T19:44:35.722-0500 [DEBUG] [org.gradle.cache.internal.DefaultFileLockManager] Waiting to acquire shared lock on daemon addresses registry.
2025-01-12T19:44:35.722-0500 [DEBUG] [org.gradle.cache.internal.DefaultFileLockManager] Lock acquired on daemon addresses registry.
2025-01-12T19:44:35.722-0500 [DEBUG] [org.gradle.cache.internal.DefaultFileLockManager] Releasing lock on daemon addresses registry.
2025-01-12T19:44:45.717-0500 [DEBUG] [org.gradle.cache.internal.DefaultFileLockManager] Waiting to acquire shared lock on daemon addresses registry.
2025-01-12T19:44:45.717-0500 [DEBUG] [org.gradle.cache.internal.DefaultFileLockManager] Lock acquired on daemon addresses registry.
2025-01-12T19:44:45.717-0500 [DEBUG] [org.gradle.cache.internal.DefaultFileLockManager] Releasing lock on daemon addresses registry.
2025-01-12T19:44:45.718-0500 [DEBUG] [org.gradle.cache.internal.DefaultFileLockManager] Waiting to acquire shared lock on daemon addresses registry.
2025-01-12T19:44:45.718-0500 [DEBUG] [org.gradle.cache.internal.DefaultFileLockManager] Lock acquired on daemon addresses registry.
2025-01-12T19:44:45.718-0500 [DEBUG] [org.gradle.cache.internal.DefaultFileLockManager] Releasing lock on daemon addresses registry.
2025-01-12T19:44:45.718-0500 [DEBUG] [org.gradle.cache.internal.DefaultFileLockManager] Waiting to acquire shared lock on daemon addresses registry.
2025-01-12T19:44:45.719-0500 [DEBUG] [org.gradle.cache.internal.DefaultFileLockManager] Lock acquired on daemon addresses registry.
2025-01-12T19:44:45.719-0500 [DEBUG] [org.gradle.cache.internal.DefaultFileLockManager] Releasing lock on daemon addresses registry.
2025-01-12T19:44:55.715-0500 [DEBUG] [org.gradle.cache.internal.DefaultFileLockManager] Waiting to acquire shared lock on daemon addresses registry.
2025-01-12T19:44:55.715-0500 [DEBUG] [org.gradle.cache.internal.DefaultFileLockManager] Lock acquired on daemon addresses registry.
2025-01-12T19:44:55.715-0500 [DEBUG] [org.gradle.cache.internal.DefaultFileLockManager] Releasing lock on daemon addresses registry.
2025-01-12T19:44:55.716-0500 [DEBUG] [org.gradle.cache.internal.DefaultFileLockManager] Waiting to acquire shared lock on daemon addresses registry.
2025-01-12T19:44:55.716-0500 [DEBUG] [org.gradle.cache.internal.DefaultFileLockManager] Lock acquired on daemon addresses registry.
2025-01-12T19:44:55.716-0500 [DEBUG] [org.gradle.cache.internal.DefaultFileLockManager] Releasing lock on daemon addresses registry.
2025-01-12T19:44:55.717-0500 [DEBUG] [org.gradle.cache.internal.DefaultFileLockManager] Waiting to acquire shared lock on daemon addresses registry.
2025-01-12T19:44:55.717-0500 [DEBUG] [org.gradle.cache.internal.DefaultFileLockManager] Lock acquired on daemon addresses registry.
2025-01-12T19:44:55.717-0500 [DEBUG] [org.gradle.cache.internal.DefaultFileLockManager] Releasing lock on daemon addresses registry.
2025-01-12T19:45:05.727-0500 [DEBUG] [org.gradle.cache.internal.DefaultFileLockManager] Waiting to acquire shared lock on daemon addresses registry.
2025-01-12T19:45:05.727-0500 [DEBUG] [org.gradle.cache.internal.DefaultFileLockManager] Lock acquired on daemon addresses registry.
2025-01-12T19:45:05.727-0500 [DEBUG] [org.gradle.cache.internal.DefaultFileLockManager] Releasing lock on daemon addresses registry.
2025-01-12T19:45:05.728-0500 [DEBUG] [org.gradle.cache.internal.DefaultFileLockManager] Waiting to acquire shared lock on daemon addresses registry.
2025-01-12T19:45:05.728-0500 [DEBUG] [org.gradle.cache.internal.DefaultFileLockManager] Lock acquired on daemon addresses registry.
2025-01-12T19:45:05.728-0500 [DEBUG] [org.gradle.cache.internal.DefaultFileLockManager] Releasing lock on daemon addresses registry.
2025-01-12T19:45:05.728-0500 [DEBUG] [org.gradle.cache.internal.DefaultFileLockManager] Waiting to acquire shared lock on daemon addresses registry.
2025-01-12T19:45:05.728-0500 [DEBUG] [org.gradle.cache.internal.DefaultFileLockManager] Lock acquired on daemon addresses registry.
2025-01-12T19:45:05.729-0500 [DEBUG] [org.gradle.cache.internal.DefaultFileLockManager] Releasing lock on daemon addresses registry.
2025-01-12T19:45:15.722-0500 [DEBUG] [org.gradle.cache.internal.DefaultFileLockManager] Waiting to acquire shared lock on daemon addresses registry.
2025-01-12T19:45:15.722-0500 [DEBUG] [org.gradle.cache.internal.DefaultFileLockManager] Lock acquired on daemon addresses registry.
2025-01-12T19:45:15.722-0500 [DEBUG] [org.gradle.cache.internal.DefaultFileLockManager] Releasing lock on daemon addresses registry.
2025-01-12T19:45:15.723-0500 [DEBUG] [org.gradle.cache.internal.DefaultFileLockManager] Waiting to acquire shared lock on daemon addresses registry.
2025-01-12T19:45:15.723-0500 [DEBUG] [org.gradle.cache.internal.DefaultFileLockManager] Lock acquired on daemon addresses registry.
2025-01-12T19:45:15.723-0500 [DEBUG] [org.gradle.cache.internal.DefaultFileLockManager] Releasing lock on daemon addresses registry.
2025-01-12T19:45:15.723-0500 [DEBUG] [org.gradle.cache.internal.DefaultFileLockManager] Waiting to acquire shared lock on daemon addresses registry.
2025-01-12T19:45:15.724-0500 [DEBUG] [org.gradle.cache.internal.DefaultFileLockManager] Lock acquired on daemon addresses registry.
2025-01-12T19:45:15.724-0500 [DEBUG] [org.gradle.cache.internal.DefaultFileLockManager] Releasing lock on daemon addresses registry.
2025-01-12T19:45:25.723-0500 [DEBUG] [org.gradle.cache.internal.DefaultFileLockManager] Waiting to acquire shared lock on daemon addresses registry.
2025-01-12T19:45:25.723-0500 [DEBUG] [org.gradle.cache.internal.DefaultFileLockManager] Lock acquired on daemon addresses registry.
2025-01-12T19:45:25.723-0500 [DEBUG] [org.gradle.cache.internal.DefaultFileLockManager] Releasing lock on daemon addresses registry.
2025-01-12T19:45:25.724-0500 [DEBUG] [org.gradle.cache.internal.DefaultFileLockManager] Waiting to acquire shared lock on daemon addresses registry.
2025-01-12T19:45:25.724-0500 [DEBUG] [org.gradle.cache.internal.DefaultFileLockManager] Lock acquired on daemon addresses registry.
2025-01-12T19:45:25.724-0500 [DEBUG] [org.gradle.cache.internal.DefaultFileLockManager] Releasing lock on daemon addresses registry.
2025-01-12T19:45:25.724-0500 [DEBUG] [org.gradle.cache.internal.DefaultFileLockManager] Waiting to acquire shared lock on daemon addresses registry.
2025-01-12T19:45:25.724-0500 [DEBUG] [org.gradle.cache.internal.DefaultFileLockManager] Lock acquired on daemon addresses registry.
2025-01-12T19:45:25.724-0500 [DEBUG] [org.gradle.cache.internal.DefaultFileLockManager] Releasing lock on daemon addresses registry.
2025-01-12T19:45:27.860-0500 [DEBUG] [org.gradle.internal.remote.internal.inet.TcpIncomingConnector] Accepted connection from /127.0.0.1:57274 to /127.0.0.1:50480.
2025-01-12T19:45:27.871-0500 [DEBUG] [org.gradle.launcher.daemon.server.SynchronizedDispatchConnection] thread 109: received class org.gradle.launcher.daemon.protocol.StopWhenIdle
2025-01-12T19:45:27.871-0500 [DEBUG] [org.gradle.launcher.daemon.server.DefaultDaemonConnection] thread 109: Received non-IO message from client: StopWhenIdle[id=51889db5-14eb-4bf3-a2fd-5dfdf01a50ea]
2025-01-12T19:45:27.871-0500 [INFO] [org.gradle.launcher.daemon.server.DefaultIncomingConnectionHandler] Received command: StopWhenIdle[id=51889db5-14eb-4bf3-a2fd-5dfdf01a50ea].
2025-01-12T19:45:27.871-0500 [DEBUG] [org.gradle.launcher.daemon.server.DefaultIncomingConnectionHandler] Starting executing command: StopWhenIdle[id=51889db5-14eb-4bf3-a2fd-5dfdf01a50ea] with connection: socket connection from /127.0.0.1:50480 to /127.0.0.1:57274.
2025-01-12T19:45:27.871-0500 [DEBUG] [org.gradle.launcher.daemon.server.DaemonRegistryUpdater] Storing daemon stop event: stop command received
2025-01-12T19:45:27.872-0500 [DEBUG] [org.gradle.launcher.daemon.registry.PersistentDaemonRegistry] Storing daemon stop event with timestamp 1736729127871
2025-01-12T19:45:27.873-0500 [DEBUG] [org.gradle.cache.internal.DefaultFileLockManager] Waiting to acquire exclusive lock on daemon addresses registry.
2025-01-12T19:45:27.873-0500 [DEBUG] [org.gradle.cache.internal.DefaultFileLockManager] Lock acquired on daemon addresses registry.
2025-01-12T19:45:27.874-0500 [DEBUG] [org.gradle.cache.internal.DefaultFileLockManager] Releasing lock on daemon addresses registry.
2025-01-12T19:45:27.875-0500 [LIFECYCLE] [org.gradle.launcher.daemon.server.DaemonStateCoordinator] Daemon will be stopped at the end of the build stop command received
2025-01-12T19:45:27.875-0500 [DEBUG] [org.gradle.launcher.daemon.server.DaemonStateCoordinator] Marking daemon stopped due to stop command received. The daemon is running a build: false
2025-01-12T19:45:27.875-0500 [DEBUG] [org.gradle.launcher.daemon.server.SynchronizedDispatchConnection] thread 108: dispatching Success[value=null]
2025-01-12T19:45:27.875-0500 [DEBUG] [org.gradle.launcher.daemon.server.DaemonStateCoordinator] daemon has stopped.
2025-01-12T19:45:27.875-0500 [DEBUG] [org.gradle.launcher.daemon.server.Daemon] stop() called on daemon
2025-01-12T19:45:27.875-0500 [INFO] [org.gradle.launcher.daemon.server.Daemon] Stop requested. Daemon is removing its presence from the registry...
2025-01-12T19:45:27.875-0500 [DEBUG] [org.gradle.launcher.daemon.server.DefaultIncomingConnectionHandler] Finishing executing command: StopWhenIdle[id=51889db5-14eb-4bf3-a2fd-5dfdf01a50ea]
2025-01-12T19:45:27.875-0500 [DEBUG] [org.gradle.launcher.daemon.server.DaemonRegistryUpdater] Removing our presence to clients, eg. removing this address from the registry: [e0055b28-ef8e-40a3-a01a-d0ca9b03dd25 port:50480, addresses:[localhost/127.0.0.1]]
2025-01-12T19:45:27.875-0500 [DEBUG] [org.gradle.launcher.daemon.registry.PersistentDaemonRegistry] Removing daemon address: [e0055b28-ef8e-40a3-a01a-d0ca9b03dd25 port:50480, addresses:[localhost/127.0.0.1]]
2025-01-12T19:45:27.875-0500 [DEBUG] [org.gradle.launcher.daemon.server.SynchronizedDispatchConnection] thread 109: received class org.gradle.launcher.daemon.protocol.Finished
2025-01-12T19:45:27.875-0500 [DEBUG] [org.gradle.launcher.daemon.server.DefaultDaemonConnection] thread 109: Received non-IO message from client: org.gradle.launcher.daemon.protocol.Finished@71e450ea
2025-01-12T19:45:27.875-0500 [DEBUG] [org.gradle.launcher.daemon.server.DefaultIncomingConnectionHandler] Received finished message: org.gradle.launcher.daemon.protocol.Finished@71e450ea
2025-01-12T19:45:27.875-0500 [DEBUG] [org.gradle.launcher.daemon.server.SynchronizedDispatchConnection] thread 108: stopping connection
2025-01-12T19:45:27.875-0500 [DEBUG] [org.gradle.internal.remote.internal.inet.SocketConnection] Discarding EOFException: java.io.EOFException
2025-01-12T19:45:27.875-0500 [DEBUG] [org.gradle.launcher.daemon.server.SynchronizedDispatchConnection] thread 109: received null
2025-01-12T19:45:27.875-0500 [DEBUG] [org.gradle.launcher.daemon.server.DefaultDaemonConnection] thread 109: Received end-of-input from client.
2025-01-12T19:45:27.876-0500 [DEBUG] [org.gradle.launcher.daemon.server.SynchronizedDispatchConnection] thread 108: stopping connection
2025-01-12T19:45:27.876-0500 [DEBUG] [org.gradle.cache.internal.DefaultFileLockManager] Waiting to acquire exclusive lock on daemon addresses registry.
2025-01-12T19:45:27.876-0500 [DEBUG] [org.gradle.cache.internal.DefaultFileLockManager] Lock acquired on daemon addresses registry.
2025-01-12T19:45:27.877-0500 [DEBUG] [org.gradle.cache.internal.DefaultFileLockManager] Releasing lock on daemon addresses registry.
2025-01-12T19:45:27.877-0500 [DEBUG] [org.gradle.launcher.daemon.server.DaemonRegistryUpdater] Address removed from registry.
2025-01-12T19:45:27.878-0500 [DEBUG] [org.gradle.cache.internal.LockOnDemandCrossProcessCacheAccess] Releasing file lock for jars (C:\Users\zemer\OneDrive - Drexel University\STAR Scholars\UnderWatch\Under Watch\caches\jars-9)
2025-01-12T19:45:27.878-0500 [DEBUG] [org.gradle.cache.internal.DefaultFileLockManager] Releasing lock on jars (C:\Users\zemer\OneDrive - Drexel University\STAR Scholars\UnderWatch\Under Watch\caches\jars-9).
2025-01-12T19:45:27.879-0500 [DEBUG] [org.gradle.cache.internal.DefaultCacheCoordinator] Cache Artifact transforms cache (C:\Users\zemer\OneDrive - Drexel University\STAR Scholars\UnderWatch\Under Watch\caches\transforms-3) was closed 0 times.
2025-01-12T19:45:27.880-0500 [DEBUG] [org.gradle.cache.internal.LockOnDemandCrossProcessCacheAccess] Releasing file lock for file content cache (C:\Users\zemer\OneDrive - Drexel University\STAR Scholars\UnderWatch\Under Watch\caches\8.5\fileContent)
2025-01-12T19:45:27.880-0500 [DEBUG] [org.gradle.cache.internal.DefaultFileLockManager] Releasing lock on file content cache (C:\Users\zemer\OneDrive - Drexel University\STAR Scholars\UnderWatch\Under Watch\caches\8.5\fileContent).
2025-01-12T19:45:27.881-0500 [DEBUG] [org.gradle.internal.watch.vfs.impl.WatchingVirtualFileSystem] Closing VFS, dropping state
2025-01-12T19:45:27.881-0500 [DEBUG] [org.gradle.cache.internal.DefaultCacheCoordinator] Cache Generated Gradle JARs cache (C:\Users\zemer\OneDrive - Drexel University\STAR Scholars\UnderWatch\Under Watch\caches\8.5\generated-gradle-jars) was closed 0 times.
2025-01-12T19:45:27.881-0500 [DEBUG] [org.gradle.internal.watch.registry.impl.DefaultFileWatcherRegistry] Finished listening to file system change events
2025-01-12T19:45:27.881-0500 [DEBUG] [org.gradle.cache.internal.LockOnDemandCrossProcessCacheAccess] Releasing file lock for artifact cache (C:\Users\zemer\OneDrive - Drexel University\STAR Scholars\UnderWatch\Under Watch\caches\modules-2)
2025-01-12T19:45:27.881-0500 [DEBUG] [org.gradle.cache.internal.DefaultFileLockManager] Releasing lock on artifact cache (C:\Users\zemer\OneDrive - Drexel University\STAR Scholars\UnderWatch\Under Watch\caches\modules-2).
2025-01-12T19:45:27.882-0500 [DEBUG] [org.gradle.cache.internal.LockOnDemandCrossProcessCacheAccess] Releasing file lock for journal cache (C:\Users\zemer\OneDrive - Drexel University\STAR Scholars\UnderWatch\Under Watch\caches\journal-1)
2025-01-12T19:45:27.883-0500 [DEBUG] [org.gradle.cache.internal.btree.BTreePersistentIndexedCache] Closing cache file-access.bin (C:\Users\zemer\OneDrive - Drexel University\STAR Scholars\UnderWatch\Under Watch\caches\journal-1\file-access.bin)
2025-01-12T19:45:27.883-0500 [DEBUG] [org.gradle.cache.internal.DefaultFileLockManager] Releasing lock on journal cache (C:\Users\zemer\OneDrive - Drexel University\STAR Scholars\UnderWatch\Under Watch\caches\journal-1).
2025-01-12T19:45:27.883-0500 [DEBUG] [org.gradle.cache.internal.LockOnDemandCrossProcessCacheAccess] Releasing file lock for file hash cache (C:\Users\zemer\OneDrive - Drexel University\STAR Scholars\UnderWatch\Under Watch\caches\8.5\fileHashes)
2025-01-12T19:45:27.883-0500 [DEBUG] [org.gradle.cache.internal.btree.BTreePersistentIndexedCache] Closing cache fileHashes.bin (C:\Users\zemer\OneDrive - Drexel University\STAR Scholars\UnderWatch\Under Watch\caches\8.5\fileHashes\fileHashes.bin)
2025-01-12T19:45:27.883-0500 [DEBUG] [org.gradle.cache.internal.DefaultFileLockManager] Releasing lock on file hash cache (C:\Users\zemer\OneDrive - Drexel University\STAR Scholars\UnderWatch\Under Watch\caches\8.5\fileHashes).
2025-01-12T19:45:27.884-0500 [DEBUG] [org.gradle.cache.internal.LockOnDemandCrossProcessCacheAccess] Releasing file lock for execution history cache (C:\Users\zemer\OneDrive - Drexel University\STAR Scholars\UnderWatch\Under Watch\caches\8.5\executionHistory)
2025-01-12T19:45:27.884-0500 [DEBUG] [org.gradle.cache.internal.DefaultFileLockManager] Releasing lock on execution history cache (C:\Users\zemer\OneDrive - Drexel University\STAR Scholars\UnderWatch\Under Watch\caches\8.5\executionHistory).
2025-01-12T19:45:27.885-0500 [DEBUG] [org.gradle.cache.internal.VersionSpecificCacheCleanupAction] Processed version-specific caches at C:\Users\zemer\OneDrive - Drexel University\STAR Scholars\UnderWatch\Under Watch\caches for cleanup in 0.0 secs
Daemon vm is shutting down... The daemon has exited normally or was terminated in response to a user interrupt.
2025-01-12T19:45:27.890-0500 [DEBUG] [org.gradle.launcher.daemon.registry.PersistentDaemonRegistry] Removing daemon address: [e0055b28-ef8e-40a3-a01a-d0ca9b03dd25 port:50480, addresses:[localhost/127.0.0.1]]
2025-01-12T19:45:27.891-0500 [DEBUG] [org.gradle.cache.internal.DefaultFileLockManager] Waiting to acquire exclusive lock on daemon addresses registry.
2025-01-12T19:45:27.891-0500 [DEBUG] [org.gradle.cache.internal.DefaultFileLockManager] Lock acquired on daemon addresses registry.
2025-01-12T19:45:27.891-0500 [DEBUG] [org.gradle.cache.internal.DefaultFileLockManager] Releasing lock on daemon addresses registry.
