{"cameraMode":{"drawMode":0,"name":"Shaded","section":"Shading Mode"},"sceneLighting":true,"audioPlay":false,"sceneViewState":{"m_AlwaysRefresh":false,"showFog":true,"showSkybox":true,"showFlares":true,"showImageEffects":true,"showParticleSystems":true,"showVisualEffectGraphs":true,"m_FxEnabled":true},"in2DMode":false,"pivot":{"x":432.0942687988281,"y":127.87968444824219,"z":-592.02392578125},"rotation":{"x":0.21214273571968079,"y":-0.021211860701441766,"z":0.004544918425381184,"w":0.9770328998565674},"size":190.6059112548828,"orthographic":false}