{"cameraMode":{"drawMode":0,"name":"Shaded","section":"Shading Mode"},"sceneLighting":true,"audioPlay":false,"sceneViewState":{"m_AlwaysRefresh":false,"showFog":true,"showSkybox":true,"showFlares":true,"showImageEffects":true,"showParticleSystems":true,"showVisualEffectGraphs":true,"m_FxEnabled":true},"in2DMode":false,"pivot":{"x":202.25125122070313,"y":522.4861450195313,"z":-43.502830505371097},"rotation":{"x":0.06726022809743881,"y":0.004794623237103224,"z":-0.0003257963981013745,"w":0.9977612495422363},"size":302.5851135253906,"orthographic":false}