{"cameraMode":{"drawMode":0,"name":"Shaded","section":"Shading Mode"},"sceneLighting":true,"audioPlay":false,"sceneViewState":{"m_AlwaysRefresh":false,"showFog":true,"showSkybox":true,"showFlares":true,"showImageEffects":true,"showParticleSystems":true,"showVisualEffectGraphs":true,"m_FxEnabled":true},"in2DMode":false,"pivot":{"x":224.11375427246095,"y":469.50616455078127,"z":-372.4438171386719},"rotation":{"x":0.06354464590549469,"y":-0.08442743122577667,"z":0.005336220841854811,"w":0.994422197341919},"size":171.63658142089845,"orthographic":false}