{"cameraMode":{"drawMode":0,"name":"Shaded","section":"Shading Mode"},"sceneLighting":true,"audioPlay":false,"sceneViewState":{"m_AlwaysRefresh":false,"showFog":true,"showSkybox":true,"showFlares":true,"showImageEffects":true,"showParticleSystems":true,"showVisualEffectGraphs":true,"m_FxEnabled":true},"in2DMode":false,"pivot":{"x":321.63897705078127,"y":449.6898193359375,"z":28.636131286621095},"rotation":{"x":0.011277393437922001,"y":-0.07411825656890869,"z":0.0008479139069095254,"w":0.9972038269042969},"size":485.33111572265627,"orthographic":false}