{"cameraMode":{"drawMode":0,"name":"Shaded","section":"Shading Mode"},"sceneLighting":true,"audioPlay":false,"sceneViewState":{"m_AlwaysRefresh":false,"showFog":true,"showSkybox":true,"showFlares":true,"showImageEffects":true,"showParticleSystems":true,"showVisualEffectGraphs":true,"m_FxEnabled":true},"in2DMode":false,"pivot":{"x":170.30203247070313,"y":219.22567749023438,"z":-6.348896026611328},"rotation":{"x":0.06726022809743881,"y":0.004794623237103224,"z":-0.0003257963981013745,"w":0.9977612495422363},"size":163.50177001953126,"orthographic":false}