{"cameraMode":{"drawMode":0,"name":"Shaded","section":"Shading Mode"},"sceneLighting":true,"audioPlay":false,"sceneViewState":{"m_AlwaysRefresh":false,"showFog":true,"showSkybox":true,"showFlares":true,"showImageEffects":true,"showParticleSystems":true,"showVisualEffectGraphs":true,"m_FxEnabled":true},"in2DMode":false,"pivot":{"x":131.66278076171876,"y":437.98504638671877,"z":-5.9129486083984379},"rotation":{"x":0.06726022809743881,"y":0.004794623237103224,"z":-0.0003257963981013745,"w":0.9977612495422363},"size":282.5488586425781,"orthographic":false}